site_id,branch_name,city,county,state,zip_code,latitude,longitude,branch_format,gross_floor_area_sqft,year_built,ownership,lease_type,electricity_paid_by,metering,hvac_system,heating_fuel,hvac_install_year,refrigerant,lighting,atm_count,atm_vestibule_24h,drive_thru_lanes,backup_generator,generator_fuel,onsite_solar_kw,weekly_operating_hours,data_tier
MNB-00001,Victorville Branch,Victorville,San Bernardino County,CA,92392,34.47552,-117.39599,full_service,4120,1981,leased,triple_net,bank,direct_utility_meter,rtu_gas_heat,natural_gas,2023,R-410A,led,3,True,1,False,n/a,0,53,1
MNB-00002,Mckinney Branch,Mckinney,Collin County,TX,75069,33.18108,-96.6245,full_service,3970,2020,leased,triple_net,bank,direct_utility_meter,rtu_gas_heat,natural_gas,2020,R-410A,mixed,1,False,2,False,n/a,0,47,1
MNB-00003,Moreno Valley Branch,Moreno Valley,Riverside County,CA,92553,33.92332,-117.2309,full_service,4870,1975,owned,n/a,bank,direct_utility_meter,rtu_gas_heat,natural_gas,2012,R-410A,mixed,4,False,3,False,n/a,0,53,1
MNB-00004,Brookfield Branch,Brookfield,Waukesha County,WI,53005,43.05953,-88.09886,full_service,5650,2016,leased,triple_net,bank,direct_utility_meter,rtu_gas_heat,natural_gas,2022,R-410A,led,2,False,0,False,n/a,0,43,2
MNB-00005,Hollidaysburg Branch,Hollidaysburg,Blair County,PA,16648,40.42105,-78.38123,full_service,4390,1972,owned,n/a,bank,direct_utility_meter,split_ac_gas_furnace,natural_gas,2017,R-410A,mixed,4,True,2,False,n/a,0,53,1
MNB-00006,Eielson Afb Branch,Eielson AFB,Fairbanks North Star Borough,AK,99702,64.69021,-146.67441,in_store,470,2005,leased,full_gross,landlord,landlord_submeter,host_building_system,unknown,,unknown,mixed,1,False,0,False,n/a,0,75,1
MNB-00007,Baltimore Branch,Baltimore,Baltimore city,MD,21214,39.35586,-76.54781,drive_thru_only,1020,1993,owned,n/a,bank,direct_utility_meter,rtu_gas_heat,propane,2000,R-22,led,4,False,2,False,n/a,0,54,1
MNB-00008,Hazen Branch,Hazen,Prairie County,AR,72064,34.79386,-91.57428,full_service,8000,1963,owned,n/a,bank,direct_utility_meter,heat_pump,electricity,2007,R-22,led,2,False,1,True,diesel,0,49,1
MNB-00009,Greenway Branch,Greenway,Clay County,AR,72430,36.35876,-90.23741,full_service,6880,1965,leased,full_gross,landlord,landlord_submeter,rtu_gas_heat,natural_gas,2010,R-410A,mixed,1,False,3,False,n/a,0,48,3
MNB-00010,Lakeside Branch,Lakeside,Litchfield County,CT,06758,41.71037,-73.23834,in_store,350,1980,leased,full_gross,landlord,shared_unmetered,host_building_system,unknown,,unknown,fluorescent,0,False,0,False,n/a,0,68,2
MNB-00011,Welch Branch,Welch,Dawson County,TX,79377,32.93477,-102.12955,full_service,4280,2012,leased,full_gross,landlord,shared_unmetered,split_ac_gas_furnace,natural_gas,2021,R-410A,mixed,4,True,0,False,n/a,0,47,2
MNB-00012,Mattawa Branch,Mattawa,Grant County,WA,99349,46.71913,-119.73685,full_service,5550,2010,leased,full_gross,landlord,landlord_submeter,rtu_gas_heat,natural_gas,2010,R-410A,mixed,1,True,3,False,n/a,0,52,2
MNB-00013,Waleska Branch,Waleska,Cherokee County,GA,30183,34.29612,-84.55858,in_store,620,1973,leased,modified_gross,bank,direct_utility_meter,host_building_system,unknown,,unknown,fluorescent,1,False,0,False,n/a,0,75,1
MNB-00014,Persia Branch,Persia,Harrison County,IA,51563,41.56791,-95.57037,full_service,3650,1994,owned,n/a,bank,direct_utility_meter,split_ac_gas_furnace,natural_gas,2002,R-22,fluorescent,2,False,0,False,n/a,0,43,1
MNB-00015,Yakima Branch,Yakima,Yakima County,WA,98901,46.59234,-120.48886,drive_thru_only,930,1962,owned,n/a,bank,direct_utility_meter,heat_pump,electricity,2010,R-410A,mixed,2,True,2,False,n/a,0,47,1
MNB-00016,Floresville Branch,Floresville,Wilson County,TX,78114,29.16432,-98.21569,full_service,4950,2009,leased,full_gross,landlord,landlord_submeter,heat_pump,electricity,2009,R-22,led,4,True,3,True,diesel,0,42,3
MNB-00017,Tifton Branch,Tifton,Tift County,GA,31793,31.45455,-83.58617,full_service,2970,2014,leased,full_gross,landlord,shared_unmetered,rtu_electric_heat,electricity,2014,R-410A,led,3,False,0,False,n/a,0,53,3
MNB-00018,Dunlap Branch,Dunlap,Fresno County,CA,93621,36.74291,-119.06597,full_service,5990,2019,leased,modified_gross,landlord,landlord_submeter,rtu_gas_heat,natural_gas,2023,R-410A,led,1,False,2,True,diesel,0,52,3
MNB-00019,Malibu Branch,Malibu,Los Angeles County,CA,90265,34.05299,-118.73649,full_service,4130,2019,leased,full_gross,landlord,shared_unmetered,rtu_gas_heat,natural_gas,2019,R-410A,led,2,False,3,True,diesel,0,44,3
MNB-00020,Oak Run Branch,Oak Run,Shasta County,CA,96069,40.68818,-122.0617,full_service,3170,1984,leased,modified_gross,bank,landlord_submeter,rtu_gas_heat,natural_gas,2008,R-22,mixed,1,True,2,False,n/a,0,43,3
MNB-00021,Waynetown Branch,Waynetown,Montgomery County,IN,47990,40.0839,-87.05595,express,2380,1977,leased,modified_gross,landlord,landlord_submeter,split_ac_gas_furnace,natural_gas,2009,R-22,led,3,False,0,False,n/a,0,42,3
MNB-00022,Howland Branch,Howland,Penobscot County,ME,04448,45.23317,-68.64915,express,1220,2019,leased,triple_net,bank,direct_utility_meter,rtu_gas_heat,natural_gas,2019,R-410A,led,3,True,0,False,n/a,0,43,1
MNB-00023,Bynum Branch,Bynum,Hill County,TX,76631,31.9706,-96.97919,drive_thru_only,870,1967,leased,triple_net,bank,direct_utility_meter,rtu_gas_heat,natural_gas,2020,R-410A,mixed,3,True,1,False,n/a,0,48,3
MNB-00024,Pocomoke City Branch,Pocomoke City,Worcester County,MD,21851,38.06556,-75.56507,full_service,3530,1958,owned,n/a,bank,direct_utility_meter,rtu_gas_heat,natural_gas,2012,R-410A,fluorescent,2,False,0,True,diesel,0,54,1
MNB-00025,Valhalla Branch,Valhalla,Westchester County,NY,10595,41.08495,-73.78582,full_service,7990,1982,owned,n/a,bank,direct_utility_meter,rtu_gas_heat,natural_gas,2015,R-410A,led,3,True,0,False,n/a,0,49,3
MNB-00026,Bluffton Branch,Bluffton,Yell County,AR,72827,34.92282,-93.59862,drive_thru_only,840,2012,leased,triple_net,bank,direct_utility_meter,heat_pump,electricity,2013,R-410A,led,1,False,0,False,n/a,0,50,1
MNB-00027,Prichard Branch,Prichard,Wayne County,WV,25555,38.23156,-82.57097,in_store,370,2008,leased,full_gross,landlord,landlord_submeter,host_building_system,unknown,,unknown,fluorescent,1,False,0,False,n/a,0,73,3
MNB-00028,Calhoun Branch,Calhoun,McMinn County,TN,37309,35.33459,-84.72034,full_service,3520,2024,owned,n/a,bank,direct_utility_meter,rtu_gas_heat,natural_gas,2024,R-410A,led,3,False,0,False,n/a,0,47,1
MNB-00029,Crocker Branch,Crocker,Pulaski County,MO,65452,37.93861,-92.25737,express,2010,1986,leased,triple_net,bank,direct_utility_meter,rtu_gas_heat,propane,2018,R-410A,mixed,1,False,0,False,n/a,0,52,1
MNB-00030,Eureka Branch,Eureka,Woodford County,IL,61530,40.70098,-89.26513,full_service,5310,1979,owned,n/a,bank,landlord_submeter,split_ac_gas_furnace,natural_gas,2023,R-410A,mixed,3,True,1,True,diesel,0,53,2
MNB-00031,Watchung Branch,Watchung,Somerset County,NJ,07069,40.62622,-74.46738,full_service,8000,1987,leased,triple_net,bank,direct_utility_meter,split_ac_gas_furnace,natural_gas,2007,R-22,led,4,True,2,False,n/a,0,50,2
MNB-00032,Blanchard Branch,Blanchard,Bonner County,ID,83804,48.0136,-117.00684,express,2550,2013,leased,full_gross,landlord,shared_unmetered,rtu_gas_heat,natural_gas,2013,R-410A,led,3,True,0,False,n/a,0,45,3
MNB-00033,Barronett Branch,Barronett,Barron County,WI,54813,45.64454,-92.0132,full_service,4440,1974,owned,n/a,bank,direct_utility_meter,split_ac_gas_furnace,natural_gas,2018,R-410A,fluorescent,1,False,3,False,n/a,0,53,1
MNB-00034,Brooklyn Branch,Brooklyn,Kings County,NY,11237,40.69074,-73.93415,full_service,3210,2022,leased,modified_gross,landlord,landlord_submeter,split_ac_gas_furnace,natural_gas,2022,R-410A,led,2,True,0,True,diesel,0,47,3
MNB-00035,Malden Bridge Branch,Malden Bridge,Columbia County,NY,12115,42.48256,-73.58341,full_service,6830,1997,leased,modified_gross,landlord,landlord_submeter,rtu_gas_heat,natural_gas,2010,R-410A,mixed,3,False,0,True,diesel,0,49,2
MNB-00036,Tucson Branch,Tucson,Pima County,AZ,85713,32.18326,-110.97025,flagship,12080,2013,leased,triple_net,bank,direct_utility_meter,rtu_electric_heat,electricity,2024,R-410A,led,3,False,0,True,diesel,0,58,1
MNB-00037,North Palm Beach Branch,North Palm Beach,Palm Beach County,FL,33408,26.84008,-80.07395,full_service,3440,2016,leased,modified_gross,bank,direct_utility_meter,heat_pump,electricity,2016,R-410A,led,4,False,1,False,n/a,0,50,2
MNB-00038,Osakis Branch,Osakis,Douglas County,MN,56360,45.88142,-95.14549,in_store,580,1995,leased,modified_gross,bank,direct_utility_meter,host_building_system,unknown,,unknown,fluorescent,0,False,0,False,n/a,0,66,2
MNB-00039,Islip Terrace Branch,Islip Terrace,Suffolk County,NY,11752,40.75292,-73.18383,full_service,2880,2011,leased,full_gross,landlord,landlord_submeter,split_ac_gas_furnace,natural_gas,2011,R-410A,led,3,False,2,True,diesel,0,50,2
MNB-00040,Coulee Dam Branch,Coulee Dam,Okanogan County,WA,99116,48.03741,-118.93586,full_service,3650,1986,leased,triple_net,bank,direct_utility_meter,rtu_gas_heat,natural_gas,2023,R-410A,fluorescent,4,False,2,False,n/a,0,51,1
MNB-00041,Winchester Branch,Winchester,Cheshire County,NH,03470,42.77094,-72.33126,full_service,3910,2015,owned,n/a,bank,direct_utility_meter,rtu_gas_heat,natural_gas,2015,R-410A,led,2,True,2,False,n/a,0,45,1
MNB-00042,Tallahassee Branch,Tallahassee,Leon County,FL,32303,30.49275,-84.31162,full_service,5220,2015,owned,n/a,bank,direct_utility_meter,rtu_gas_heat,natural_gas,2020,R-410A,led,3,False,0,False,n/a,0,50,1
MNB-00043,New Kensington Branch,New Kensington,Westmoreland County,PA,15068,40.55614,-79.71202,full_service,3730,2000,owned,n/a,bank,direct_utility_meter,split_ac_gas_furnace,natural_gas,2019,R-410A,mixed,2,False,1,False,n/a,0,54,1
MNB-00044,Riverside Branch,Riverside,Riverside County,CA,92501,33.97769,-117.37835,full_service,2870,1974,owned,n/a,bank,direct_utility_meter,heat_pump,electricity,2018,R-410A,fluorescent,3,False,2,True,diesel,0,51,1
MNB-00045,Erie Branch,Erie,Erie County,PA,16506,42.05846,-80.16125,full_service,2590,2023,leased,triple_net,bank,landlord_submeter,heat_pump,electricity,2023,R-410A,mixed,3,False,0,False,n/a,0,46,1
MNB-00046,Bertram Branch,Bertram,Burnet County,TX,78605,30.74317,-98.05903,full_service,4470,2022,leased,triple_net,bank,landlord_submeter,rtu_electric_heat,electricity,2022,R-410A,led,3,False,3,False,n/a,0,46,1
MNB-00047,Cambridge Branch,Cambridge,Isanti County,MN,55008,45.57655,-93.28398,in_store,660,2004,leased,full_gross,landlord,shared_unmetered,host_building_system,unknown,,unknown,fluorescent,0,False,0,False,n/a,0,66,3
MNB-00048,Tempe Branch,Tempe,Maricopa County,AZ,85282,33.39362,-111.92086,drive_thru_only,870,2024,owned,n/a,bank,direct_utility_meter,heat_pump,electricity,2024,R-410A,led,4,False,3,False,n/a,0,49,3
MNB-00049,Glendale Branch,Glendale,Maricopa County,AZ,85306,33.62248,-112.2028,full_service,3650,1996,leased,full_gross,landlord,shared_unmetered,heat_pump,electricity,2009,R-22,mixed,3,True,1,True,diesel,0,54,3
MNB-00050,Smock Branch,Smock,Fayette County,PA,15480,39.99953,-79.77723,full_service,4710,1987,leased,triple_net,bank,landlord_submeter,rtu_gas_heat,natural_gas,2002,R-22,fluorescent,1,False,2,False,n/a,0,49,1
MNB-00051,Boca Raton Branch,Boca Raton,Palm Beach County,FL,33487,26.42727,-80.07835,full_service,6370,1993,owned,n/a,bank,direct_utility_meter,rtu_gas_heat,natural_gas,2014,R-410A,mixed,3,True,3,False,n/a,0,44,1
MNB-00052,Dorchester Branch,Dorchester,Clark County,WI,54425,45.00683,-90.35865,full_service,3320,1956,leased,triple_net,bank,direct_utility_meter,split_ac_gas_furnace,natural_gas,2008,R-22,mixed,2,True,2,True,diesel,0,53,1
MNB-00053,Oceanside Branch,Oceanside,San Diego County,CA,92054,33.20227,-117.3743,full_service,4310,1999,owned,n/a,bank,direct_utility_meter,rtu_gas_heat,natural_gas,2023,R-410A,fluorescent,3,True,1,False,n/a,0,42,1
MNB-00054,Worthington Branch,Worthington,Hampshire County,MA,01098,42.40348,-72.91893,full_service,5590,2006,leased,triple_net,bank,direct_utility_meter,split_ac_gas_furnace,natural_gas,2019,R-410A,led,1,False,3,False,n/a,0,45,1
MNB-00055,Chatsworth Branch,Chatsworth,Los Angeles County,CA,91311,34.26345,-118.59175,full_service,3320,1963,owned,n/a,bank,direct_utility_meter,boiler_with_split_ac,natural_gas,2004,R-22,mixed,4,True,0,False,n/a,0,48,2
MNB-00056,Miami Branch,Miami,Miami-Dade County,FL,33175,25.75253,-80.40219,full_service,4180,1978,leased,modified_gross,bank,direct_utility_meter,heat_pump,electricity,2008,R-22,led,4,False,0,True,diesel,0,43,1
MNB-00057,Englishtown Branch,Englishtown,Monmouth County,NJ,07726,40.2847,-74.33761,flagship,13780,2010,leased,triple_net,bank,direct_utility_meter,rtu_gas_heat,natural_gas,2010,R-410A,fluorescent,3,False,0,True,diesel,0,59,2
MNB-00058,Patoka Branch,Patoka,Gibson County,IN,47666,38.39961,-87.60021,full_service,2830,2014,leased,triple_net,bank,direct_utility_meter,rtu_gas_heat,natural_gas,2014,R-410A,led,4,False,0,False,n/a,0,46,1
MNB-00059,Pierre Branch,Pierre,Hughes County,SD,57501,44.35308,-100.32983,full_service,4410,2024,owned,n/a,bank,direct_utility_meter,rtu_gas_heat,natural_gas,2024,R-410A,led,4,False,1,False,n/a,0,45,2
MNB-00060,Germantown Branch,Germantown,Washington County,WI,53022,43.23871,-88.09104,full_service,4230,1977,owned,n/a,bank,direct_utility_meter,rtu_gas_heat,natural_gas,1999,R-22,fluorescent,1,False,2,False,n/a,0,51,2
MNB-00061,Olivehill Branch,Olivehill,Hardin County,TN,38475,35.28738,-88.02696,in_store,740,2016,leased,modified_gross,landlord,landlord_submeter,host_building_system,unknown,,unknown,mixed,1,False,0,False,n/a,0,69,3
MNB-00062,Lynn Haven Branch,Lynn Haven,Bay County,FL,32444,30.23405,-85.63684,full_service,2940,1970,owned,n/a,bank,direct_utility_meter,heat_pump,electricity,2010,R-410A,fluorescent,4,False,1,False,n/a,0,48,2
MNB-00063,Round Lake Branch,Round Lake,Saratoga County,NY,12151,42.9201,-73.77898,full_service,4210,1966,owned,n/a,bank,direct_utility_meter,split_ac_gas_furnace,natural_gas,2010,R-410A,led,1,False,3,False,n/a,0,48,1
MNB-00064,Moody Branch,Moody,McLennan County,TX,76557,31.27084,-97.42204,in_store,910,2010,leased,full_gross,landlord,shared_unmetered,host_building_system,unknown,,unknown,fluorescent,0,False,0,False,n/a,0,64,1
MNB-00065,Branchville Branch,Branchville,Sussex County,NJ,07826,41.15722,-74.73467,full_service,7830,1992,leased,triple_net,bank,direct_utility_meter,rtu_gas_heat,propane,2014,R-410A,led,4,False,1,False,n/a,0,49,1
MNB-00066,Henderson Branch,Henderson,Mills County,IA,51541,41.11466,-95.46872,full_service,6160,2014,leased,full_gross,landlord,shared_unmetered,rtu_gas_heat,natural_gas,2018,R-410A,fluorescent,4,True,3,False,n/a,0,43,3
MNB-00067,Woodville Branch,Woodville,Rappahannock County,VA,22749,38.65592,-78.1705,full_service,2950,1980,owned,n/a,bank,direct_utility_meter,rtu_gas_heat,natural_gas,2009,R-22,fluorescent,4,False,3,False,n/a,0,43,1
MNB-00068,Lake Elsinore Branch,Lake Elsinore,Riverside County,CA,92532,33.68796,-117.32267,in_store,720,1974,leased,full_gross,landlord,landlord_submeter,host_building_system,unknown,,unknown,mixed,1,False,0,False,n/a,0,66,3
MNB-00069,Currie Branch,Currie,Murray County,MN,56123,44.09454,-95.71979,flagship,11530,1999,leased,full_gross,landlord,landlord_submeter,rtu_gas_heat,natural_gas,2024,R-410A,led,1,False,0,True,diesel,0,59,3
MNB-00070,Grady Branch,Grady,Montgomery County,AL,36036,32.01744,-86.12538,drive_thru_only,1070,1964,owned,n/a,bank,direct_utility_meter,heat_pump,electricity,2011,R-410A,led,1,True,3,False,n/a,0,48,3
MNB-00071,Energy Branch,Energy,Williamson County,IL,62933,37.77665,-89.03471,full_service,3330,1980,owned,n/a,bank,direct_utility_meter,split_ac_gas_furnace,natural_gas,2015,R-410A,fluorescent,4,True,3,True,diesel,0,53,1
MNB-00072,Stewart Branch,Stewart,Houston County,TN,37175,36.34099,-87.89637,full_service,2510,1969,owned,n/a,bank,direct_utility_meter,heat_pump,electricity,2019,R-410A,led,2,False,1,False,n/a,0,47,1
MNB-00073,Elm Mott Branch,Elm Mott,McLennan County,TX,76640,31.67359,-97.10731,full_service,3780,1983,leased,full_gross,landlord,landlord_submeter,rtu_gas_heat,natural_gas,2013,R-410A,fluorescent,1,False,1,False,n/a,0,54,3
MNB-00074,Shorterville Branch,Shorterville,Henry County,AL,36373,31.50873,-85.08806,drive_thru_only,1190,2012,owned,n/a,bank,direct_utility_meter,heat_pump,electricity,2012,R-410A,led,2,False,1,False,n/a,0,45,1
MNB-00075,Lake City Branch,Lake City,Columbia County,FL,32055,30.2456,-82.60873,express,1930,1965,leased,full_gross,landlord,shared_unmetered,split_ac_gas_furnace,natural_gas,2016,R-410A,led,1,False,0,False,n/a,0,51,3
MNB-00076,Johnstown Branch,Johnstown,Cambria County,PA,15901,40.32542,-78.91719,drive_thru_only,1100,2003,owned,n/a,bank,direct_utility_meter,rtu_gas_heat,natural_gas,2021,R-410A,led,3,False,1,False,n/a,0,51,1
MNB-00077,Fritch Branch,Fritch,Hutchinson County,TX,79036,35.63398,-101.58439,full_service,4480,2001,owned,n/a,bank,direct_utility_meter,heat_pump,electricity,2016,R-410A,led,4,True,3,False,n/a,0,42,1
MNB-00078,Indianapolis Branch,Indianapolis,Marion County,IN,46204,39.75737,-86.14285,in_store,710,1998,leased,full_gross,landlord,shared_unmetered,host_building_system,unknown,,unknown,led,0,False,0,False,n/a,0,74,3
MNB-00079,San Clemente Branch,San Clemente,Orange County,CA,92673,33.45096,-117.62403,express,2050,1995,leased,modified_gross,bank,direct_utility_meter,split_ac_gas_furnace,natural_gas,2005,R-22,fluorescent,3,False,0,False,n/a,0,49,1
MNB-00080,Brownsville Branch,Brownsville,Edmonson County,KY,42210,37.21889,-86.29642,in_store,600,2006,leased,modified_gross,landlord,shared_unmetered,host_building_system,unknown,,unknown,led,0,False,0,False,n/a,0,75,3
MNB-00081,Williamstown Branch,Williamstown,Hancock County,OH,45897,40.84499,-83.65139,in_store,660,2017,leased,full_gross,landlord,shared_unmetered,host_building_system,unknown,,unknown,led,1,False,0,False,n/a,0,67,3
MNB-00082,Avenal Branch,Avenal,Kings County,CA,93204,35.97178,-120.11909,full_service,7080,1969,owned,n/a,bank,direct_utility_meter,heat_pump,electricity,1998,R-22,led,3,False,2,False,n/a,0,47,2
MNB-00083,New Sharon Branch,New Sharon,Mahaska County,IA,50207,41.46437,-92.67815,full_service,4380,2015,leased,full_gross,landlord,shared_unmetered,rtu_gas_heat,natural_gas,2015,R-410A,mixed,2,False,2,False,n/a,0,44,2
MNB-00084,Vernon Rockville Branch,Vernon Rockville,Tolland County,CT,06066,41.83069,-72.4649,full_service,4250,1958,owned,n/a,bank,direct_utility_meter,rtu_gas_heat,natural_gas,2021,R-410A,led,2,False,2,False,n/a,0,48,1
MNB-00085,Houston Branch,Houston,Harris County,TX,77025,29.68497,-95.43554,full_service,4330,1995,leased,modified_gross,bank,direct_utility_meter,heat_pump,electricity,1999,R-22,mixed,1,False,0,False,n/a,0,47,1
MNB-00086,Stamford Branch,Stamford,Fairfield County,CT,06906,41.08123,-73.50704,drive_thru_only,940,1997,leased,triple_net,bank,direct_utility_meter,split_ac_gas_furnace,natural_gas,2015,R-410A,mixed,2,True,1,False,n/a,0,46,1
MNB-00087,Paris Branch,Paris,Lamar County,TX,75460,33.66456,-95.52339,express,1610,1972,leased,triple_net,bank,landlord_submeter,rtu_gas_heat,natural_gas,2019,R-410A,led,3,False,0,False,n/a,0,49,1
MNB-00088,Amherst Branch,Amherst,Hampshire County,MA,01002,42.38315,-72.45887,drive_thru_only,1050,1961,owned,n/a,bank,direct_utility_meter,split_ac_gas_furnace,natural_gas,2022,R-410A,fluorescent,4,False,2,False,n/a,0,46,1
MNB-00089,Parlin Branch,Parlin,Middlesex County,NJ,08859,40.45685,-74.28437,full_service,3600,1960,owned,n/a,bank,direct_utility_meter,rtu_gas_heat,natural_gas,2019,R-410A,fluorescent,1,True,0,False,n/a,0,44,2
MNB-00090,Fletcher Branch,Fletcher,Henderson County,NC,28732,35.44155,-82.50124,full_service,4020,1955,leased,full_gross,landlord,landlord_submeter,rtu_gas_heat,propane,2000,R-22,mixed,3,True,1,False,n/a,0,47,3
MNB-00091,South Bend Branch,South Bend,St. Joseph County,IN,46614,41.62281,-86.22382,full_service,3310,2001,leased,modified_gross,bank,direct_utility_meter,rtu_gas_heat,natural_gas,2002,R-22,led,3,True,2,True,diesel,0,52,2
MNB-00092,Aztec Branch,Aztec,San Juan County,NM,87410,36.82341,-108.00449,drive_thru_only,1020,1968,owned,n/a,bank,direct_utility_meter,rtu_electric_heat,electricity,2024,R-410A,mixed,4,False,0,False,n/a,14,54,3
MNB-00093,San Benito Branch,San Benito,Cameron County,TX,78586,26.13582,-97.60545,in_store,750,2015,leased,full_gross,landlord,shared_unmetered,host_building_system,unknown,,unknown,led,0,False,0,False,n/a,0,76,3
MNB-00094,Colorado Springs Branch,Colorado Springs,El Paso County,CO,80917,38.87299,-104.75421,flagship,12860,2019,owned,n/a,bank,direct_utility_meter,rtu_gas_heat,natural_gas,2024,R-410A,led,1,True,0,True,diesel,0,55,1
MNB-00095,Saint Paul Branch,Saint Paul,Dakota County,MN,55122,44.80389,-93.20597,full_service,2290,1981,owned,n/a,bank,direct_utility_meter,rtu_gas_heat,natural_gas,2023,R-410A,fluorescent,4,False,0,False,n/a,0,54,1
MNB-00096,Appling Branch,Appling,Columbia County,GA,30802,33.62984,-82.28057,full_service,5010,1969,owned,n/a,bank,direct_utility_meter,heat_pump,electricity,2005,R-22,mixed,1,True,3,False,n/a,0,47,1
MNB-00097,Big Rock Branch,Big Rock,Kane County,IL,60511,41.78951,-88.53283,drive_thru_only,1030,1990,owned,n/a,bank,direct_utility_meter,rtu_gas_heat,natural_gas,2019,R-410A,mixed,1,False,2,False,n/a,0,48,1
MNB-00098,Wallsburg Branch,Wallsburg,Wasatch County,UT,84082,40.38822,-111.4415,full_service,3110,2018,leased,triple_net,bank,direct_utility_meter,split_ac_gas_furnace,natural_gas,2018,R-410A,fluorescent,2,False,2,False,n/a,0,42,1
MNB-00099,Fancy Farm Branch,Fancy Farm,Graves County,KY,42039,36.76646,-88.79982,flagship,19070,1989,owned,n/a,bank,direct_utility_meter,split_ac_gas_furnace,natural_gas,2001,R-22,led,2,False,0,True,diesel,0,52,1
MNB-00100,Elba Branch,Elba,Coffee County,AL,36323,31.41025,-86.06684,full_service,2760,1963,owned,n/a,bank,direct_utility_meter,rtu_gas_heat,natural_gas,2008,R-22,mixed,1,True,0,False,n/a,0,45,2
MNB-00101,La Mesa Branch,La Mesa,San Diego County,CA,91941,32.74284,-116.99755,full_service,5740,2024,owned,n/a,bank,direct_utility_meter,rtu_gas_heat,natural_gas,2024,R-410A,led,1,False,0,True,diesel,0,44,1
MNB-00102,Castorland Branch,Castorland,Lewis County,NY,13620,43.87721,-75.45194,full_service,4120,1996,owned,n/a,bank,direct_utility_meter,split_ac_gas_furnace,natural_gas,2009,R-22,mixed,3,True,0,False,n/a,0,47,2
MNB-00103,Springfield Branch,Springfield,Union County,NJ,07081,40.70529,-74.33423,express,1020,1985,leased,triple_net,bank,landlord_submeter,split_ac_gas_furnace,natural_gas,2005,R-22,fluorescent,1,False,0,False,n/a,0,49,1
MNB-00104,Gold Canyon Branch,Gold Canyon,Pinal County,AZ,85118,33.34287,-111.33331,in_store,670,2019,leased,full_gross,landlord,landlord_submeter,host_building_system,unknown,,unknown,fluorescent,1,False,0,False,n/a,0,60,2
MNB-00105,Kingston Branch,Kingston,Ross County,OH,45644,39.43265,-82.83405,in_store,580,2021,leased,full_gross,landlord,shared_unmetered,host_building_system,unknown,,unknown,led,0,False,0,False,n/a,0,68,2
MNB-00106,Lancaster Branch,Lancaster,Los Angeles County,CA,93536,34.73925,-118.3615,in_store,560,1996,leased,full_gross,landlord,shared_unmetered,host_building_system,unknown,,unknown,led,0,False,0,False,n/a,0,76,3
MNB-00107,Frankville Branch,Frankville,Washington County,AL,36538,31.62103,-88.13075,full_service,3360,1982,leased,triple_net,bank,direct_utility_meter,rtu_gas_heat,natural_gas,2016,R-410A,mixed,4,False,1,False,n/a,0,42,2
MNB-00108,Timbo Branch,Timbo,Stone County,AR,72680,35.88255,-92.28859,drive_thru_only,960,1995,owned,n/a,bank,direct_utility_meter,rtu_gas_heat,natural_gas,2021,R-410A,led,1,False,2,False,n/a,0,52,1
MNB-00109,Boyers Branch,Boyers,Butler County,PA,16020,41.09645,-79.90564,express,1590,1974,leased,modified_gross,bank,direct_utility_meter,split_ac_gas_furnace,natural_gas,2008,R-22,led,1,True,0,False,n/a,0,45,2
MNB-00110,Rives Branch,Rives,Obion County,TN,38253,36.30445,-89.06541,full_service,2400,1994,leased,full_gross,landlord,shared_unmetered,rtu_electric_heat,electricity,2003,R-22,mixed,3,True,1,True,diesel,0,43,3
MNB-00111,Rocky Top Branch,Rocky Top,Anderson County,TN,37769,36.19268,-84.13823,in_store,890,1975,leased,modified_gross,bank,direct_utility_meter,host_building_system,unknown,,unknown,led,0,False,0,False,n/a,0,67,1
MNB-00112,Bancroft Branch,Bancroft,Shiawassee County,MI,48414,42.88087,-84.13088,full_service,3900,2004,leased,triple_net,bank,landlord_submeter,rtu_gas_heat,natural_gas,2021,R-410A,led,4,False,2,False,n/a,0,50,1
MNB-00113,Rice Branch,Rice,Prince Edward County,VA,23966,37.25101,-78.29188,full_service,3370,2012,leased,full_gross,landlord,shared_unmetered,rtu_gas_heat,natural_gas,2012,R-410A,mixed,2,True,3,False,n/a,0,46,3
MNB-00114,Colfax Branch,Colfax,Grant Parish,LA,71417,31.4903,-92.66582,full_service,2990,2023,leased,triple_net,bank,direct_utility_meter,heat_pump,electricity,2023,R-410A,led,2,False,0,False,n/a,0,43,1
MNB-00115,Cascade Branch,Cascade,Valley County,ID,83611,44.71825,-115.63903,drive_thru_only,1210,2016,owned,n/a,bank,direct_utility_meter,split_ac_gas_furnace,natural_gas,2018,R-410A,led,2,True,2,False,n/a,0,54,1
MNB-00116,Blanco Branch,Blanco,Blanco County,TX,78606,30.07195,-98.41102,full_service,2840,1961,leased,full_gross,landlord,landlord_submeter,rtu_gas_heat,natural_gas,2020,R-410A,led,3,True,2,False,n/a,0,46,3
MNB-00117,Conifer Branch,Conifer,Jefferson County,CO,80433,39.50654,-105.31432,full_service,4370,1974,owned,n/a,bank,direct_utility_meter,rtu_gas_heat,natural_gas,1998,R-22,led,2,True,2,False,n/a,0,45,2
MNB-00118,Jackson Branch,Jackson,Butts County,GA,30233,33.30404,-83.97239,in_store,560,1998,leased,full_gross,landlord,shared_unmetered,host_building_system,unknown,,unknown,led,1,False,0,False,n/a,0,72,3
MNB-00119,Alhambra Branch,Alhambra,Los Angeles County,CA,91803,34.10936,-118.15093,full_service,3580,1978,leased,full_gross,landlord,landlord_submeter,boiler_with_split_ac,natural_gas,2021,R-410A,fluorescent,1,True,0,False,n/a,0,48,1
MNB-00120,Batson Branch,Batson,Hardin County,TX,77519,30.21094,-94.59201,drive_thru_only,750,1952,owned,n/a,bank,direct_utility_meter,heat_pump,electricity,2000,R-22,led,3,False,1,False,n/a,0,53,1
MNB-00121,Bowie Branch,Bowie,Prince George's County,MD,20715,38.97528,-76.74671,express,1540,2012,leased,triple_net,bank,direct_utility_meter,rtu_gas_heat,natural_gas,2012,R-410A,mixed,1,True,0,False,n/a,0,45,1
MNB-00122,New York Branch,New York,New York County,NY,10060,40.7849,-73.9824,full_service,4210,1986,leased,triple_net,bank,direct_utility_meter,split_ac_gas_furnace,natural_gas,2020,R-410A,led,3,False,1,False,n/a,0,52,1
MNB-00123,Martha Branch,Martha,Lawrence County,KY,41159,38.03594,-82.95001,full_service,4500,1958,leased,modified_gross,landlord,landlord_submeter,split_ac_gas_furnace,propane,2019,R-410A,mixed,4,False,3,False,n/a,0,53,3
MNB-00124,Akron Branch,Akron,Summit County,OH,44305,41.06416,-81.48644,flagship,10220,1997,leased,full_gross,landlord,shared_unmetered,rtu_gas_heat,natural_gas,2005,R-22,led,3,True,0,True,diesel,0,54,3
MNB-00125,Fort Worth Branch,Fort Worth,Tarrant County,TX,76126,32.63706,-97.55429,full_service,4080,2023,leased,modified_gross,landlord,shared_unmetered,rtu_electric_heat,electricity,2023,R-410A,fluorescent,4,False,3,False,n/a,0,50,2
MNB-00126,Pomona Branch,Pomona,Rockland County,NY,10970,41.19943,-74.03183,full_service,5480,2007,owned,n/a,bank,direct_utility_meter,rtu_gas_heat,natural_gas,2007,R-22,mixed,2,True,0,False,n/a,0,48,1
MNB-00127,Tall Timbers Branch,Tall Timbers,St. Mary's County,MD,20690,38.17052,-76.56075,express,1180,1969,leased,modified_gross,bank,direct_utility_meter,boiler_with_split_ac,natural_gas,2003,R-22,fluorescent,1,False,0,False,n/a,0,50,1
MNB-00128,Quinault Branch,Quinault,Grays Harbor County,WA,98575,47.45579,-123.81729,express,1790,1997,leased,modified_gross,bank,direct_utility_meter,split_ac_gas_furnace,natural_gas,2009,R-22,fluorescent,2,False,0,False,n/a,0,44,1
MNB-00129,Wray Branch,Wray,Yuma County,CO,80758,40.06689,-102.37487,in_store,510,2019,leased,modified_gross,bank,direct_utility_meter,host_building_system,unknown,,unknown,led,0,False,0,False,n/a,0,64,1
MNB-00130,Lovington Branch,Lovington,Moultrie County,IL,61937,39.7027,-88.64613,full_service,3060,1957,leased,modified_gross,bank,direct_utility_meter,rtu_gas_heat,natural_gas,2014,R-410A,led,4,True,2,True,diesel,0,53,1
MNB-00131,Gladstone Branch,Gladstone,Clackamas County,OR,97027,45.38704,-122.5867,express,1920,2005,leased,modified_gross,bank,direct_utility_meter,rtu_gas_heat,natural_gas,2005,R-22,mixed,2,True,0,False,n/a,0,47,1
MNB-00132,Random Lake Branch,Random Lake,Sheboygan County,WI,53075,43.564,-87.96817,in_store,560,2010,leased,modified_gross,bank,direct_utility_meter,host_building_system,unknown,,unknown,led,1,False,0,False,n/a,0,70,2
MNB-00133,Sleepy Eye Branch,Sleepy Eye,Brown County,MN,56085,44.28489,-94.7329,in_store,470,2009,leased,full_gross,landlord,shared_unmetered,host_building_system,unknown,,unknown,led,1,False,0,False,n/a,0,64,3
MNB-00134,Williamston Branch,Williamston,Martin County,NC,27892,35.81454,-77.09179,drive_thru_only,1390,1968,leased,triple_net,bank,direct_utility_meter,rtu_electric_heat,electricity,2000,R-22,fluorescent,2,True,1,False,n/a,0,54,1
MNB-00135,Simsboro Branch,Simsboro,Lincoln Parish,LA,71275,32.54406,-92.80755,in_store,810,2020,leased,full_gross,landlord,shared_unmetered,host_building_system,unknown,,unknown,fluorescent,0,False,0,False,n/a,0,65,3
MNB-00136,Bellerose Branch,Bellerose,Queens County,NY,11426,40.74685,-73.72873,full_service,2350,1983,owned,n/a,bank,direct_utility_meter,boiler_with_split_ac,natural_gas,2023,R-410A,fluorescent,2,False,3,True,diesel,0,45,1
MNB-00137,Elizabeth Branch,Elizabeth,Allegheny County,PA,15037,40.26747,-79.86639,full_service,2690,1957,owned,n/a,bank,direct_utility_meter,heat_pump,electricity,2017,R-410A,led,3,True,2,True,diesel,0,43,1
MNB-00138,Canton Branch,Canton,Bradford County,PA,17724,41.65802,-76.85409,full_service,5010,1960,leased,triple_net,bank,direct_utility_meter,rtu_gas_heat,natural_gas,1999,R-22,mixed,4,True,3,False,n/a,0,43,1
MNB-00139,Pismo Beach Branch,Pismo Beach,San Luis Obispo County,CA,93449,35.15844,-120.6383,full_service,3850,1993,owned,n/a,bank,direct_utility_meter,rtu_gas_heat,natural_gas,1999,R-22,led,3,True,0,False,n/a,0,54,1
MNB-00140,Callaway Branch,Callaway,St. Mary's County,MD,20620,38.2275,-76.52321,full_service,6580,1955,owned,n/a,bank,direct_utility_meter,rtu_gas_heat,natural_gas,2020,R-410A,mixed,2,True,2,False,n/a,0,48,1
MNB-00141,Mesilla Park Branch,Mesilla Park,Dona Ana County,NM,88047,32.20134,-106.72995,full_service,5050,2013,owned,n/a,bank,direct_utility_meter,rtu_electric_heat,electricity,2013,R-410A,led,2,False,0,False,n/a,0,49,1
MNB-00142,Bryant Branch,Bryant,Jay County,IN,47326,40.5484,-84.92469,drive_thru_only,1070,2018,owned,n/a,bank,direct_utility_meter,rtu_gas_heat,natural_gas,2018,R-410A,led,1,False,2,False,n/a,0,52,1
MNB-00143,Marietta Branch,Marietta,Cobb County,GA,30067,33.92703,-84.46856,full_service,3090,1951,owned,n/a,bank,direct_utility_meter,split_ac_gas_furnace,natural_gas,2006,R-22,fluorescent,1,False,0,True,diesel,44,49,1
MNB-00144,Mission Hills Branch,Mission Hills,Los Angeles County,CA,91345,34.28702,-118.43657,full_service,4860,2015,owned,n/a,bank,direct_utility_meter,rtu_gas_heat,natural_gas,2015,R-410A,led,1,False,3,False,n/a,0,42,1
MNB-00145,Termo Branch,Termo,Lassen County,CA,96132,40.96978,-120.60828,full_service,2860,2024,leased,triple_net,bank,direct_utility_meter,rtu_gas_heat,natural_gas,2024,R-410A,led,1,False,1,False,n/a,0,49,1
MNB-00146,Platina Branch,Platina,Trinity County,CA,96076,40.38063,-122.94164,full_service,6210,1954,owned,n/a,bank,direct_utility_meter,rtu_gas_heat,natural_gas,2014,R-410A,mixed,1,False,3,False,n/a,0,51,2
MNB-00147,Buffalo Branch,Buffalo,Erie County,NY,14224,42.82794,-78.73921,drive_thru_only,1110,2010,owned,n/a,bank,direct_utility_meter,rtu_gas_heat,natural_gas,2013,R-410A,mixed,3,False,1,False,n/a,24,51,3
MNB-00148,Clermont Branch,Clermont,Lake County,FL,34714,28.39795,-81.78407,full_service,3270,2024,leased,triple_net,bank,direct_utility_meter,rtu_gas_heat,natural_gas,2024,R-410A,led,3,False,0,False,n/a,0,51,2
MNB-00149,Novelty Branch,Novelty,Knox County,MO,63460,40.02679,-92.21274,full_service,5340,2014,owned,n/a,bank,direct_utility_meter,split_ac_gas_furnace,natural_gas,2023,R-410A,fluorescent,4,False,0,False,n/a,36,44,1
MNB-00150,Sweeny Branch,Sweeny,Brazoria County,TX,77480,29.04465,-95.7119,drive_thru_only,1600,1996,owned,n/a,bank,direct_utility_meter,heat_pump,electricity,2016,R-410A,fluorescent,3,False,1,False,n/a,0,45,1
MNB-00151,Highland Branch,Highland,Oakland County,MI,48356,42.67496,-83.5726,full_service,3930,2019,owned,n/a,bank,direct_utility_meter,heat_pump,electricity,2023,R-410A,mixed,2,False,0,True,diesel,0,50,1
MNB-00152,Weedsport Branch,Weedsport,Cayuga County,NY,13166,43.02796,-76.57297,full_service,4950,2009,owned,n/a,bank,direct_utility_meter,rtu_gas_heat,natural_gas,2017,R-410A,led,1,False,2,False,n/a,0,52,1
MNB-00153,Tehachapi Branch,Tehachapi,Kern County,CA,93561,35.14333,-118.43943,drive_thru_only,890,1981,owned,n/a,bank,direct_utility_meter,rtu_gas_heat,natural_gas,2001,R-22,led,1,False,3,False,n/a,0,45,1
MNB-00154,Scotch Plains Branch,Scotch Plains,Union County,NJ,07076,40.64335,-74.37376,full_service,4300,1975,leased,full_gross,landlord,shared_unmetered,split_ac_gas_furnace,natural_gas,2011,R-410A,mixed,1,False,1,True,diesel,0,53,3
MNB-00155,Seneca Branch,Seneca,Venango County,PA,16346,41.36107,-79.68082,in_store,440,1997,leased,full_gross,landlord,landlord_submeter,host_building_system,unknown,,unknown,led,1,False,0,False,n/a,0,72,3
MNB-00156,Rock Hill Branch,Rock Hill,York County,SC,29732,34.96244,-81.02859,drive_thru_only,990,1987,leased,modified_gross,landlord,shared_unmetered,rtu_gas_heat,natural_gas,2017,R-410A,led,4,False,0,False,n/a,0,47,2
MNB-00157,Sneads Branch,Sneads,Jackson County,FL,32460,30.73076,-84.94227,express,1810,1984,leased,modified_gross,bank,direct_utility_meter,rtu_electric_heat,electricity,2001,R-22,led,2,True,0,False,n/a,0,48,2
MNB-00158,Coolidge Branch,Coolidge,Limestone County,TX,76635,31.74443,-96.66586,full_service,7200,1971,leased,modified_gross,bank,landlord_submeter,heat_pump,electricity,2003,R-22,fluorescent,3,False,3,False,n/a,0,44,1
MNB-00159,Fleming Branch,Fleming,Washington County,OH,45729,39.41009,-81.60936,drive_thru_only,630,2017,leased,triple_net,bank,direct_utility_meter,rtu_gas_heat,natural_gas,2017,R-410A,led,2,False,2,False,n/a,0,47,1
MNB-00160,Java Village Branch,Java Village,Wyoming County,NY,14083,42.67566,-78.43603,in_store,600,2009,leased,full_gross,landlord,shared_unmetered,host_building_system,unknown,,unknown,fluorescent,0,False,0,False,n/a,0,71,3
MNB-00161,Jonesboro Branch,Jonesboro,Coryell County,TX,76538,31.55688,-97.8509,full_service,6180,1984,leased,triple_net,bank,direct_utility_meter,rtu_gas_heat,natural_gas,2009,R-22,mixed,1,False,0,False,n/a,0,53,1
MNB-00162,Blaine Branch,Blaine,Whatcom County,WA,98230,48.96543,-122.75119,express,1690,1976,leased,triple_net,bank,direct_utility_meter,rtu_gas_heat,natural_gas,2009,R-22,mixed,2,False,0,False,n/a,0,50,1
MNB-00163,Holman Branch,Holman,Mora County,NM,87723,36.05606,-105.39399,full_service,3980,1965,owned,n/a,bank,direct_utility_meter,rtu_gas_heat,natural_gas,2024,R-410A,mixed,4,True,0,False,n/a,34,47,1
MNB-00164,Englewood Branch,Englewood,Bergen County,NJ,07631,40.8635,-73.96182,express,1460,1964,leased,triple_net,bank,direct_utility_meter,rtu_gas_heat,natural_gas,2023,R-410A,led,2,False,0,False,n/a,0,50,1
MNB-00165,Newton Branch,Newton,Houston County,AL,36352,31.32826,-85.5983,full_service,3170,2004,leased,triple_net,bank,direct_utility_meter,rtu_gas_heat,natural_gas,2004,R-22,led,4,False,3,False,n/a,0,47,2
MNB-00166,Roy Branch,Roy,Weber County,UT,84067,41.17452,-112.03279,full_service,2420,1963,leased,triple_net,bank,direct_utility_meter,rtu_gas_heat,natural_gas,2021,R-410A,fluorescent,2,True,2,False,n/a,0,43,3
MNB-00167,Koloa Branch,Koloa,Kauai County,HI,96756,21.91405,-159.45144,full_service,3470,2023,leased,modified_gross,bank,direct_utility_meter,rtu_gas_heat,natural_gas,2023,R-410A,led,4,False,2,True,diesel,0,46,1
MNB-00168,Saint Louis Branch,Saint Louis,St. Louis County,MO,63121,38.70294,-90.31091,express,1400,1980,leased,triple_net,bank,direct_utility_meter,rtu_gas_heat,natural_gas,1998,R-22,fluorescent,1,False,0,False,n/a,0,47,1
MNB-00169,Strawberry Valley Branch,Strawberry Valley,Plumas County,CA,95981,39.66592,-121.02487,full_service,4350,1953,owned,n/a,bank,landlord_submeter,rtu_gas_heat,natural_gas,2022,R-410A,fluorescent,2,False,0,False,n/a,0,47,2
MNB-00170,Jesup Branch,Jesup,Wayne County,GA,31546,31.53584,-81.80716,full_service,3310,2017,leased,triple_net,bank,landlord_submeter,rtu_gas_heat,natural_gas,2018,R-410A,led,2,False,1,False,n/a,0,42,1
MNB-00171,Rockford Branch,Rockford,Winnebago County,IL,61109,42.23733,-89.05652,full_service,3630,1987,leased,triple_net,bank,direct_utility_meter,split_ac_gas_furnace,natural_gas,2005,R-22,led,4,False,0,False,n/a,0,45,2
MNB-00172,Fresno Branch,Fresno,Fresno County,CA,93704,36.78069,-119.78845,in_store,580,1985,leased,full_gross,landlord,shared_unmetered,host_building_system,unknown,,unknown,mixed,0,False,0,False,n/a,0,61,3
MNB-00173,Bonham Branch,Bonham,Fannin County,TX,75418,33.59097,-96.19227,full_service,4130,1964,owned,n/a,bank,direct_utility_meter,heat_pump,electricity,1999,R-22,mixed,4,True,1,False,n/a,0,54,1
MNB-00174,Fresno Branch #2,Fresno,Fresno County,CA,93727,36.74886,-119.71324,full_service,3580,2006,owned,n/a,bank,direct_utility_meter,rtu_gas_heat,natural_gas,2017,R-410A,led,4,False,3,False,n/a,0,45,3
MNB-00175,Oklahoma City Branch,Oklahoma City,Oklahoma County,OK,73151,35.56686,-97.41098,in_store,490,1986,leased,full_gross,landlord,shared_unmetered,host_building_system,unknown,,unknown,led,1,False,0,False,n/a,0,69,3
MNB-00176,Buckner Branch,Buckner,Oldham County,KY,40010,38.36087,-85.4507,full_service,4300,2015,owned,n/a,bank,direct_utility_meter,split_ac_gas_furnace,natural_gas,2015,R-410A,led,2,False,1,False,n/a,0,54,1
MNB-00177,Colden Branch,Colden,Erie County,NY,14033,42.65109,-78.68898,full_service,5780,2004,leased,modified_gross,bank,direct_utility_meter,split_ac_gas_furnace,natural_gas,2019,R-410A,mixed,3,False,0,False,n/a,0,44,2
MNB-00178,Irvine Branch,Irvine,Orange County,CA,92602,33.7575,-117.7216,full_service,4360,2018,leased,modified_gross,bank,direct_utility_meter,split_ac_gas_furnace,natural_gas,2019,R-410A,mixed,1,True,2,False,n/a,0,52,1
MNB-00179,Huntington Station Branch,Huntington Station,Suffolk County,NY,11746,40.82129,-73.35937,express,1540,2004,leased,triple_net,bank,direct_utility_meter,rtu_gas_heat,natural_gas,2007,R-22,led,2,True,0,False,n/a,42,49,1
MNB-00180,Memphis Branch,Memphis,Shelby County,TN,38118,35.07219,-89.95504,drive_thru_only,960,2013,owned,n/a,bank,landlord_submeter,heat_pump,electricity,2013,R-410A,led,2,False,1,False,n/a,0,50,1
MNB-00181,Glens Falls Branch,Glens Falls,Warren County,NY,12801,43.32563,-73.64088,full_service,2270,2008,owned,n/a,bank,landlord_submeter,heat_pump,electricity,2017,R-410A,led,4,False,3,False,n/a,0,53,1
MNB-00182,Blakesburg Branch,Blakesburg,Wapello County,IA,52536,40.96077,-92.61905,full_service,4020,1993,leased,triple_net,bank,direct_utility_meter,rtu_gas_heat,natural_gas,2022,R-410A,led,4,False,3,False,n/a,0,47,1
MNB-00183,Kilgore Branch,Kilgore,Gregg County,TX,75662,32.40453,-94.86478,full_service,3720,2008,leased,triple_net,bank,direct_utility_meter,rtu_electric_heat,electricity,2021,R-410A,led,3,False,0,False,n/a,0,45,2
MNB-00184,Melvin Branch,Melvin,Ford County,IL,60952,40.57667,-88.25215,flagship,9630,2006,owned,n/a,bank,landlord_submeter,split_ac_gas_furnace,natural_gas,2009,R-22,led,4,True,0,True,diesel,0,57,1
MNB-00185,Dallas Branch,Dallas,Dallas County,TX,75208,32.75914,-96.83924,full_service,3350,1951,leased,triple_net,bank,direct_utility_meter,rtu_gas_heat,natural_gas,2012,R-410A,mixed,4,False,2,False,n/a,0,48,2
MNB-00186,Austin Branch,Austin,Travis County,TX,78754,30.33874,-97.66793,full_service,3710,2008,owned,n/a,bank,direct_utility_meter,rtu_gas_heat,natural_gas,2008,R-22,mixed,1,False,0,False,n/a,0,42,3
MNB-00187,Oakwood Branch,Oakwood,Leon County,TX,75855,31.5857,-95.84174,express,2300,1978,owned,n/a,bank,direct_utility_meter,heat_pump,electricity,2006,R-22,mixed,3,True,0,False,n/a,0,44,1
MNB-00188,Mountain Lakes Branch,Mountain Lakes,Morris County,NJ,07046,40.88203,-74.448,full_service,5820,1999,leased,triple_net,bank,direct_utility_meter,rtu_gas_heat,natural_gas,2016,R-410A,led,4,True,1,False,n/a,0,49,2
MNB-00189,Pinon Hills Branch,Pinon Hills,San Bernardino County,CA,92372,34.45478,-117.65167,full_service,3170,1964,leased,modified_gross,landlord,shared_unmetered,split_ac_gas_furnace,natural_gas,2018,R-410A,fluorescent,2,False,1,False,n/a,0,51,2
MNB-00190,Dade City Branch,Dade City,Pasco County,FL,33525,28.31766,-82.20831,full_service,3590,1953,leased,triple_net,bank,landlord_submeter,heat_pump,electricity,2008,R-22,led,2,True,1,False,n/a,0,46,1
MNB-00191,Hamilton Branch,Hamilton,Caldwell County,MO,64644,39.74579,-93.99949,full_service,3620,1952,owned,n/a,bank,landlord_submeter,rtu_gas_heat,natural_gas,2022,R-410A,led,2,True,3,False,n/a,0,53,1
MNB-00192,Laurens Branch,Laurens,Laurens County,SC,29360,34.49671,-82.0131,full_service,5350,1969,leased,full_gross,landlord,shared_unmetered,rtu_electric_heat,electricity,2004,R-22,led,3,False,2,False,n/a,0,43,3
MNB-00193,Josephine Branch,Josephine,Raleigh County,WV,25857,37.63615,-81.23555,flagship,14830,1952,owned,n/a,bank,landlord_submeter,boiler_with_split_ac,natural_gas,2016,R-410A,led,2,False,0,True,diesel,0,52,1
MNB-00194,Washington Branch,Washington,St. Landry Parish,LA,70589,30.69291,-92.0238,full_service,4310,1966,leased,full_gross,landlord,shared_unmetered,rtu_gas_heat,natural_gas,2016,R-410A,mixed,4,False,0,False,n/a,0,51,3
MNB-00195,Saybrook Branch,Saybrook,McLean County,IL,61770,40.45385,-88.5359,full_service,4930,2000,owned,n/a,bank,direct_utility_meter,rtu_gas_heat,natural_gas,2014,R-410A,led,2,True,3,False,n/a,0,43,1
MNB-00196,Bainbridge Branch,Bainbridge,Decatur County,GA,39817,30.94687,-84.59871,drive_thru_only,860,1989,leased,triple_net,bank,direct_utility_meter,heat_pump,electricity,2007,R-22,fluorescent,4,False,2,False,n/a,0,52,2
MNB-00197,Nokesville Branch,Nokesville,Prince William County,VA,20181,38.68114,-77.53576,drive_thru_only,1400,2024,owned,n/a,bank,direct_utility_meter,rtu_gas_heat,natural_gas,2024,R-410A,led,2,True,3,False,n/a,0,54,1
MNB-00198,Minden Branch,Minden,Kearney County,NE,68959,40.5083,-98.93264,in_store,640,2015,leased,modified_gross,bank,landlord_submeter,host_building_system,unknown,,unknown,mixed,1,False,0,False,n/a,0,69,1
MNB-00199,Fresno Branch #3,Fresno,Fresno County,CA,93725,36.60664,-119.72398,in_store,520,1967,leased,modified_gross,bank,direct_utility_meter,host_building_system,unknown,,unknown,mixed,1,False,0,False,n/a,0,74,1
MNB-00200,Glendale Branch #2,Glendale,Maricopa County,AZ,85308,33.64768,-112.19065,full_service,3920,1990,leased,triple_net,bank,landlord_submeter,rtu_gas_heat,natural_gas,2014,R-410A,mixed,4,True,1,False,n/a,0,53,3
MNB-00201,Elka Park Branch,Elka Park,Greene County,NY,12427,42.18243,-74.10246,in_store,880,1991,leased,full_gross,landlord,shared_unmetered,host_building_system,unknown,,unknown,mixed,1,False,0,False,n/a,0,62,3
MNB-00202,Lewisville Branch,Lewisville,Denton County,TX,75057,33.06085,-97.0142,full_service,3690,1986,leased,full_gross,landlord,landlord_submeter,heat_pump,electricity,2007,R-22,mixed,3,True,1,False,n/a,0,44,3
MNB-00203,Wendover Branch,Wendover,Leslie County,KY,41775,37.09951,-83.33796,full_service,5580,1996,leased,triple_net,bank,direct_utility_meter,rtu_gas_heat,natural_gas,2001,R-22,led,2,True,2,True,diesel,0,50,1
MNB-00204,Alton Branch,Alton,Halifax County,VA,24520,36.57724,-79.00794,express,1530,2007,leased,modified_gross,bank,direct_utility_meter,rtu_gas_heat,natural_gas,2007,R-22,led,2,True,0,False,n/a,0,50,1
MNB-00205,Minco Branch,Minco,Grady County,OK,73059,35.30709,-97.95947,in_store,530,2005,leased,modified_gross,bank,direct_utility_meter,host_building_system,unknown,,unknown,led,1,False,0,False,n/a,0,67,1
MNB-00206,Becket Branch,Becket,Berkshire County,MA,01223,42.3448,-73.13056,full_service,5110,1986,owned,n/a,bank,direct_utility_meter,split_ac_gas_furnace,natural_gas,2004,R-22,mixed,4,True,2,False,n/a,0,46,1
MNB-00207,Grove Hill Branch,Grove Hill,Clarke County,AL,36451,31.70075,-87.77538,full_service,3230,2009,leased,triple_net,bank,direct_utility_meter,heat_pump,electricity,2016,R-410A,led,4,False,0,False,n/a,0,45,1
MNB-00208,Whitehouse Branch,Whitehouse,Smith County,TX,75791,32.22574,-95.23225,express,2210,1980,leased,modified_gross,landlord,shared_unmetered,rtu_electric_heat,electricity,2010,R-410A,led,4,False,0,False,n/a,0,49,3
MNB-00209,Wiergate Branch,Wiergate,Newton County,TX,75977,31.05526,-93.80355,full_service,4660,2016,leased,modified_gross,bank,landlord_submeter,rtu_gas_heat,natural_gas,2016,R-410A,led,2,False,3,False,n/a,0,43,1
MNB-00210,Rockville Branch,Rockville,Montgomery County,MD,20852,39.05691,-77.1234,full_service,3230,2023,owned,n/a,bank,direct_utility_meter,split_ac_gas_furnace,natural_gas,2023,R-410A,led,3,True,2,False,n/a,0,43,2
MNB-00211,Atlanta Branch,Atlanta,DeKalb County,GA,30341,33.8631,-84.30066,full_service,4110,1981,owned,n/a,bank,direct_utility_meter,rtu_gas_heat,natural_gas,2015,R-410A,led,1,True,0,False,n/a,0,52,2
MNB-00212,Cora Branch,Cora,Sublette County,WY,82925,43.14355,-109.90194,full_service,3560,2013,owned,n/a,bank,landlord_submeter,split_ac_gas_furnace,natural_gas,2013,R-410A,fluorescent,4,False,2,False,n/a,0,45,1
MNB-00213,Walkertown Branch,Walkertown,Forsyth County,NC,27051,36.18086,-80.16387,full_service,4660,2015,leased,triple_net,bank,direct_utility_meter,rtu_gas_heat,natural_gas,2015,R-410A,led,1,False,1,False,n/a,0,50,3
MNB-00214,Andes Branch,Andes,Delaware County,NY,13731,42.16187,-74.79452,flagship,29790,1995,owned,n/a,bank,direct_utility_meter,rtu_gas_heat,natural_gas,2022,R-410A,mixed,3,False,0,True,diesel,0,54,1
MNB-00215,Cortland Branch,Cortland,DeKalb County,IL,60112,41.93939,-88.69542,full_service,3750,1961,leased,full_gross,landlord,shared_unmetered,boiler_with_split_ac,natural_gas,2014,R-410A,mixed,4,False,3,False,n/a,0,42,3
MNB-00216,Coleville Branch,Coleville,Mono County,CA,96107,38.47814,-119.4785,full_service,4920,2013,leased,modified_gross,bank,direct_utility_meter,rtu_gas_heat,natural_gas,2013,R-410A,led,4,True,3,False,n/a,0,44,1
MNB-00217,Roosevelt Branch,Roosevelt,Kiowa County,OK,73564,34.83991,-98.99433,in_store,650,1990,leased,full_gross,landlord,shared_unmetered,host_building_system,unknown,,unknown,led,1,False,0,False,n/a,0,73,3
MNB-00218,Cincinnati Branch,Cincinnati,Hamilton County,OH,45227,39.16099,-84.41246,full_service,4230,1973,owned,n/a,bank,direct_utility_meter,split_ac_gas_furnace,natural_gas,2021,R-410A,led,3,False,1,False,n/a,0,47,2
MNB-00219,Weldon Branch,Weldon,Kern County,CA,93283,35.62012,-118.28101,in_store,620,2004,leased,full_gross,landlord,shared_unmetered,host_building_system,unknown,,unknown,fluorescent,0,False,0,False,n/a,0,64,3
MNB-00220,Kenmore Branch,Kenmore,King County,WA,98028,47.77191,-122.24127,in_store,520,1992,leased,full_gross,landlord,landlord_submeter,host_building_system,unknown,,unknown,led,0,False,0,False,n/a,0,66,3
MNB-00221,Lehigh Acres Branch,Lehigh Acres,Lee County,FL,33972,26.65362,-81.6191,full_service,4640,1961,owned,n/a,bank,direct_utility_meter,rtu_gas_heat,natural_gas,2001,R-22,mixed,3,False,0,False,n/a,0,52,1
MNB-00222,Sloatsburg Branch,Sloatsburg,Rockland County,NY,10974,41.16766,-74.21457,in_store,600,2024,leased,full_gross,landlord,landlord_submeter,host_building_system,unknown,,unknown,led,1,False,0,False,n/a,0,72,2
MNB-00223,Union Branch,Union,Franklin County,MO,63084,38.43875,-91.01953,drive_thru_only,790,1977,owned,n/a,bank,direct_utility_meter,rtu_gas_heat,natural_gas,2019,R-410A,mixed,3,True,1,False,n/a,0,54,1
MNB-00224,Lynn Center Branch,Lynn Center,Henry County,IL,61262,41.29857,-90.34797,in_store,830,1997,leased,modified_gross,bank,direct_utility_meter,host_building_system,unknown,,unknown,led,0,False,0,False,n/a,0,61,1
MNB-00225,National City Branch,National City,Iosco County,MI,48748,44.32652,-83.69623,drive_thru_only,1020,2006,leased,modified_gross,landlord,shared_unmetered,split_ac_gas_furnace,natural_gas,2015,R-410A,mixed,2,False,1,False,n/a,0,47,3
MNB-00226,Stow Branch,Stow,Summit County,OH,44224,41.17759,-81.44701,full_service,3920,1964,leased,triple_net,bank,direct_utility_meter,rtu_gas_heat,natural_gas,2000,R-22,fluorescent,2,False,0,False,n/a,42,44,1
MNB-00227,Smiley Branch,Smiley,Gonzales County,TX,78159,29.26831,-97.61257,in_store,900,2011,leased,full_gross,landlord,shared_unmetered,host_building_system,unknown,,unknown,mixed,1,False,0,False,n/a,0,69,3
MNB-00228,Highland Branch,Highland,Doniphan County,KS,66035,39.86404,-95.26265,in_store,410,2005,leased,full_gross,landlord,shared_unmetered,host_building_system,unknown,,unknown,mixed,0,False,0,False,n/a,0,64,2
MNB-00229,Lee Branch,Lee,Strafford County,NH,03861,43.10884,-71.00227,full_service,6150,1996,owned,n/a,bank,direct_utility_meter,split_ac_gas_furnace,natural_gas,2021,R-410A,fluorescent,3,False,2,False,n/a,0,53,2
MNB-00230,Bowling Green Branch,Bowling Green,Hardee County,FL,33834,27.60013,-81.82724,express,1440,1998,leased,triple_net,bank,direct_utility_meter,heat_pump,electricity,2016,R-410A,led,1,False,0,False,n/a,0,45,1
MNB-00231,Hagerhill Branch,Hagerhill,Johnson County,KY,41222,37.77867,-82.83737,full_service,4470,2022,leased,modified_gross,bank,direct_utility_meter,heat_pump,electricity,2022,R-410A,led,2,True,2,False,n/a,0,54,1
MNB-00232,Pinson Branch,Pinson,Madison County,TN,38366,35.4827,-88.72633,full_service,3520,2020,owned,n/a,bank,direct_utility_meter,heat_pump,electricity,2020,R-410A,led,1,False,1,True,diesel,0,45,1
MNB-00233,Comins Branch,Comins,Oscoda County,MI,48619,44.8384,-84.03054,drive_thru_only,790,1964,leased,modified_gross,bank,direct_utility_meter,rtu_gas_heat,propane,2005,R-22,mixed,4,True,0,False,n/a,0,51,1
MNB-00234,Dover Branch,Dover,Olmsted County,MN,55929,43.9888,-92.14866,full_service,6220,1987,owned,n/a,bank,landlord_submeter,boiler_with_split_ac,natural_gas,2006,R-22,led,1,False,3,False,n/a,0,43,1
MNB-00235,Tipton Branch,Tipton,Tulare County,CA,93272,36.0531,-119.33404,full_service,7320,1997,leased,triple_net,bank,direct_utility_meter,rtu_gas_heat,natural_gas,2005,R-22,led,2,True,0,False,n/a,0,42,3
MNB-00236,Phoenix Branch,Phoenix,Maricopa County,AZ,85024,33.67948,-112.02538,full_service,3930,2020,leased,triple_net,bank,direct_utility_meter,rtu_gas_heat,natural_gas,2020,R-410A,led,4,True,3,False,n/a,0,49,1
MNB-00237,Papaikou Branch,Papaikou,Hawaii County,HI,96781,19.78268,-155.09302,express,1950,2015,leased,triple_net,bank,direct_utility_meter,rtu_gas_heat,propane,2015,R-410A,led,3,True,0,False,n/a,0,52,1
MNB-00238,Michigan City Branch,Michigan City,LaPorte County,IN,46360,41.68813,-86.87205,full_service,4270,1988,leased,modified_gross,bank,direct_utility_meter,rtu_gas_heat,natural_gas,2017,R-410A,led,4,False,1,False,n/a,0,47,2
MNB-00239,San Diego Branch,San Diego,San Diego County,CA,92115,32.76313,-117.07375,in_store,1000,2019,leased,full_gross,landlord,landlord_submeter,host_building_system,unknown,,unknown,led,0,False,0,False,n/a,0,77,2
MNB-00240,Doerun Branch,Doerun,Colquitt County,GA,31744,31.32373,-83.91647,drive_thru_only,600,1987,owned,n/a,bank,direct_utility_meter,heat_pump,electricity,2012,R-410A,led,2,False,1,False,n/a,0,54,2
MNB-00241,Moyie Springs Branch,Moyie Springs,Boundary County,ID,83845,48.74654,-116.19826,full_service,4700,1979,leased,modified_gross,bank,direct_utility_meter,rtu_gas_heat,natural_gas,2005,R-22,mixed,2,False,1,True,diesel,0,50,1
MNB-00242,West Warwick Branch,West Warwick,Kent County,RI,02893,41.71635,-71.52538,express,1500,2003,leased,full_gross,landlord,shared_unmetered,rtu_gas_heat,natural_gas,2017,R-410A,fluorescent,3,True,0,False,n/a,0,42,3
MNB-00243,Laurinburg Branch,Laurinburg,Scotland County,NC,28352,34.77018,-79.48094,drive_thru_only,600,1986,owned,n/a,bank,direct_utility_meter,heat_pump,electricity,2005,R-22,led,4,True,0,False,n/a,0,53,1
MNB-00244,Wauzeka Branch,Wauzeka,Crawford County,WI,53826,43.1244,-90.90264,full_service,3760,2004,leased,modified_gross,landlord,landlord_submeter,split_ac_gas_furnace,natural_gas,2020,R-410A,mixed,3,True,0,False,n/a,0,51,3
MNB-00245,Knox City Branch,Knox City,Knox County,TX,79529,33.42495,-99.80319,express,2800,1990,owned,n/a,bank,landlord_submeter,heat_pump,electricity,2021,R-410A,mixed,4,True,0,False,n/a,0,50,1
MNB-00246,Clifton Branch,Clifton,Mesa County,CO,81520,39.10843,-108.47603,full_service,3440,2014,owned,n/a,bank,landlord_submeter,rtu_gas_heat,natural_gas,2014,R-410A,led,1,True,1,False,n/a,0,52,1
MNB-00247,Indian Head Branch,Indian Head,Fayette County,PA,15446,40.02234,-79.41317,full_service,5320,2022,leased,modified_gross,bank,direct_utility_meter,rtu_gas_heat,natural_gas,2022,R-410A,fluorescent,4,True,3,False,n/a,0,48,1
MNB-00248,Gilbert Branch,Gilbert,Maricopa County,AZ,85233,33.31136,-111.81689,full_service,6010,1979,owned,n/a,bank,direct_utility_meter,heat_pump,electricity,2016,R-410A,led,2,True,0,True,diesel,0,54,1
MNB-00249,Livonia Branch,Livonia,Livingston County,NY,14487,42.83275,-77.66917,full_service,4180,1997,leased,full_gross,landlord,shared_unmetered,split_ac_gas_furnace,natural_gas,2016,R-410A,fluorescent,1,False,0,False,n/a,0,42,3
MNB-00250,Arlington Branch,Arlington,Maricopa County,AZ,85322,33.30781,-112.80499,full_service,4350,2010,leased,modified_gross,bank,direct_utility_meter,heat_pump,electricity,2010,R-410A,led,1,True,0,False,n/a,0,42,1
MNB-00251,Walkerton Branch,Walkerton,St. Joseph County,IN,46574,41.46799,-86.45976,full_service,2500,1969,leased,modified_gross,bank,direct_utility_meter,boiler_with_split_ac,natural_gas,2013,R-410A,led,2,True,3,False,n/a,0,47,1
MNB-00252,Rowland Heights Branch,Rowland Heights,Los Angeles County,CA,91748,33.99751,-117.89315,full_service,3380,2014,owned,n/a,bank,landlord_submeter,rtu_gas_heat,natural_gas,2014,R-410A,led,2,False,2,False,n/a,0,48,1
MNB-00253,Delphos Branch,Delphos,Ottawa County,KS,67436,39.25387,-97.766,full_service,5510,2001,owned,n/a,bank,direct_utility_meter,heat_pump,electricity,2004,R-22,mixed,1,True,1,False,n/a,0,54,1
MNB-00254,Sherman Branch,Sherman,Grayson County,TX,75092,33.62218,-96.6267,full_service,4270,1968,leased,triple_net,bank,landlord_submeter,rtu_gas_heat,natural_gas,2014,R-410A,mixed,2,True,2,False,n/a,0,43,1
MNB-00255,Minneapolis Branch,Minneapolis,Hennepin County,MN,55404,44.94168,-93.25553,drive_thru_only,1090,2018,leased,modified_gross,landlord,landlord_submeter,rtu_gas_heat,natural_gas,2018,R-410A,fluorescent,2,False,1,False,n/a,0,48,3
MNB-00256,Ferris Branch,Ferris,Ellis County,TX,75125,32.51277,-96.66887,full_service,4370,1991,leased,triple_net,bank,direct_utility_meter,heat_pump,electricity,2015,R-410A,led,1,False,1,False,n/a,0,49,1
MNB-00257,Woodsfield Branch,Woodsfield,Monroe County,OH,43793,39.75678,-81.0793,full_service,8000,1970,owned,n/a,bank,direct_utility_meter,rtu_gas_heat,natural_gas,2009,R-22,mixed,2,False,1,True,diesel,0,51,1
MNB-00258,Metairie Branch,Metairie,Jefferson Parish,LA,70001,29.99339,-90.16217,full_service,3690,1972,owned,n/a,bank,direct_utility_meter,rtu_gas_heat,propane,2005,R-22,led,4,False,3,False,n/a,0,50,1
MNB-00259,Keene Branch,Keene,Albemarle County,VA,22946,37.85932,-78.58945,full_service,6790,2013,leased,triple_net,bank,landlord_submeter,rtu_gas_heat,natural_gas,2013,R-410A,led,4,False,3,True,diesel,0,50,2
MNB-00260,Warden Branch,Warden,Grant County,WA,98857,46.96005,-119.03474,full_service,4370,2021,leased,modified_gross,bank,direct_utility_meter,rtu_gas_heat,natural_gas,2021,R-410A,led,3,True,2,False,n/a,0,48,1
MNB-00261,Olympic Valley Branch,Olympic Valley,Placer County,CA,96146,39.14748,-120.19321,full_service,6980,1987,leased,triple_net,bank,landlord_submeter,rtu_gas_heat,natural_gas,2012,R-410A,led,2,False,0,False,n/a,0,49,1
MNB-00262,Bridgeport Branch,Bridgeport,Mono County,CA,93517,38.28985,-119.05473,full_service,2900,1960,leased,triple_net,bank,direct_utility_meter,rtu_gas_heat,natural_gas,2000,R-22,led,1,False,1,False,n/a,0,44,1
MNB-00263,Longwood Branch,Longwood,Seminole County,FL,32750,28.70634,-81.36811,express,1880,1963,leased,triple_net,bank,landlord_submeter,heat_pump,electricity,2001,R-22,mixed,4,True,0,False,n/a,0,49,3
MNB-00264,Wilmot Branch,Wilmot,Merrimack County,NH,03287,43.45401,-71.92688,full_service,3730,2006,leased,full_gross,landlord,landlord_submeter,rtu_gas_heat,natural_gas,2018,R-410A,led,1,False,2,False,n/a,0,47,3
MNB-00265,Le Claire Branch,Le Claire,Scott County,IA,52753,41.61662,-90.37674,full_service,4370,1987,leased,full_gross,landlord,shared_unmetered,rtu_gas_heat,natural_gas,2020,R-410A,mixed,1,False,3,False,n/a,0,52,3
MNB-00266,Richmond Dale Branch,Richmond Dale,Ross County,OH,45673,39.20556,-82.809,in_store,880,1991,leased,full_gross,landlord,shared_unmetered,host_building_system,unknown,,unknown,mixed,1,False,0,False,n/a,0,66,2
MNB-00267,Bradley Branch,Bradley,Clark County,SD,57217,45.08422,-97.63791,in_store,710,1984,leased,full_gross,landlord,landlord_submeter,host_building_system,unknown,,unknown,mixed,0,False,0,False,n/a,0,66,3
MNB-00268,North Bend Branch,North Bend,King County,WA,98045,47.47825,-121.76267,in_store,880,1994,leased,full_gross,landlord,shared_unmetered,host_building_system,unknown,,unknown,led,0,False,0,False,n/a,0,74,2
MNB-00269,Newport News Branch,Newport News,Newport News city,VA,23601,37.06436,-76.47287,full_service,3430,2005,leased,triple_net,bank,landlord_submeter,rtu_gas_heat,natural_gas,2012,R-410A,led,2,False,0,False,n/a,0,48,1
MNB-00270,Camden Branch,Camden,Preble County,OH,45311,39.60494,-84.6252,full_service,3280,1999,leased,triple_net,bank,landlord_submeter,rtu_gas_heat,natural_gas,2024,R-410A,mixed,1,True,3,False,n/a,0,45,3
MNB-00271,Windsor Branch,Windsor,Sonoma County,CA,95492,38.54214,-122.80788,full_service,4220,1969,leased,full_gross,landlord,shared_unmetered,rtu_gas_heat,natural_gas,2014,R-410A,led,2,True,1,False,n/a,0,46,3
MNB-00272,Merkel Branch,Merkel,Taylor County,TX,79536,32.44676,-99.99799,full_service,4150,1995,owned,n/a,bank,direct_utility_meter,split_ac_gas_furnace,natural_gas,2011,R-410A,led,1,False,3,False,n/a,0,48,2
MNB-00273,Detroit Branch,Detroit,Wayne County,MI,48206,42.38475,-83.11693,full_service,3970,1993,leased,triple_net,bank,direct_utility_meter,rtu_gas_heat,natural_gas,2001,R-22,mixed,4,True,1,False,n/a,0,47,1
MNB-00274,Panama Branch,Panama,Chautauqua County,NY,14767,42.05228,-79.46293,flagship,9540,1999,owned,n/a,bank,direct_utility_meter,rtu_gas_heat,natural_gas,2012,R-410A,mixed,2,True,0,True,diesel,0,54,1
MNB-00275,Raquette Lake Branch,Raquette Lake,Hamilton County,NY,13436,43.81935,-74.65839,in_store,870,1964,leased,full_gross,landlord,shared_unmetered,host_building_system,unknown,,unknown,led,1,False,0,False,n/a,0,76,3
MNB-00276,Castro Valley Branch,Castro Valley,Alameda County,CA,94552,37.70991,-122.02286,full_service,3760,1968,owned,n/a,bank,direct_utility_meter,split_ac_gas_furnace,natural_gas,2000,R-22,led,3,False,0,True,diesel,0,46,1
MNB-00277,Lutz Branch,Lutz,Hillsborough County,FL,33548,28.13709,-82.4885,full_service,6440,1998,owned,n/a,bank,direct_utility_meter,rtu_gas_heat,natural_gas,2012,R-410A,led,1,True,3,False,n/a,11,43,1
MNB-00278,Syracuse Branch,Syracuse,Davis County,UT,84075,41.09635,-112.04216,in_store,650,1979,leased,full_gross,landlord,shared_unmetered,host_building_system,unknown,,unknown,led,1,False,0,False,n/a,0,61,2
MNB-00279,Taneytown Branch,Taneytown,Carroll County,MD,21787,39.64188,-77.16977,full_service,5100,2004,leased,triple_net,bank,direct_utility_meter,rtu_gas_heat,natural_gas,2023,R-410A,led,4,False,3,False,n/a,0,49,2
MNB-00280,Allendale Branch,Allendale,Bergen County,NJ,07401,41.01714,-74.15457,full_service,4960,1987,owned,n/a,bank,direct_utility_meter,rtu_gas_heat,natural_gas,2022,R-410A,mixed,1,True,2,False,n/a,0,45,1
MNB-00281,Phelps Branch,Phelps,Ontario County,NY,14532,42.94041,-77.03016,full_service,3270,1975,owned,n/a,bank,direct_utility_meter,split_ac_gas_furnace,natural_gas,2017,R-410A,fluorescent,2,True,2,False,n/a,0,49,1
MNB-00282,Bancroft Branch,Bancroft,Caribou County,ID,83217,42.6925,-111.84452,in_store,710,2006,leased,modified_gross,bank,landlord_submeter,host_building_system,unknown,,unknown,led,0,False,0,False,n/a,0,77,1
MNB-00283,Hollytree Branch,Hollytree,Jackson County,AL,35751,34.78736,-86.26534,in_store,1050,1989,leased,full_gross,landlord,shared_unmetered,host_building_system,unknown,,unknown,led,1,False,0,False,n/a,0,63,3
MNB-00284,Atlantic Branch,Atlantic,Carteret County,NC,28511,34.89779,-76.36112,full_service,4520,1969,owned,n/a,bank,landlord_submeter,heat_pump,electricity,2019,R-410A,mixed,1,True,0,False,n/a,0,47,2
MNB-00285,Scotland Branch,Scotland,St. Mary's County,MD,20687,38.07938,-76.34968,full_service,5500,2015,leased,triple_net,bank,landlord_submeter,rtu_gas_heat,natural_gas,2015,R-410A,fluorescent,2,False,2,False,n/a,0,46,1
MNB-00286,Eagle River Branch,Eagle River,Anchorage Municipality,AK,99577,61.23767,-149.331,full_service,5170,1991,leased,triple_net,bank,direct_utility_meter,rtu_gas_heat,natural_gas,2024,R-410A,led,2,False,2,False,n/a,0,52,1
MNB-00287,Monkton Branch,Monkton,Baltimore County,MD,21111,39.57927,-76.58307,full_service,4600,2020,owned,n/a,bank,direct_utility_meter,split_ac_gas_furnace,natural_gas,2020,R-410A,fluorescent,2,True,2,False,n/a,0,47,1
MNB-00288,Albany Branch,Albany,Albany County,NY,12226,42.66853,-73.75246,in_store,680,1972,leased,full_gross,landlord,shared_unmetered,host_building_system,unknown,,unknown,mixed,0,False,0,False,n/a,0,76,3
MNB-00289,Modesto Branch,Modesto,Stanislaus County,CA,95354,37.64007,-120.9705,full_service,4940,2018,leased,modified_gross,bank,direct_utility_meter,rtu_gas_heat,natural_gas,2021,R-410A,led,1,True,0,False,n/a,0,54,1
MNB-00290,Humboldt Branch,Humboldt,Humboldt County,IA,50548,42.73584,-94.1969,in_store,780,2015,leased,full_gross,landlord,shared_unmetered,host_building_system,unknown,,unknown,led,0,False,0,False,n/a,0,74,3
MNB-00291,Rock Creek Branch,Rock Creek,Ashtabula County,OH,44084,41.66141,-80.84672,express,1280,1963,leased,full_gross,landlord,landlord_submeter,rtu_gas_heat,natural_gas,2014,R-410A,mixed,3,False,0,False,n/a,0,53,3
MNB-00292,Ansonia Branch,Ansonia,New Haven County,CT,06401,41.33265,-73.06502,full_service,4520,1998,owned,n/a,bank,direct_utility_meter,rtu_gas_heat,natural_gas,2001,R-22,mixed,4,False,3,False,n/a,0,51,1
MNB-00293,San Diego Branch #2,San Diego,San Diego County,CA,92116,32.75527,-117.14126,full_service,3970,2006,leased,triple_net,bank,direct_utility_meter,rtu_gas_heat,propane,2006,R-22,led,4,False,3,True,diesel,0,45,2
MNB-00294,Hallstead Branch,Hallstead,Susquehanna County,PA,18822,41.94203,-75.79095,in_store,580,1996,leased,full_gross,landlord,shared_unmetered,host_building_system,unknown,,unknown,mixed,0,False,0,False,n/a,0,74,2
MNB-00295,Altha Branch,Altha,Calhoun County,FL,32421,30.52124,-85.18245,full_service,6190,1988,owned,n/a,bank,direct_utility_meter,rtu_electric_heat,electricity,2016,R-410A,led,1,True,1,False,n/a,0,54,1
MNB-00296,Franklin Branch,Franklin,Pendleton County,WV,26807,38.6357,-79.34507,full_service,3370,2022,leased,triple_net,bank,direct_utility_meter,rtu_gas_heat,natural_gas,2022,R-410A,led,4,False,1,True,diesel,0,45,1
MNB-00297,Phoenix Branch #2,Phoenix,Maricopa County,AZ,85034,33.45094,-112.04005,full_service,2760,2008,leased,modified_gross,landlord,shared_unmetered,heat_pump,electricity,2008,R-22,led,4,False,1,True,diesel,0,53,3
MNB-00298,Bigfork Branch,Bigfork,Itasca County,MN,56628,47.77085,-93.68739,express,2190,2023,leased,triple_net,bank,direct_utility_meter,heat_pump,electricity,2023,R-410A,led,3,True,0,False,n/a,0,46,1
MNB-00299,Sunshine Branch,Sunshine,Iberville Parish,LA,70780,30.28161,-91.18216,full_service,2740,2017,leased,triple_net,bank,landlord_submeter,rtu_electric_heat,electricity,2017,R-410A,fluorescent,3,True,1,False,n/a,0,43,1
MNB-00300,Daphne Branch,Daphne,Baldwin County,AL,36527,30.70061,-87.90463,drive_thru_only,610,2015,owned,n/a,bank,landlord_submeter,rtu_gas_heat,natural_gas,2015,R-410A,led,4,False,0,False,n/a,0,49,1
MNB-00301,Salem Branch,Salem,Marion County,IL,62881,38.61391,-88.94874,full_service,5510,2010,leased,triple_net,bank,direct_utility_meter,heat_pump,electricity,2010,R-410A,mixed,2,False,3,False,n/a,0,50,1
MNB-00302,Black Rock Branch,Black Rock,Lawrence County,AR,72415,36.1206,-91.13746,full_service,4400,2005,leased,triple_net,bank,direct_utility_meter,rtu_gas_heat,natural_gas,2021,R-410A,mixed,2,True,3,False,n/a,0,42,1
MNB-00303,Forestville Branch,Forestville,Sonoma County,CA,95436,38.49073,-122.89785,full_service,4830,2019,owned,n/a,bank,direct_utility_meter,rtu_gas_heat,natural_gas,2019,R-410A,led,3,True,0,False,n/a,0,45,1
MNB-00304,Blountsville Branch,Blountsville,Blount County,AL,35031,34.07093,-86.56406,full_service,3670,2003,owned,n/a,bank,direct_utility_meter,heat_pump,electricity,2013,R-410A,mixed,1,False,1,False,n/a,0,46,2
MNB-00305,Stoney Fork Branch,Stoney Fork,Bell County,KY,40988,36.84344,-83.5117,full_service,2770,1960,owned,n/a,bank,direct_utility_meter,rtu_gas_heat,natural_gas,1998,R-22,mixed,4,False,3,False,n/a,0,50,1
MNB-00306,Farmington Branch,Farmington,Dakota County,MN,55024,44.65554,-93.14373,full_service,2940,2001,leased,modified_gross,bank,direct_utility_meter,rtu_gas_heat,natural_gas,2022,R-410A,led,3,True,0,False,n/a,0,51,1
MNB-00307,Benton Branch,Benton,Saline County,AR,72015,34.48689,-92.59467,full_service,3870,1963,owned,n/a,bank,direct_utility_meter,heat_pump,electricity,2008,R-22,mixed,2,True,0,False,n/a,0,50,3
MNB-00308,Clinton Branch,Clinton,Hinds County,MS,39056,32.32826,-90.31308,full_service,2860,2022,owned,n/a,bank,direct_utility_meter,heat_pump,electricity,2022,R-410A,mixed,4,True,2,False,n/a,0,49,1
MNB-00309,Live Oak Branch,Live Oak,Suwannee County,FL,32060,30.16805,-83.04717,full_service,4600,2005,leased,triple_net,bank,direct_utility_meter,heat_pump,electricity,2007,R-22,led,1,False,3,False,n/a,0,54,1
MNB-00310,Mccloud Branch,Mccloud,Siskiyou County,CA,96057,41.25263,-122.12435,full_service,3650,2000,leased,triple_net,bank,direct_utility_meter,rtu_gas_heat,natural_gas,2007,R-22,led,4,False,1,False,n/a,0,52,1
MNB-00311,Wattsburg Branch,Wattsburg,Erie County,PA,16442,42.03683,-79.8323,full_service,4430,1972,leased,triple_net,bank,direct_utility_meter,rtu_gas_heat,natural_gas,2006,R-22,led,3,False,0,True,diesel,19,51,1
MNB-00312,Mount Vernon Branch,Mount Vernon,Westchester County,NY,10550,40.91184,-73.8639,flagship,14890,1997,leased,triple_net,bank,direct_utility_meter,rtu_gas_heat,natural_gas,2022,R-410A,led,1,True,0,True,diesel,0,56,3
MNB-00313,Los Molinos Branch,Los Molinos,Tehama County,CA,96055,40.05404,-122.09965,full_service,4710,1985,owned,n/a,bank,direct_utility_meter,split_ac_gas_furnace,natural_gas,2000,R-22,mixed,3,False,2,False,n/a,0,48,1
MNB-00314,Southside Branch,Southside,Montgomery County,TN,37171,36.37845,-87.31834,full_service,4870,2007,leased,modified_gross,bank,direct_utility_meter,heat_pump,electricity,2020,R-410A,led,4,False,2,False,n/a,0,45,2
MNB-00315,Muskego Branch,Muskego,Waukesha County,WI,53150,42.90059,-88.12018,full_service,3780,2003,leased,triple_net,bank,direct_utility_meter,rtu_gas_heat,natural_gas,2004,R-22,led,1,False,1,False,n/a,0,49,2
MNB-00316,Topsfield Branch,Topsfield,Washington County,ME,04490,45.41268,-67.76023,full_service,4430,1996,owned,n/a,bank,direct_utility_meter,heat_pump,electricity,2000,R-22,led,3,False,3,False,n/a,0,48,1
MNB-00317,Lewes Branch,Lewes,Sussex County,DE,19958,38.75091,-75.16961,in_store,680,1977,leased,full_gross,landlord,landlord_submeter,host_building_system,unknown,,unknown,fluorescent,1,False,0,False,n/a,0,75,3
MNB-00318,Pittsburgh Branch,Pittsburgh,Allegheny County,PA,15260,40.43922,-79.95287,full_service,2200,1998,leased,triple_net,bank,direct_utility_meter,rtu_gas_heat,natural_gas,2009,R-22,led,2,False,0,True,diesel,0,46,2
MNB-00319,Jefferson Branch,Jefferson,Park County,CO,80456,39.28928,-105.6697,full_service,5090,1993,owned,n/a,bank,direct_utility_meter,rtu_gas_heat,natural_gas,2022,R-410A,mixed,1,True,3,False,n/a,0,46,1
MNB-00320,Penn Laird Branch,Penn Laird,Rockingham County,VA,22846,38.3796,-78.77942,in_store,670,2017,leased,full_gross,landlord,shared_unmetered,host_building_system,unknown,,unknown,fluorescent,1,False,0,False,n/a,0,71,3
MNB-00321,Knoxville Branch,Knoxville,Knox County,TN,37921,35.97773,-84.01222,full_service,4970,2019,owned,n/a,bank,direct_utility_meter,rtu_electric_heat,electricity,2019,R-410A,led,2,False,2,False,n/a,0,46,1
MNB-00322,Garnerville Branch,Garnerville,Rockland County,NY,10923,41.20629,-74.00346,express,1300,2012,leased,full_gross,landlord,shared_unmetered,rtu_gas_heat,natural_gas,2021,R-410A,fluorescent,3,True,0,False,n/a,0,48,2
MNB-00323,Fayette Branch,Fayette,Fayette County,AL,35555,33.72081,-87.85073,flagship,12330,1983,owned,n/a,bank,direct_utility_meter,rtu_electric_heat,electricity,2004,R-22,fluorescent,3,True,0,True,diesel,0,56,2
MNB-00324,Milwaukee Branch,Milwaukee,Milwaukee County,WI,53215,43.03092,-87.93803,full_service,3020,1955,leased,full_gross,landlord,shared_unmetered,rtu_gas_heat,natural_gas,2010,R-410A,led,3,True,3,False,n/a,0,46,1
MNB-00325,Emerson Branch,Emerson,Lewis County,KY,41135,38.35713,-83.28062,full_service,5250,2021,owned,n/a,bank,direct_utility_meter,split_ac_gas_furnace,natural_gas,2021,R-410A,mixed,2,False,3,False,n/a,0,53,2
MNB-00326,Isleton Branch,Isleton,Sacramento County,CA,95641,38.15892,-121.57697,full_service,2750,2024,leased,triple_net,bank,direct_utility_meter,rtu_gas_heat,natural_gas,2024,R-410A,led,4,False,3,False,n/a,0,43,1
MNB-00327,New York Branch #2,New York,New York County,NY,10026,40.81481,-73.96056,full_service,3170,1965,leased,triple_net,bank,direct_utility_meter,rtu_gas_heat,natural_gas,2013,R-410A,fluorescent,2,False,2,False,n/a,0,53,1
MNB-00328,Fort Pierce Branch,Fort Pierce,St. Lucie County,FL,34950,27.43845,-80.34171,full_service,4930,2008,owned,n/a,bank,direct_utility_meter,heat_pump,electricity,2008,R-22,mixed,4,False,1,True,diesel,0,42,1
MNB-00329,Williamson Branch,Williamson,Wayne County,NY,14589,43.2461,-77.17691,full_service,3470,1991,owned,n/a,bank,direct_utility_meter,heat_pump,electricity,2018,R-410A,led,2,True,0,False,n/a,0,51,1
MNB-00330,Ty Ty Branch,TY TY,Tift County,GA,31795,31.47149,-83.64425,full_service,3170,1968,leased,triple_net,bank,direct_utility_meter,rtu_electric_heat,electricity,2005,R-22,led,3,True,1,False,n/a,0,48,1
MNB-00331,Norwich Branch,Norwich,New London County,CT,06360,41.54087,-72.08032,full_service,5510,2024,owned,n/a,bank,direct_utility_meter,split_ac_gas_furnace,natural_gas,2024,R-410A,led,3,True,0,False,n/a,0,54,2
MNB-00332,Deltona Branch,Deltona,Volusia County,FL,32738,28.8993,-81.19284,full_service,5580,2021,owned,n/a,bank,direct_utility_meter,rtu_gas_heat,natural_gas,2021,R-410A,led,1,True,1,False,n/a,0,45,3
MNB-00333,Moss Beach Branch,Moss Beach,San Mateo County,CA,94038,37.51193,-122.49376,flagship,18680,2024,leased,triple_net,bank,direct_utility_meter,rtu_gas_heat,natural_gas,2024,R-410A,led,1,False,0,True,diesel,0,54,1
MNB-00334,Circleville Branch,Circleville,Pickaway County,OH,43113,39.57392,-82.9374,express,2220,1967,leased,triple_net,bank,direct_utility_meter,rtu_gas_heat,natural_gas,2024,R-410A,mixed,1,False,0,False,n/a,0,51,1
MNB-00335,Chattaroy Branch,Chattaroy,Spokane County,WA,99003,47.90579,-117.28027,full_service,3910,1995,leased,full_gross,landlord,landlord_submeter,rtu_gas_heat,natural_gas,2015,R-410A,led,2,True,1,False,n/a,0,42,3
MNB-00336,Dennison Branch,Dennison,Goodhue County,MN,55018,44.421,-92.94894,in_store,610,2019,leased,modified_gross,landlord,landlord_submeter,host_building_system,unknown,,unknown,led,1,False,0,False,n/a,0,67,3
MNB-00337,Albany Branch,Albany,Alameda County,CA,94706,37.88648,-122.29554,full_service,3450,2007,leased,triple_net,bank,landlord_submeter,split_ac_gas_furnace,natural_gas,2017,R-410A,led,3,False,3,True,diesel,0,43,1
MNB-00338,Anza Branch,Anza,Riverside County,CA,92539,33.59205,-116.71728,in_store,670,1991,leased,full_gross,landlord,shared_unmetered,host_building_system,unknown,,unknown,fluorescent,1,False,0,False,n/a,0,76,2
MNB-00339,Mission Viejo Branch,Mission Viejo,Orange County,CA,92691,33.62607,-117.63308,full_service,3580,1997,owned,n/a,bank,direct_utility_meter,split_ac_gas_furnace,natural_gas,2024,R-410A,fluorescent,1,True,2,False,n/a,0,47,1
MNB-00340,Searchlight Branch,Searchlight,Clark County,NV,89046,35.50165,-114.8964,express,1610,1955,leased,triple_net,bank,direct_utility_meter,rtu_gas_heat,natural_gas,2022,R-410A,fluorescent,3,True,0,False,n/a,0,46,1
MNB-00341,Asbury Branch,Asbury,Hunterdon County,NJ,08802,40.69917,-75.02452,full_service,5020,2003,leased,modified_gross,bank,direct_utility_meter,split_ac_gas_furnace,natural_gas,2023,R-410A,led,3,False,3,False,n/a,0,47,1
MNB-00342,Avoca Branch,Avoca,Pottawattamie County,IA,51521,41.47192,-95.3599,full_service,5990,2017,leased,triple_net,bank,direct_utility_meter,heat_pump,electricity,2019,R-410A,led,1,False,1,False,n/a,0,49,1
MNB-00343,Los Angeles Branch,Los Angeles,Los Angeles County,CA,90049,34.06259,-118.45257,flagship,16410,1950,leased,triple_net,bank,direct_utility_meter,rtu_gas_heat,natural_gas,2000,R-22,mixed,3,False,0,True,diesel,0,50,3
MNB-00344,Plainfield Branch,Plainfield,Union County,NJ,07063,40.60702,-74.43206,full_service,7190,1969,leased,triple_net,bank,direct_utility_meter,split_ac_gas_furnace,natural_gas,2018,R-410A,mixed,1,True,2,False,n/a,0,54,2
MNB-00345,Conception Branch,Conception,Nodaway County,MO,64433,40.25023,-94.69504,full_service,3390,1997,leased,modified_gross,bank,direct_utility_meter,rtu_gas_heat,natural_gas,2004,R-22,led,2,False,2,False,n/a,0,47,1
MNB-00346,Spotswood Branch,Spotswood,Middlesex County,NJ,08884,40.38063,-74.38325,in_store,410,2000,leased,modified_gross,landlord,shared_unmetered,host_building_system,unknown,,unknown,led,0,False,0,False,n/a,0,60,3
MNB-00347,Burr Hill Branch,Burr Hill,Orange County,VA,22433,38.35737,-77.86881,in_store,770,1985,leased,modified_gross,bank,direct_utility_meter,host_building_system,unknown,,unknown,fluorescent,0,False,0,False,n/a,34,72,3
MNB-00348,Boston Branch,Boston,Suffolk County,MA,02108,42.3439,-71.0746,in_store,530,1954,leased,full_gross,landlord,landlord_submeter,host_building_system,unknown,,unknown,fluorescent,0,False,0,False,n/a,0,67,3
MNB-00349,Franklin Park Branch,Franklin Park,Somerset County,NJ,08823,40.44218,-74.5278,in_store,600,2011,leased,full_gross,landlord,landlord_submeter,host_building_system,unknown,,unknown,mixed,0,False,0,False,n/a,0,62,3
MNB-00350,Drumright Branch,Drumright,Creek County,OK,74030,36.02427,-96.51513,in_store,410,1976,leased,modified_gross,landlord,shared_unmetered,host_building_system,unknown,,unknown,led,1,False,0,False,n/a,0,74,3
MNB-00351,Elverta Branch,Elverta,Sacramento County,CA,95626,38.72598,-121.44711,full_service,3200,2005,leased,modified_gross,bank,direct_utility_meter,rtu_gas_heat,natural_gas,2016,R-410A,fluorescent,1,True,2,False,n/a,0,44,1
MNB-00352,Seibert Branch,Seibert,Kit Carson County,CO,80834,39.3355,-102.8827,full_service,2670,2000,leased,modified_gross,bank,direct_utility_meter,rtu_gas_heat,natural_gas,2020,R-410A,led,2,True,2,False,n/a,0,43,1
MNB-00353,Deville Branch,Deville,Rapides Parish,LA,71328,31.3585,-92.16023,in_store,580,1991,leased,full_gross,landlord,shared_unmetered,host_building_system,unknown,,unknown,led,1,False,0,False,n/a,0,65,3
MNB-00354,Fort Mohave Branch,Fort Mohave,Mohave County,AZ,86426,35.01447,-114.56185,drive_thru_only,900,2002,leased,full_gross,landlord,shared_unmetered,heat_pump,electricity,2012,R-410A,led,2,False,0,False,n/a,0,47,3
MNB-00355,Baldwin Branch,Baldwin,Jackson County,IA,52207,42.07252,-90.81929,full_service,4310,2008,owned,n/a,bank,direct_utility_meter,rtu_gas_heat,natural_gas,2008,R-22,led,1,False,2,False,n/a,0,52,3
MNB-00356,Isabel Branch,Isabel,Dewey County,SD,57633,45.39416,-101.44619,full_service,6090,2001,owned,n/a,bank,landlord_submeter,split_ac_gas_furnace,natural_gas,2001,R-22,fluorescent,1,False,1,False,n/a,0,54,1
MNB-00357,Monterey Park Branch,Monterey Park,Los Angeles County,CA,91754,34.04405,-118.10677,in_store,760,2000,leased,full_gross,landlord,shared_unmetered,host_building_system,unknown,,unknown,led,1,False,0,False,n/a,0,75,3
MNB-00358,Atascosa Branch,Atascosa,Bexar County,TX,78002,29.27566,-98.75471,full_service,2580,1992,owned,n/a,bank,landlord_submeter,rtu_electric_heat,electricity,2008,R-22,led,4,False,0,False,n/a,0,52,1
MNB-00359,Whittier Branch,Whittier,Los Angeles County,CA,90605,33.93108,-118.03047,full_service,5040,1991,leased,triple_net,bank,direct_utility_meter,rtu_gas_heat,natural_gas,2009,R-22,fluorescent,1,False,1,True,diesel,0,42,1
MNB-00360,Rosendale Branch,Rosendale,Ulster County,NY,12472,41.84819,-74.07684,drive_thru_only,1020,1995,owned,n/a,bank,landlord_submeter,split_ac_gas_furnace,natural_gas,2015,R-410A,led,2,False,3,False,n/a,0,48,1
MNB-00361,Glen Rose Branch,Glen Rose,Somervell County,TX,76043,32.24282,-97.74179,full_service,4070,1993,owned,n/a,bank,landlord_submeter,heat_pump,electricity,2009,R-22,mixed,1,True,3,False,n/a,0,47,1
MNB-00362,Salem Branch,Salem,Salem County,NJ,08079,39.5635,-75.46294,full_service,4170,1992,leased,triple_net,bank,direct_utility_meter,rtu_gas_heat,natural_gas,2001,R-22,led,1,True,3,False,n/a,0,44,1
MNB-00363,Red Feather Lakes Branch,Red Feather Lakes,Larimer County,CO,80545,40.86247,-105.69812,full_service,4460,1974,leased,modified_gross,bank,direct_utility_meter,rtu_gas_heat,natural_gas,2021,R-410A,mixed,3,True,2,False,n/a,0,45,1
MNB-00364,Gadsden Branch,Gadsden,Etowah County,AL,35907,33.90335,-86.03614,full_service,3410,2010,leased,triple_net,bank,direct_utility_meter,rtu_gas_heat,natural_gas,2010,R-410A,fluorescent,2,True,3,False,n/a,0,51,3
MNB-00365,Dayton Branch,Dayton,Montgomery County,OH,45410,39.7437,-84.15612,drive_thru_only,950,1966,owned,n/a,bank,direct_utility_meter,rtu_gas_heat,natural_gas,2017,R-410A,mixed,3,False,2,False,n/a,0,49,3
MNB-00366,Big Sur Branch,Big Sur,Monterey County,CA,93920,36.25703,-121.71738,full_service,5990,2020,leased,full_gross,landlord,landlord_submeter,rtu_gas_heat,natural_gas,2020,R-410A,mixed,1,False,0,False,n/a,0,53,3
MNB-00367,Rockford Branch #2,Rockford,Winnebago County,IL,61104,42.23342,-89.08254,full_service,3400,2004,leased,modified_gross,landlord,shared_unmetered,rtu_gas_heat,natural_gas,2004,R-22,mixed,3,False,2,False,n/a,0,44,2
MNB-00368,Las Vegas Branch,Las Vegas,Clark County,NV,89129,36.24097,-115.30013,full_service,3080,1956,leased,triple_net,bank,direct_utility_meter,split_ac_gas_furnace,natural_gas,2022,R-410A,mixed,2,False,0,False,n/a,0,47,1
MNB-00369,Sparta Branch,Sparta,Randolph County,IL,62286,38.10791,-89.70061,full_service,4120,2006,owned,n/a,bank,direct_utility_meter,rtu_gas_heat,natural_gas,2024,R-410A,mixed,1,True,1,False,n/a,0,54,1
MNB-00370,San Antonio Branch,San Antonio,Bexar County,TX,78232,29.56836,-98.4829,full_service,2990,1986,owned,n/a,bank,landlord_submeter,rtu_gas_heat,natural_gas,2016,R-410A,led,4,False,3,False,n/a,0,50,2
MNB-00371,Tarzana Branch,Tarzana,Los Angeles County,CA,91356,34.18347,-118.55926,full_service,2500,2021,leased,full_gross,landlord,landlord_submeter,heat_pump,electricity,2021,R-410A,led,2,True,3,False,n/a,0,53,3
MNB-00372,Pierson Branch,Pierson,Montcalm County,MI,49339,43.34624,-85.50037,full_service,3780,2021,leased,triple_net,bank,direct_utility_meter,rtu_gas_heat,natural_gas,2021,R-410A,mixed,3,True,2,False,n/a,0,47,1
MNB-00373,Shelby Branch,Shelby,Cleveland County,NC,28152,35.26027,-81.54939,full_service,6480,2017,owned,n/a,bank,direct_utility_meter,rtu_electric_heat,electricity,2017,R-410A,led,3,False,2,False,n/a,0,47,1
MNB-00374,Jackson Branch,Jackson,Washington County,WI,53037,43.30717,-88.15304,full_service,4150,2000,owned,n/a,bank,direct_utility_meter,split_ac_gas_furnace,natural_gas,2004,R-22,led,1,False,1,False,n/a,0,48,1
MNB-00375,Clements Branch,Clements,St. Mary's County,MD,20624,38.30513,-76.73481,full_service,4430,2020,leased,modified_gross,bank,direct_utility_meter,split_ac_gas_furnace,natural_gas,2023,R-410A,led,2,True,3,False,n/a,0,53,2
MNB-00376,Glen Rock Branch,Glen Rock,Bergen County,NJ,07452,40.95368,-74.10618,full_service,2210,2005,leased,triple_net,bank,direct_utility_meter,split_ac_gas_furnace,natural_gas,2016,R-410A,led,2,False,2,False,n/a,0,52,1
MNB-00377,Washington Branch,Washington,District of Columbia,DC,20011,38.98084,-77.01131,full_service,4780,2018,leased,triple_net,bank,landlord_submeter,split_ac_gas_furnace,natural_gas,2018,R-410A,led,4,False,2,False,n/a,0,44,1
MNB-00378,Tucson Branch #2,Tucson,Pima County,AZ,85708,32.18522,-110.8814,full_service,4310,1969,leased,triple_net,bank,landlord_submeter,rtu_electric_heat,electricity,2020,R-410A,led,2,False,2,False,n/a,0,52,3
MNB-00379,Finland Branch,Finland,Lake County,MN,55603,47.41299,-91.2206,full_service,3440,2020,leased,triple_net,bank,direct_utility_meter,split_ac_gas_furnace,natural_gas,2020,R-410A,led,3,False,3,True,diesel,0,52,1
MNB-00380,Vaughn Branch,Vaughn,Pierce County,WA,98394,47.33648,-122.76633,full_service,4430,2006,leased,full_gross,landlord,landlord_submeter,rtu_gas_heat,natural_gas,2009,R-22,led,1,False,2,False,n/a,0,49,3
MNB-00381,Brownsville Branch,Brownsville,Cameron County,TX,78521,25.90337,-97.46435,in_store,670,1982,leased,full_gross,landlord,shared_unmetered,host_building_system,unknown,,unknown,fluorescent,0,False,0,False,n/a,0,66,2
MNB-00382,Milford Branch,Milford,Geary County,KS,66514,39.16563,-96.91203,full_service,3050,2024,owned,n/a,bank,direct_utility_meter,heat_pump,electricity,2024,R-410A,led,2,False,1,False,n/a,0,44,2
MNB-00383,Tram Branch,Tram,Floyd County,KY,41663,37.57369,-82.62993,in_store,700,2008,leased,full_gross,landlord,landlord_submeter,host_building_system,unknown,,unknown,fluorescent,1,False,0,False,n/a,0,67,3
MNB-00384,La Rue Branch,La Rue,Marion County,OH,43332,40.57787,-83.38238,in_store,870,2020,leased,full_gross,landlord,landlord_submeter,host_building_system,unknown,,unknown,led,1,False,0,False,n/a,0,68,3
MNB-00385,Desha Branch,Desha,Independence County,AR,72527,35.75059,-91.6974,full_service,3920,1950,leased,full_gross,landlord,landlord_submeter,rtu_gas_heat,natural_gas,2014,R-410A,mixed,2,True,1,False,n/a,0,52,3
MNB-00386,Repton Branch,Repton,Conecuh County,AL,36475,31.42974,-87.16054,full_service,3230,1999,owned,n/a,bank,landlord_submeter,rtu_gas_heat,natural_gas,2015,R-410A,led,1,True,0,False,n/a,0,51,1
MNB-00387,Lakewood Branch,Lakewood,Pierce County,WA,98499,47.17572,-122.49269,full_service,3980,2009,leased,triple_net,bank,direct_utility_meter,rtu_gas_heat,natural_gas,2015,R-410A,led,4,True,2,False,n/a,0,44,1
MNB-00388,Palo Alto Branch,Palo Alto,San Mateo County,CA,94303,37.45904,-122.14072,full_service,5420,1952,leased,triple_net,bank,direct_utility_meter,rtu_gas_heat,natural_gas,2020,R-410A,mixed,2,False,3,True,diesel,0,42,1
MNB-00389,Orlando Branch,Orlando,Orange County,FL,32820,28.58327,-81.12537,full_service,2900,2012,owned,n/a,bank,landlord_submeter,heat_pump,electricity,2012,R-410A,fluorescent,1,True,0,False,n/a,0,50,1
MNB-00390,Channing Branch,Channing,Hartley County,TX,79018,35.70325,-102.35107,full_service,4990,2006,leased,full_gross,landlord,shared_unmetered,rtu_gas_heat,natural_gas,2021,R-410A,led,2,False,3,False,n/a,0,49,3
MNB-00391,Rodeo Branch,Rodeo,Contra Costa County,CA,94572,38.01906,-122.27077,drive_thru_only,840,1979,owned,n/a,bank,direct_utility_meter,heat_pump,electricity,2013,R-410A,led,4,False,3,False,n/a,0,51,3
MNB-00392,Baconton Branch,Baconton,Mitchell County,GA,31716,31.37715,-84.10968,full_service,4510,2008,owned,n/a,bank,direct_utility_meter,heat_pump,electricity,2010,R-410A,led,4,True,3,False,n/a,31,50,1
MNB-00393,Talala Branch,Talala,Rogers County,OK,74080,36.55893,-95.71585,in_store,560,1966,leased,modified_gross,bank,landlord_submeter,host_building_system,unknown,,unknown,fluorescent,1,False,0,False,n/a,0,77,2
MNB-00394,Blue Creek Branch,Blue Creek,Adams County,OH,45616,38.7753,-83.3293,in_store,560,2015,leased,modified_gross,bank,direct_utility_meter,host_building_system,unknown,,unknown,led,1,False,0,False,n/a,0,72,2
MNB-00395,Norman Branch,Norman,Cleveland County,OK,73071,35.24985,-97.39423,full_service,6630,2018,owned,n/a,bank,landlord_submeter,rtu_gas_heat,natural_gas,2018,R-410A,led,1,True,3,False,n/a,0,47,1
MNB-00396,Newark Branch,Newark,Essex County,NJ,07102,40.72669,-74.19075,express,1260,1995,leased,modified_gross,landlord,shared_unmetered,split_ac_gas_furnace,natural_gas,2023,R-410A,led,1,True,0,False,n/a,0,48,2
MNB-00397,Midland Branch,Midland,Beaver County,PA,15059,40.69676,-80.49363,flagship,16990,1996,leased,triple_net,bank,direct_utility_meter,rtu_gas_heat,natural_gas,2002,R-22,led,3,False,0,True,diesel,0,50,1
MNB-00398,Salt Lake City Branch,Salt Lake City,Salt Lake County,UT,84115,40.71608,-111.89084,full_service,7060,1989,leased,full_gross,landlord,shared_unmetered,split_ac_gas_furnace,natural_gas,2010,R-410A,mixed,3,True,2,False,n/a,0,47,3
MNB-00399,Roxbury Branch,Roxbury,Suffolk County,MA,02119,42.3282,-71.10375,full_service,5150,1985,leased,modified_gross,bank,direct_utility_meter,rtu_gas_heat,natural_gas,2001,R-22,fluorescent,1,False,1,False,n/a,0,43,1
MNB-00400,Cornell Branch,Cornell,Livingston County,IL,61319,41.04978,-88.74962,full_service,2810,2018,leased,triple_net,bank,direct_utility_meter,rtu_gas_heat,natural_gas,2018,R-410A,fluorescent,1,True,1,False,n/a,0,50,1
MNB-00401,Shedd Branch,Shedd,Linn County,OR,97377,44.44866,-123.0956,full_service,2850,1982,owned,n/a,bank,direct_utility_meter,split_ac_gas_furnace,natural_gas,2010,R-410A,led,2,False,1,False,n/a,0,42,1
MNB-00402,Palmetto Branch,Palmetto,Fulton County,GA,30268,33.51291,-84.67552,full_service,3350,1989,owned,n/a,bank,direct_utility_meter,rtu_electric_heat,electricity,2011,R-410A,led,1,False,0,False,n/a,0,46,1
MNB-00403,Rockford Branch,Rockford,Kent County,MI,49341,43.10982,-85.49207,full_service,4400,1981,owned,n/a,bank,direct_utility_meter,boiler_with_split_ac,natural_gas,2005,R-22,fluorescent,2,False,1,True,diesel,0,47,2
MNB-00404,Tampa Branch,Tampa,Hillsborough County,FL,33624,28.08443,-82.54479,full_service,4490,2006,leased,modified_gross,bank,direct_utility_meter,heat_pump,electricity,2014,R-410A,led,3,True,3,False,n/a,0,53,3
MNB-00405,Naples Branch,Naples,Collier County,FL,34105,26.17501,-81.76369,in_store,470,2015,leased,modified_gross,bank,direct_utility_meter,host_building_system,unknown,,unknown,led,1,False,0,False,n/a,0,68,1
MNB-00406,Whittier Branch #2,Whittier,Los Angeles County,CA,90606,33.98535,-118.0614,full_service,3230,1969,leased,triple_net,bank,direct_utility_meter,split_ac_gas_furnace,natural_gas,2018,R-410A,fluorescent,1,True,0,False,n/a,0,42,2
MNB-00407,Pine Branch,Pine,Gila County,AZ,85544,34.33703,-111.54627,full_service,3290,1977,leased,modified_gross,bank,direct_utility_meter,heat_pump,electricity,2009,R-22,fluorescent,3,False,1,False,n/a,0,49,1
MNB-00408,Roselle Park Branch,Roselle Park,Union County,NJ,07204,40.67887,-74.26339,full_service,3970,1963,leased,triple_net,bank,direct_utility_meter,split_ac_gas_furnace,natural_gas,2000,R-22,mixed,3,True,0,False,n/a,0,53,3
MNB-00409,Schenevus Branch,Schenevus,Otsego County,NY,12155,42.56127,-74.82818,in_store,1060,1969,leased,full_gross,landlord,landlord_submeter,host_building_system,unknown,,unknown,led,0,False,0,False,n/a,0,71,2
MNB-00410,Rockfall Branch,Rockfall,Middlesex County,CT,06481,41.52506,-72.69141,full_service,3170,1989,owned,n/a,bank,direct_utility_meter,rtu_gas_heat,natural_gas,2013,R-410A,led,2,False,3,True,diesel,0,53,3
MNB-00411,Miami Branch #2,Miami,Miami-Dade County,FL,33146,25.70026,-80.26011,full_service,3130,2013,owned,n/a,bank,direct_utility_meter,split_ac_gas_furnace,natural_gas,2013,R-410A,mixed,1,False,2,False,n/a,0,48,1
MNB-00412,Pigeon Branch,Pigeon,Huron County,MI,48755,43.80799,-83.27223,in_store,480,1999,leased,full_gross,landlord,shared_unmetered,host_building_system,unknown,,unknown,led,0,False,0,False,n/a,0,61,2
MNB-00413,Americus Branch,Americus,Sumter County,GA,31719,32.08627,-84.31973,full_service,5080,1957,leased,triple_net,bank,direct_utility_meter,rtu_electric_heat,electricity,2012,R-410A,mixed,3,True,0,False,n/a,44,49,1
MNB-00414,Metamora Branch,Metamora,Woodford County,IL,61548,40.78225,-89.4425,in_store,640,2004,leased,full_gross,landlord,shared_unmetered,host_building_system,unknown,,unknown,led,1,False,0,False,n/a,0,68,3
MNB-00415,Pleasant Lake Branch,Pleasant Lake,Steuben County,IN,46779,41.58126,-85.01452,full_service,3200,2014,leased,full_gross,landlord,shared_unmetered,split_ac_gas_furnace,natural_gas,2017,R-410A,led,4,True,3,False,n/a,0,46,3
MNB-00416,Bradley Branch,Bradley,Monterey County,CA,93426,35.80739,-120.97255,full_service,3760,1988,leased,full_gross,landlord,shared_unmetered,rtu_gas_heat,natural_gas,2005,R-22,fluorescent,3,False,2,False,n/a,0,47,3
MNB-00417,Hortense Branch,Hortense,Brantley County,GA,31543,31.32234,-81.99193,in_store,530,1977,leased,full_gross,landlord,landlord_submeter,host_building_system,unknown,,unknown,fluorescent,1,False,0,False,n/a,0,62,1
MNB-00418,Bloomfield Branch,Bloomfield,Hartford County,CT,06002,41.8195,-72.70999,drive_thru_only,1070,2012,owned,n/a,bank,direct_utility_meter,split_ac_gas_furnace,natural_gas,2018,R-410A,led,4,True,2,False,n/a,59,45,1
MNB-00419,Junction City Branch,Junction City,Lane County,OR,97448,44.20728,-123.22836,in_store,1100,1953,leased,full_gross,landlord,shared_unmetered,host_building_system,unknown,,unknown,mixed,1,False,0,False,n/a,0,69,2
MNB-00420,Keedysville Branch,Keedysville,Washington County,MD,21756,39.46425,-77.70423,full_service,4950,2015,owned,n/a,bank,direct_utility_meter,rtu_gas_heat,natural_gas,2019,R-410A,mixed,1,True,0,False,n/a,0,47,1
MNB-00421,Pep Branch,Pep,Roosevelt County,NM,88126,33.84082,-103.32356,in_store,630,2014,leased,modified_gross,landlord,shared_unmetered,host_building_system,unknown,,unknown,mixed,1,False,0,False,n/a,0,61,2
MNB-00422,Milroy Branch,Milroy,Rush County,IN,46156,39.50218,-85.51253,full_service,3440,2019,leased,triple_net,bank,direct_utility_meter,rtu_gas_heat,natural_gas,2019,R-410A,led,4,False,1,False,n/a,0,52,1
MNB-00423,Los Angeles Branch #2,Los Angeles,Los Angeles County,CA,90062,34.00676,-118.31556,in_store,460,1961,leased,full_gross,landlord,shared_unmetered,host_building_system,unknown,,unknown,mixed,1,False,0,False,n/a,0,68,2
MNB-00424,Morehead City Branch,Morehead City,Carteret County,NC,28557,34.74972,-76.7488,drive_thru_only,1200,1963,owned,n/a,bank,direct_utility_meter,rtu_gas_heat,natural_gas,2018,R-410A,fluorescent,2,True,3,False,n/a,0,47,1
MNB-00425,Webbville Branch,Webbville,Lawrence County,KY,41180,38.16235,-82.76833,full_service,5140,2018,owned,n/a,bank,landlord_submeter,rtu_gas_heat,natural_gas,2018,R-410A,fluorescent,2,True,3,False,n/a,0,49,1
MNB-00426,Lagrange Branch,Lagrange,Troup County,GA,30241,33.02122,-84.93822,full_service,3650,1994,owned,n/a,bank,direct_utility_meter,rtu_gas_heat,natural_gas,2014,R-410A,led,4,True,2,False,n/a,0,53,1
MNB-00427,Friant Branch,Friant,Fresno County,CA,93626,37.03316,-119.67638,full_service,6040,1988,owned,n/a,bank,direct_utility_meter,split_ac_gas_furnace,natural_gas,2010,R-410A,mixed,1,False,2,False,n/a,0,51,1
MNB-00428,Jasper Branch,Jasper,Dubois County,IN,47546,38.34801,-86.92395,full_service,4220,2001,owned,n/a,bank,direct_utility_meter,rtu_gas_heat,propane,2009,R-22,fluorescent,1,True,1,False,n/a,0,52,1
MNB-00429,Lincoln Branch,Lincoln,Logan County,IL,62656,40.13017,-89.3589,full_service,5290,1958,owned,n/a,bank,direct_utility_meter,split_ac_gas_furnace,natural_gas,2006,R-22,fluorescent,3,False,3,False,n/a,0,47,1
MNB-00430,Rigby Branch,Rigby,Jefferson County,ID,83442,43.66083,-111.91558,full_service,4590,2005,leased,triple_net,bank,direct_utility_meter,rtu_gas_heat,natural_gas,2019,R-410A,mixed,4,False,0,False,n/a,0,44,1
MNB-00431,Jbphh Branch,Jbphh,Honolulu County,HI,96853,21.32885,-157.93977,full_service,3980,2022,owned,n/a,bank,direct_utility_meter,split_ac_gas_furnace,natural_gas,2022,R-410A,led,3,False,1,False,n/a,0,54,1
MNB-00432,Las Vegas Branch #2,Las Vegas,Clark County,NV,89103,36.11891,-115.22491,full_service,3150,2007,owned,n/a,bank,direct_utility_meter,split_ac_gas_furnace,natural_gas,2007,R-22,mixed,4,True,0,False,n/a,0,52,1
MNB-00433,Holtsville Branch,Holtsville,Suffolk County,NY,11742,40.81111,-73.03778,full_service,4020,1994,leased,modified_gross,landlord,shared_unmetered,split_ac_gas_furnace,natural_gas,2004,R-22,led,3,False,0,False,n/a,0,51,3
MNB-00434,Backus Branch,Backus,Cass County,MN,56435,46.86071,-94.39863,in_store,800,2023,leased,full_gross,landlord,shared_unmetered,host_building_system,unknown,,unknown,led,1,False,0,False,n/a,0,63,3
MNB-00435,Lanark Branch,Lanark,Carroll County,IL,61046,42.1043,-89.81869,full_service,3600,2008,leased,full_gross,landlord,shared_unmetered,heat_pump,electricity,2018,R-410A,mixed,1,True,0,False,n/a,0,44,3
MNB-00436,Jber Branch,Jber,Anchorage Municipality,AK,99506,61.28457,-149.78628,full_service,4790,1957,owned,n/a,bank,direct_utility_meter,split_ac_gas_furnace,natural_gas,2022,R-410A,fluorescent,1,True,1,False,n/a,0,54,1
MNB-00437,Bowie Branch,Bowie,Montague County,TX,76230,33.55488,-97.87418,drive_thru_only,760,2007,leased,triple_net,bank,direct_utility_meter,heat_pump,electricity,2007,R-22,fluorescent,4,False,2,False,n/a,0,51,1
MNB-00438,Titus Branch,Titus,Elmore County,AL,36080,32.68217,-86.23715,flagship,19120,1958,leased,triple_net,bank,direct_utility_meter,heat_pump,electricity,2001,R-22,fluorescent,3,False,0,True,diesel,0,54,2
MNB-00439,Wewahitchka Branch,Wewahitchka,Calhoun County,FL,32449,30.41248,-85.18969,full_service,4610,1982,leased,full_gross,landlord,shared_unmetered,heat_pump,electricity,2012,R-410A,mixed,4,False,1,False,n/a,0,46,3
MNB-00440,West Columbia Branch,West Columbia,Brazoria County,TX,77486,29.14306,-95.66405,full_service,2920,2003,owned,n/a,bank,direct_utility_meter,split_ac_gas_furnace,natural_gas,2023,R-410A,mixed,1,False,3,False,n/a,0,45,1
MNB-00441,Sheridan Branch,Sheridan,Grant County,AR,72150,34.29912,-92.36693,full_service,3920,1974,leased,triple_net,bank,direct_utility_meter,rtu_electric_heat,electricity,2005,R-22,led,1,False,1,False,n/a,0,54,1
MNB-00442,Plainfield Branch #2,Plainfield,Union County,NJ,07060,40.61438,-74.39529,flagship,20320,1955,owned,n/a,bank,landlord_submeter,split_ac_gas_furnace,propane,2014,R-410A,mixed,2,True,0,True,diesel,0,53,1
MNB-00443,Lake Village Branch,Lake Village,Newton County,IN,46349,41.14184,-87.44166,in_store,470,2004,leased,full_gross,landlord,landlord_submeter,host_building_system,unknown,,unknown,fluorescent,1,False,0,False,n/a,0,72,3
MNB-00444,Prospect Branch,Prospect,Jefferson County,KY,40059,38.3452,-85.60305,in_store,490,1980,leased,full_gross,landlord,shared_unmetered,host_building_system,unknown,,unknown,fluorescent,0,False,0,False,n/a,0,64,3
MNB-00445,Springfield Branch,Springfield,Sangamon County,IL,62711,39.76778,-89.71677,in_store,630,1998,leased,modified_gross,bank,landlord_submeter,host_building_system,unknown,,unknown,led,1,False,0,False,n/a,0,60,1
MNB-00446,Saint Paul Branch,Saint Paul,Decatur County,IN,47272,39.41024,-85.59505,full_service,7960,1978,owned,n/a,bank,landlord_submeter,rtu_gas_heat,natural_gas,2002,R-22,mixed,4,False,0,False,n/a,24,50,1
MNB-00447,Gilbert Branch #2,Gilbert,Maricopa County,AZ,85295,33.32143,-111.75158,full_service,3430,2008,leased,modified_gross,bank,direct_utility_meter,heat_pump,electricity,2024,R-410A,led,4,False,0,False,n/a,41,52,1
MNB-00448,Van Alstyne Branch,Van Alstyne,Grayson County,TX,75495,33.44418,-96.57786,drive_thru_only,1130,2019,owned,n/a,bank,direct_utility_meter,heat_pump,electricity,2019,R-410A,fluorescent,4,True,3,False,n/a,0,52,2
MNB-00449,Campobello Branch,Campobello,Spartanburg County,SC,29322,35.10497,-82.14603,drive_thru_only,1060,1961,owned,n/a,bank,direct_utility_meter,rtu_gas_heat,natural_gas,2001,R-22,led,2,True,1,False,n/a,0,50,1
MNB-00450,Pleasanton Branch,Pleasanton,Alameda County,CA,94566,37.67016,-121.86637,full_service,3510,2013,leased,triple_net,bank,direct_utility_meter,rtu_gas_heat,natural_gas,2018,R-410A,fluorescent,4,False,1,False,n/a,0,46,3
MNB-00451,Burbank Branch,Burbank,Los Angeles County,CA,91504,34.17118,-118.33064,full_service,4400,1968,leased,triple_net,bank,direct_utility_meter,rtu_gas_heat,propane,2002,R-22,fluorescent,4,False,1,False,n/a,0,54,1
MNB-00452,Exeter Branch,Exeter,Washington County,RI,02822,41.56012,-71.59799,full_service,3670,1984,owned,n/a,bank,direct_utility_meter,rtu_gas_heat,natural_gas,2004,R-22,led,3,True,3,False,n/a,0,52,1
MNB-00453,Unadilla Branch,Unadilla,Otoe County,NE,68454,40.68817,-96.28072,express,1640,1986,owned,n/a,bank,direct_utility_meter,boiler_with_split_ac,natural_gas,2012,R-410A,led,1,False,0,False,n/a,0,49,1
MNB-00454,Lake City Branch,Lake City,Florence County,SC,29560,33.85263,-79.72634,full_service,2550,1973,leased,full_gross,landlord,shared_unmetered,heat_pump,electricity,2013,R-410A,fluorescent,3,False,0,True,diesel,0,43,3
MNB-00455,Birmingham Branch,Birmingham,Jefferson County,AL,35243,33.45447,-86.75374,in_store,640,1960,leased,full_gross,landlord,shared_unmetered,host_building_system,unknown,,unknown,led,1,False,0,False,n/a,0,69,3
MNB-00456,Guilderland Branch,Guilderland,Albany County,NY,12084,42.72127,-73.89189,full_service,5500,2012,leased,modified_gross,bank,direct_utility_meter,rtu_gas_heat,natural_gas,2020,R-410A,led,3,False,0,False,n/a,0,52,1
MNB-00457,Edgerton Branch,Edgerton,Pipestone County,MN,56128,43.86828,-96.14023,full_service,4270,2014,leased,triple_net,bank,direct_utility_meter,rtu_gas_heat,natural_gas,2020,R-410A,led,1,True,0,False,n/a,0,50,2
MNB-00458,Combs Branch,Combs,Perry County,KY,41729,37.25485,-83.19938,in_store,850,2024,leased,modified_gross,bank,direct_utility_meter,host_building_system,unknown,,unknown,led,0,False,0,False,n/a,0,65,1
MNB-00459,Pfafftown Branch,Pfafftown,Forsyth County,NC,27040,36.16973,-80.40028,full_service,4990,2021,leased,modified_gross,landlord,landlord_submeter,rtu_electric_heat,electricity,2021,R-410A,led,3,True,2,False,n/a,0,46,3
MNB-00460,Mayer Branch,Mayer,Yavapai County,AZ,86333,34.38483,-112.1351,drive_thru_only,980,1991,owned,n/a,bank,landlord_submeter,rtu_electric_heat,electricity,2020,R-410A,led,1,False,2,False,n/a,0,50,1
MNB-00461,Houston Branch #2,Houston,Harris County,TX,77019,29.73703,-95.39522,express,1530,1966,leased,triple_net,bank,direct_utility_meter,heat_pump,electricity,2017,R-410A,fluorescent,3,False,0,False,n/a,0,43,1
MNB-00462,La Marque Branch,La Marque,Galveston County,TX,77568,29.37059,-94.95565,drive_thru_only,880,1951,owned,n/a,bank,direct_utility_meter,heat_pump,electricity,2011,R-410A,mixed,3,False,2,False,n/a,0,47,1
MNB-00463,Beulah Branch,Beulah,Crook County,WY,82712,44.56546,-104.07162,full_service,2700,1998,owned,n/a,bank,landlord_submeter,rtu_gas_heat,natural_gas,2023,R-410A,led,3,False,1,True,diesel,0,45,3
MNB-00464,Saint Croix Branch,Saint Croix,Perry County,IN,47576,38.16358,-86.60931,in_store,600,2017,leased,full_gross,landlord,shared_unmetered,host_building_system,unknown,,unknown,led,0,False,0,False,n/a,0,73,3
MNB-00465,Helper Branch,Helper,Carbon County,UT,84526,39.65833,-110.84691,full_service,4380,1979,owned,n/a,bank,direct_utility_meter,split_ac_gas_furnace,natural_gas,2008,R-22,led,2,False,0,False,n/a,0,48,3
MNB-00466,East Berne Branch,East Berne,Albany County,NY,12059,42.61402,-74.04508,full_service,7020,1973,owned,n/a,bank,direct_utility_meter,rtu_gas_heat,natural_gas,2007,R-22,led,1,False,1,False,n/a,0,43,3
MNB-00467,Granite Branch,Granite,Chaffee County,CO,81228,39.02445,-106.26092,full_service,4920,1992,leased,triple_net,bank,direct_utility_meter,rtu_gas_heat,natural_gas,2012,R-410A,mixed,1,False,1,False,n/a,0,50,3
MNB-00468,Las Vegas Branch #3,Las Vegas,Clark County,NV,89108,36.21415,-115.21934,full_service,3240,2019,leased,triple_net,bank,direct_utility_meter,heat_pump,electricity,2019,R-410A,led,1,False,1,False,n/a,0,54,2
MNB-00469,Delmont Branch,Delmont,Westmoreland County,PA,15626,40.4168,-79.56223,full_service,2720,1993,owned,n/a,bank,direct_utility_meter,rtu_gas_heat,natural_gas,2009,R-22,led,2,True,3,False,n/a,0,53,1
MNB-00470,Detroit Branch #2,Detroit,Wayne County,MI,48207,42.3311,-83.00441,full_service,3940,2010,leased,triple_net,bank,direct_utility_meter,rtu_gas_heat,natural_gas,2024,R-410A,led,4,True,1,True,diesel,0,45,2
MNB-00471,Mims Branch,Mims,Brevard County,FL,32754,28.70358,-80.85739,full_service,5350,1993,owned,n/a,bank,direct_utility_meter,heat_pump,electricity,2018,R-410A,led,4,True,3,False,n/a,0,54,1
MNB-00472,Somers Point Branch,Somers Point,Atlantic County,NJ,08244,39.31537,-74.60027,full_service,3930,1987,leased,triple_net,bank,direct_utility_meter,rtu_gas_heat,natural_gas,2019,R-410A,fluorescent,1,False,1,False,n/a,0,50,1
MNB-00473,Herald Branch,Herald,Sacramento County,CA,95638,38.32719,-121.17355,full_service,4940,1992,leased,triple_net,bank,direct_utility_meter,rtu_gas_heat,natural_gas,2007,R-22,mixed,3,False,3,False,n/a,0,49,3
MNB-00474,Mc Caulley Branch,Mc Caulley,Fisher County,TX,79534,32.78177,-100.22111,full_service,3970,2012,leased,modified_gross,landlord,landlord_submeter,rtu_electric_heat,electricity,2012,R-410A,mixed,3,False,1,False,n/a,0,50,3
MNB-00475,Dunnellon Branch,Dunnellon,Marion County,FL,34431,29.13156,-82.53419,in_store,770,2012,leased,modified_gross,landlord,shared_unmetered,host_building_system,unknown,,unknown,led,1,False,0,False,n/a,0,61,3
MNB-00476,Kent Branch,Kent,Litchfield County,CT,06757,41.73809,-73.45602,full_service,2600,1991,owned,n/a,bank,direct_utility_meter,rtu_gas_heat,natural_gas,2009,R-22,led,3,False,3,False,n/a,0,44,2
MNB-00477,Ruston Branch,Ruston,Lincoln Parish,LA,71270,32.53996,-92.65659,full_service,6790,1979,leased,modified_gross,landlord,landlord_submeter,rtu_electric_heat,electricity,2015,R-410A,fluorescent,1,True,3,False,n/a,0,48,3
MNB-00478,Purdys Branch,Purdys,Westchester County,NY,10578,41.33128,-73.63954,in_store,490,1967,leased,full_gross,landlord,shared_unmetered,host_building_system,unknown,,unknown,led,0,False,0,False,n/a,0,73,3
MNB-00479,Dallas Branch #2,Dallas,Dallas County,TX,75224,32.69117,-96.85238,express,2190,1950,owned,n/a,bank,direct_utility_meter,heat_pump,electricity,2001,R-22,mixed,3,False,0,False,n/a,0,43,2
MNB-00480,Smithshire Branch,Smithshire,Warren County,IL,61478,40.76436,-90.76579,express,1680,1964,leased,triple_net,bank,direct_utility_meter,split_ac_gas_furnace,propane,2008,R-22,led,3,False,0,False,n/a,0,51,1
MNB-00481,Suquamish Branch,Suquamish,Kitsap County,WA,98392,47.72189,-122.55613,drive_thru_only,970,1969,leased,triple_net,bank,direct_utility_meter,boiler_with_split_ac,propane,2020,R-410A,led,3,False,0,False,n/a,0,50,1
MNB-00482,Mira Loma Branch,Mira Loma,Riverside County,CA,91752,33.99662,-117.49971,flagship,12710,2008,owned,n/a,bank,direct_utility_meter,rtu_gas_heat,natural_gas,2008,R-22,led,3,False,0,True,diesel,0,57,2
MNB-00483,Hammond Branch,Hammond,Lake County,IN,46320,41.59282,-87.51297,full_service,4530,2015,leased,modified_gross,landlord,shared_unmetered,rtu_gas_heat,natural_gas,2015,R-410A,led,4,False,2,False,n/a,0,50,3
MNB-00484,Gas City Branch,Gas City,Grant County,IN,46933,40.49326,-85.61349,flagship,16810,2011,owned,n/a,bank,landlord_submeter,split_ac_gas_furnace,natural_gas,2020,R-410A,mixed,1,False,0,True,diesel,0,54,1
MNB-00485,Waynesboro Branch,Waynesboro,Wayne County,TN,38485,35.31232,-87.74611,express,2340,2010,leased,full_gross,landlord,shared_unmetered,heat_pump,electricity,2010,R-410A,fluorescent,4,False,0,False,n/a,0,53,2
MNB-00486,Means Branch,Means,Menifee County,KY,40346,37.96531,-83.72479,full_service,6400,2024,leased,modified_gross,bank,direct_utility_meter,heat_pump,electricity,2024,R-410A,led,2,False,3,False,n/a,0,42,1
MNB-00487,Culver City Branch,Culver City,Los Angeles County,CA,90230,34.00347,-118.43285,drive_thru_only,1080,2023,owned,n/a,bank,direct_utility_meter,rtu_gas_heat,natural_gas,2023,R-410A,fluorescent,2,True,1,False,n/a,0,48,3
MNB-00488,Wales Branch,Wales,Waukesha County,WI,53183,43.0117,-88.39073,drive_thru_only,1530,1979,leased,modified_gross,bank,direct_utility_meter,rtu_gas_heat,natural_gas,2014,R-410A,led,2,True,0,False,n/a,0,50,1
MNB-00489,San Diego Branch #3,San Diego,San Diego County,CA,92123,32.78993,-117.10642,in_store,660,1967,leased,full_gross,landlord,shared_unmetered,host_building_system,unknown,,unknown,led,0,False,0,False,n/a,0,71,3
MNB-00490,Royston Branch,Royston,Franklin County,GA,30662,34.29521,-83.13351,express,2350,1968,owned,n/a,bank,landlord_submeter,rtu_gas_heat,natural_gas,2003,R-22,fluorescent,3,True,0,False,n/a,0,52,1
MNB-00491,Lake Wales Branch,Lake Wales,Polk County,FL,33898,27.85901,-81.58517,full_service,4770,2019,leased,full_gross,landlord,landlord_submeter,heat_pump,electricity,2020,R-410A,led,2,False,0,False,n/a,0,53,3
MNB-00492,Camarillo Branch,Camarillo,Ventura County,CA,93010,34.23169,-119.0469,full_service,3560,1963,leased,triple_net,bank,direct_utility_meter,heat_pump,electricity,2010,R-410A,led,1,True,3,True,diesel,0,47,1
MNB-00493,Stinnett Branch,Stinnett,Hutchinson County,TX,79083,35.84093,-101.44919,in_store,680,1984,leased,full_gross,landlord,shared_unmetered,host_building_system,unknown,,unknown,led,1,False,0,False,n/a,0,64,1
MNB-00494,Old Hickory Branch,Old Hickory,Davidson County,TN,37138,36.23416,-86.60155,in_store,730,1998,leased,full_gross,landlord,shared_unmetered,host_building_system,unknown,,unknown,led,1,False,0,False,n/a,0,62,3
MNB-00495,Boston Branch #2,Boston,Suffolk County,MA,02199,42.35355,-71.06043,express,1780,2003,leased,full_gross,landlord,shared_unmetered,rtu_gas_heat,natural_gas,2011,R-410A,mixed,4,True,0,False,n/a,0,45,2
MNB-00496,Claremore Branch,Claremore,Rogers County,OK,74019,36.2742,-95.59924,express,1990,2002,leased,triple_net,bank,direct_utility_meter,heat_pump,electricity,2002,R-22,fluorescent,4,True,0,False,n/a,0,42,2
MNB-00497,Northridge Branch,Northridge,Los Angeles County,CA,91325,34.23036,-118.52528,in_store,800,2013,leased,modified_gross,bank,direct_utility_meter,host_building_system,unknown,,unknown,led,1,False,0,False,n/a,0,72,1
MNB-00498,Washington Branch #2,Washington,District of Columbia,DC,20020,38.87635,-76.96475,express,1780,2001,leased,modified_gross,bank,landlord_submeter,rtu_gas_heat,natural_gas,2001,R-22,led,4,True,0,False,n/a,0,45,1
MNB-00499,Bryson City Branch,Bryson City,Swain County,NC,28713,35.41161,-83.44758,full_service,2200,2017,leased,modified_gross,bank,direct_utility_meter,rtu_gas_heat,natural_gas,2017,R-410A,led,3,True,2,False,n/a,0,42,2
MNB-00500,Bothell Branch,Bothell,Snohomish County,WA,98021,47.76745,-122.2176,express,2730,1961,leased,triple_net,bank,direct_utility_meter,rtu_gas_heat,natural_gas,2014,R-410A,fluorescent,3,False,0,False,n/a,0,47,1
MNB-00501,Lake Worth Beach Branch,Lake Worth Beach,Palm Beach County,FL,33460,26.63753,-80.07712,full_service,3840,2017,leased,full_gross,landlord,shared_unmetered,rtu_electric_heat,electricity,2017,R-410A,mixed,2,False,3,False,n/a,0,50,3
MNB-00502,Cedar Falls Branch,Cedar Falls,Black Hawk County,IA,50613,42.55469,-92.46848,full_service,3280,2002,leased,triple_net,bank,direct_utility_meter,rtu_gas_heat,natural_gas,2013,R-410A,led,4,True,1,True,diesel,0,45,1
MNB-00503,Laconia Branch,Laconia,Harrison County,IN,47135,38.04784,-86.09516,full_service,2990,1975,leased,triple_net,bank,direct_utility_meter,rtu_gas_heat,natural_gas,2005,R-22,led,1,False,2,False,n/a,0,44,3
MNB-00504,San Francisco Branch,San Francisco,San Francisco County,CA,94158,37.74616,-122.40083,full_service,3790,2023,leased,triple_net,bank,direct_utility_meter,split_ac_gas_furnace,natural_gas,2023,R-410A,led,4,True,3,False,n/a,0,42,1
MNB-00505,White Cloud Branch,White Cloud,Brown County,KS,66094,39.95897,-95.29444,full_service,3540,2021,leased,triple_net,bank,direct_utility_meter,split_ac_gas_furnace,natural_gas,2021,R-410A,mixed,4,True,1,False,n/a,0,50,1
MNB-00506,East Nassau Branch,East Nassau,Rensselaer County,NY,12062,42.53177,-73.51279,full_service,3360,2017,leased,triple_net,bank,direct_utility_meter,rtu_gas_heat,natural_gas,2022,R-410A,mixed,4,True,3,False,n/a,40,43,1
MNB-00507,Memphis Branch #2,Memphis,Shelby County,TN,38116,35.02802,-90.05002,in_store,540,2020,leased,modified_gross,landlord,landlord_submeter,host_building_system,unknown,,unknown,led,0,False,0,False,n/a,0,60,3
MNB-00508,Cedar Grove Branch,Cedar Grove,Orange County,NC,27231,36.18864,-79.17913,in_store,740,1988,leased,full_gross,landlord,shared_unmetered,host_building_system,unknown,,unknown,led,1,False,0,False,n/a,0,60,3
MNB-00509,New Port Richey Branch,New Port Richey,Pasco County,FL,34655,28.21985,-82.68636,full_service,7720,1975,owned,n/a,bank,direct_utility_meter,heat_pump,electricity,2000,R-22,led,4,True,2,False,n/a,17,51,1
MNB-00510,Gordonsville Branch,Gordonsville,Smith County,TN,38563,36.19059,-86.00807,in_store,790,1971,leased,full_gross,landlord,shared_unmetered,host_building_system,unknown,,unknown,led,0,False,0,False,n/a,0,71,3
MNB-00511,Allentown Branch,Allentown,Lehigh County,PA,18109,40.61867,-75.42227,full_service,5880,2018,leased,triple_net,bank,direct_utility_meter,heat_pump,electricity,2018,R-410A,led,2,False,2,False,n/a,0,42,1
MNB-00512,Gouldbusk Branch,Gouldbusk,Coleman County,TX,76845,31.56329,-99.48406,full_service,3750,2016,leased,full_gross,landlord,shared_unmetered,rtu_gas_heat,natural_gas,2016,R-410A,fluorescent,1,True,3,False,n/a,0,52,3
MNB-00513,Hillrose Branch,Hillrose,Morgan County,CO,80733,40.37053,-103.49513,full_service,4330,2024,leased,triple_net,bank,direct_utility_meter,rtu_gas_heat,natural_gas,2024,R-410A,led,2,True,2,False,n/a,0,44,1
MNB-00514,Orrville Branch,Orrville,Wayne County,OH,44667,40.84786,-81.77433,full_service,4770,2017,owned,n/a,bank,direct_utility_meter,rtu_gas_heat,natural_gas,2017,R-410A,led,3,True,1,False,n/a,0,44,2
MNB-00515,Norcross Branch,Norcross,Gwinnett County,GA,30071,33.93405,-84.19771,in_store,550,2004,leased,modified_gross,landlord,shared_unmetered,host_building_system,unknown,,unknown,fluorescent,1,False,0,False,n/a,0,62,3
MNB-00516,Horton Branch,Horton,Jackson County,MI,49246,42.1174,-84.50762,full_service,3690,1967,leased,modified_gross,bank,direct_utility_meter,rtu_gas_heat,natural_gas,2018,R-410A,mixed,3,False,2,False,n/a,0,44,2
MNB-00517,Southaven Branch,Southaven,DeSoto County,MS,38671,34.98448,-89.99991,drive_thru_only,1230,1969,owned,n/a,bank,direct_utility_meter,heat_pump,electricity,2000,R-22,fluorescent,4,False,0,False,n/a,0,52,1
MNB-00518,Coffee Springs Branch,Coffee Springs,Geneva County,AL,36318,31.11803,-85.92738,full_service,5820,1994,leased,triple_net,bank,direct_utility_meter,rtu_electric_heat,electricity,2022,R-410A,led,4,True,2,False,n/a,0,47,1
MNB-00519,Fairbanks Branch,Fairbanks,Yukon-Koyukuk Census Area,AK,99790,64.84437,-147.71646,drive_thru_only,1010,2012,owned,n/a,bank,direct_utility_meter,rtu_gas_heat,natural_gas,2012,R-410A,led,4,True,0,False,n/a,0,49,1
MNB-00520,Roseville Branch,Roseville,Placer County,CA,95661,38.72991,-121.23683,flagship,8670,1970,leased,triple_net,bank,direct_utility_meter,rtu_gas_heat,natural_gas,2022,R-410A,mixed,1,True,0,True,diesel,0,53,3
MNB-00521,Saint James Branch,Saint James,Suffolk County,NY,11780,40.90347,-73.17044,full_service,3840,2020,leased,triple_net,bank,direct_utility_meter,split_ac_gas_furnace,natural_gas,2020,R-410A,fluorescent,4,True,0,False,n/a,0,50,1
MNB-00522,Columbia Branch,Columbia,Richland County,SC,29206,34.02261,-80.9413,full_service,2720,2007,owned,n/a,bank,direct_utility_meter,rtu_electric_heat,electricity,2016,R-410A,led,2,True,1,False,n/a,0,53,2
MNB-00523,Pierce Branch,Pierce,Weld County,CO,80650,40.65591,-104.75868,full_service,4290,1982,leased,modified_gross,bank,direct_utility_meter,split_ac_gas_furnace,natural_gas,2014,R-410A,fluorescent,2,True,3,False,n/a,0,50,1
MNB-00524,Keller Branch,Keller,Ferry County,WA,99140,48.01036,-118.66008,full_service,4530,2019,owned,n/a,bank,direct_utility_meter,rtu_gas_heat,natural_gas,2020,R-410A,led,2,False,0,False,n/a,0,51,2
MNB-00525,Bayville Branch,Bayville,Ocean County,NJ,08721,39.91635,-74.15315,full_service,3870,2002,leased,modified_gross,bank,direct_utility_meter,split_ac_gas_furnace,natural_gas,2014,R-410A,mixed,3,False,0,True,diesel,0,50,1
MNB-00526,Buffalo Branch #2,Buffalo,Erie County,NY,14228,43.04463,-78.78221,full_service,4510,2010,leased,modified_gross,bank,direct_utility_meter,heat_pump,electricity,2010,R-410A,led,3,True,2,False,n/a,0,50,3
MNB-00527,Dunn Branch,Dunn,Harnett County,NC,28334,35.30607,-78.62551,express,1990,1988,leased,triple_net,bank,direct_utility_meter,heat_pump,electricity,2024,R-410A,fluorescent,2,True,0,False,n/a,0,48,1
MNB-00528,Indian Orchard Branch,Indian Orchard,Hampden County,MA,01151,42.15533,-72.50415,express,1910,1989,leased,full_gross,landlord,landlord_submeter,split_ac_gas_furnace,natural_gas,2008,R-22,led,3,False,0,False,n/a,0,46,3
MNB-00529,Whittier Branch,Whittier,Jackson County,NC,28789,35.46145,-83.29465,full_service,2920,1951,owned,n/a,bank,direct_utility_meter,heat_pump,electricity,2023,R-410A,mixed,2,False,0,True,diesel,0,47,1
MNB-00530,Surprise Branch,Surprise,Maricopa County,AZ,85378,33.62671,-112.34454,full_service,3890,1998,owned,n/a,bank,direct_utility_meter,heat_pump,electricity,2000,R-22,led,4,True,2,False,n/a,0,54,1
MNB-00531,Apple Springs Branch,Apple Springs,Trinity County,TX,75926,31.2066,-95.00067,full_service,4740,2012,leased,triple_net,bank,direct_utility_meter,heat_pump,electricity,2022,R-410A,led,1,False,2,False,n/a,0,48,1
MNB-00532,Gum Spring Branch,Gum Spring,Goochland County,VA,23065,37.79799,-77.9418,full_service,6740,2023,owned,n/a,bank,direct_utility_meter,rtu_gas_heat,natural_gas,2023,R-410A,led,3,False,1,False,n/a,0,45,1
MNB-00533,Estell Manor Branch,Estell Manor,Atlantic County,NJ,08319,39.36747,-74.8097,drive_thru_only,930,2019,owned,n/a,bank,direct_utility_meter,split_ac_gas_furnace,natural_gas,2024,R-410A,mixed,3,False,0,False,n/a,0,47,3
MNB-00534,New Vernon Branch,New Vernon,Morris County,NJ,07976,40.73059,-74.49284,full_service,4950,1961,owned,n/a,bank,direct_utility_meter,rtu_gas_heat,natural_gas,2018,R-410A,mixed,2,False,0,False,n/a,0,44,1
MNB-00535,Pomona Branch,Pomona,Los Angeles County,CA,91768,34.06522,-117.74605,full_service,5460,2024,leased,triple_net,bank,direct_utility_meter,rtu_gas_heat,natural_gas,2024,R-410A,led,2,False,3,False,n/a,0,45,1
MNB-00536,Webster Branch,Webster,Rice County,MN,55088,44.47983,-93.37197,full_service,3950,1968,leased,full_gross,landlord,shared_unmetered,rtu_gas_heat,natural_gas,2003,R-22,led,1,True,0,False,n/a,0,49,3
MNB-00537,Green Bay Branch,Green Bay,Brown County,WI,54301,44.46261,-88.00485,full_service,5920,1955,owned,n/a,bank,direct_utility_meter,rtu_gas_heat,natural_gas,2017,R-410A,led,2,False,2,True,diesel,0,42,1
MNB-00538,Waterbury Branch,Waterbury,New Haven County,CT,06708,41.55688,-73.05496,full_service,6020,2011,leased,triple_net,bank,direct_utility_meter,rtu_gas_heat,natural_gas,2018,R-410A,mixed,3,True,2,False,n/a,0,52,3
MNB-00539,Charlotte Branch,Charlotte,Mecklenburg County,NC,28254,35.25373,-80.78197,full_service,6350,2020,leased,modified_gross,bank,direct_utility_meter,rtu_electric_heat,electricity,2022,R-410A,led,1,True,2,False,n/a,0,51,2
MNB-00540,Glenolden Branch,Glenolden,Delaware County,PA,19036,39.87402,-75.30404,in_store,720,2022,leased,modified_gross,bank,direct_utility_meter,host_building_system,unknown,,unknown,led,1,False,0,False,n/a,0,75,1
MNB-00541,Baltimore Branch #2,Baltimore,Anne Arundel County,MD,21240,39.18472,-76.70393,full_service,8000,2015,leased,triple_net,bank,direct_utility_meter,rtu_gas_heat,natural_gas,2015,R-410A,led,2,False,0,False,n/a,0,49,2
MNB-00542,Stinson Beach Branch,Stinson Beach,Marin County,CA,94970,37.90527,-122.64465,express,1540,1973,leased,triple_net,bank,direct_utility_meter,split_ac_gas_furnace,natural_gas,2021,R-410A,mixed,3,True,0,False,n/a,0,47,1
MNB-00543,Lowndesboro Branch,Lowndesboro,Lowndes County,AL,36752,32.28573,-86.6404,full_service,7940,1968,leased,modified_gross,bank,direct_utility_meter,rtu_gas_heat,natural_gas,2005,R-22,led,2,True,2,False,n/a,0,51,2
MNB-00544,Decatur Branch,Decatur,DeKalb County,GA,30033,33.7965,-84.28008,in_store,780,1958,leased,full_gross,landlord,shared_unmetered,host_building_system,unknown,,unknown,led,1,False,0,False,n/a,0,63,3
MNB-00545,Columbus Branch,Columbus,Howard County,AR,71831,33.80353,-93.80369,full_service,6270,2001,owned,n/a,bank,direct_utility_meter,rtu_gas_heat,propane,2018,R-410A,mixed,4,False,2,False,n/a,0,44,1
MNB-00546,Islamorada Branch,Islamorada,Monroe County,FL,33036,24.92749,-80.61415,full_service,3810,1995,leased,triple_net,bank,direct_utility_meter,rtu_gas_heat,natural_gas,2018,R-410A,mixed,1,False,2,False,n/a,0,52,2
MNB-00547,Ryderwood Branch,Ryderwood,Cowlitz County,WA,98581,46.40379,-123.03852,express,2220,1963,leased,modified_gross,landlord,shared_unmetered,boiler_with_split_ac,natural_gas,2015,R-410A,mixed,4,True,0,False,n/a,0,42,3
MNB-00548,Vienna Branch,Vienna,Fairfax County,VA,22180,38.89854,-77.24361,in_store,920,1994,leased,modified_gross,bank,landlord_submeter,host_building_system,unknown,,unknown,led,0,False,0,False,n/a,0,61,1
MNB-00549,Miami Branch #3,Miami,Miami-Dade County,FL,33190,25.56395,-80.35957,full_service,3030,2000,leased,triple_net,bank,direct_utility_meter,rtu_gas_heat,natural_gas,2013,R-410A,mixed,4,True,2,True,diesel,0,53,2
MNB-00550,Mebane Branch,Mebane,Alamance County,NC,27302,36.0959,-79.28504,full_service,3990,2010,owned,n/a,bank,landlord_submeter,split_ac_gas_furnace,natural_gas,2019,R-410A,led,3,False,2,True,diesel,0,49,1
MNB-00551,Pleasant Hill Branch,Pleasant Hill,Northampton County,NC,27866,36.531,-77.49983,in_store,380,1990,leased,full_gross,landlord,shared_unmetered,host_building_system,unknown,,unknown,led,1,False,0,False,n/a,0,76,2
MNB-00552,Gilroy Branch,Gilroy,Santa Clara County,CA,95020,37.0214,-121.57609,express,1720,1983,leased,modified_gross,bank,direct_utility_meter,rtu_gas_heat,natural_gas,2003,R-22,fluorescent,4,False,0,False,n/a,0,42,1
MNB-00553,Bivalve Branch,Bivalve,Wicomico County,MD,21814,38.31032,-75.89888,full_service,3280,2006,owned,n/a,bank,direct_utility_meter,rtu_gas_heat,natural_gas,2020,R-410A,led,2,False,3,False,n/a,0,46,1
MNB-00554,Trivoli Branch,Trivoli,Peoria County,IL,61569,40.67324,-89.92096,full_service,3930,2007,leased,triple_net,bank,direct_utility_meter,split_ac_gas_furnace,natural_gas,2017,R-410A,led,3,True,1,True,diesel,0,48,1
MNB-00555,Atwater Branch,Atwater,Merced County,CA,95301,37.34368,-120.61059,full_service,8000,1979,owned,n/a,bank,direct_utility_meter,split_ac_gas_furnace,natural_gas,2013,R-410A,mixed,4,False,1,False,n/a,0,53,2
MNB-00556,Newark Branch,Newark,Licking County,OH,43055,40.06665,-82.41311,full_service,7030,1952,leased,triple_net,bank,direct_utility_meter,split_ac_gas_furnace,natural_gas,2022,R-410A,led,2,True,3,False,n/a,0,47,1
MNB-00557,Steger Branch,Steger,Will County,IL,60475,41.47809,-87.654,full_service,2720,2022,leased,triple_net,bank,landlord_submeter,rtu_gas_heat,natural_gas,2023,R-410A,led,4,False,2,False,n/a,0,42,1
MNB-00558,Guy Branch,Guy,Faulkner County,AR,72061,35.34188,-92.30581,full_service,4960,2012,leased,modified_gross,bank,direct_utility_meter,rtu_gas_heat,natural_gas,2012,R-410A,led,4,True,0,False,n/a,24,48,2
MNB-00559,Oregon City Branch,Oregon City,Clackamas County,OR,97045,45.33219,-122.57234,in_store,790,1973,leased,full_gross,landlord,shared_unmetered,host_building_system,unknown,,unknown,fluorescent,0,False,0,False,n/a,0,64,3
MNB-00560,Matthews Branch,Matthews,Jefferson County,GA,30818,33.2601,-82.33652,full_service,3790,2000,owned,n/a,bank,direct_utility_meter,heat_pump,electricity,2000,R-22,led,1,True,2,False,n/a,0,44,2
MNB-00561,Dothan Branch,Dothan,Houston County,AL,36301,31.15187,-85.35851,in_store,670,2002,leased,full_gross,landlord,shared_unmetered,host_building_system,unknown,,unknown,led,0,False,0,False,n/a,0,73,3
MNB-00562,Los Angeles Branch #3,Los Angeles,Los Angeles County,CA,90134,34.04925,-118.24018,in_store,690,1965,leased,full_gross,landlord,landlord_submeter,host_building_system,unknown,,unknown,fluorescent,1,False,0,False,n/a,0,65,3
MNB-00563,Los Osos Branch,Los Osos,San Luis Obispo County,CA,93402,35.32862,-120.83012,in_store,460,1972,leased,full_gross,landlord,shared_unmetered,host_building_system,unknown,,unknown,mixed,1,False,0,False,n/a,0,71,3
MNB-00564,Warrenton Branch,Warrenton,Warren County,GA,30828,33.38208,-82.64462,full_service,3080,2022,leased,triple_net,bank,direct_utility_meter,heat_pump,electricity,2022,R-410A,led,2,False,3,True,diesel,25,54,2
MNB-00565,Castleton Branch,Castleton,Rutland County,VT,05735,43.61238,-73.17225,full_service,4420,1996,leased,triple_net,bank,direct_utility_meter,rtu_gas_heat,natural_gas,2005,R-22,mixed,2,False,3,False,n/a,0,46,1
MNB-00566,Odem Branch,Odem,San Patricio County,TX,78370,27.93091,-97.57947,full_service,4320,1972,owned,n/a,bank,direct_utility_meter,heat_pump,electricity,2014,R-410A,mixed,3,True,1,False,n/a,0,50,3
MNB-00567,Algoma Branch,Algoma,Kewaunee County,WI,54201,44.58226,-87.44921,full_service,3390,2014,owned,n/a,bank,direct_utility_meter,heat_pump,electricity,2019,R-410A,mixed,2,False,3,False,n/a,0,50,1
MNB-00568,Waterford Branch,Waterford,Oakland County,MI,48327,42.63224,-83.40873,full_service,3300,1994,leased,full_gross,landlord,shared_unmetered,split_ac_gas_furnace,natural_gas,2020,R-410A,led,3,True,3,False,n/a,0,45,3
MNB-00569,Accord Branch,Accord,Ulster County,NY,12404,41.79732,-74.22235,full_service,4080,2005,leased,modified_gross,bank,direct_utility_meter,rtu_gas_heat,natural_gas,2015,R-410A,mixed,2,False,3,False,n/a,0,50,1
MNB-00570,Buckhorn Branch,Buckhorn,Grant County,NM,88025,33.06089,-108.6955,full_service,5470,1981,leased,modified_gross,bank,direct_utility_meter,heat_pump,electricity,2000,R-22,mixed,4,True,1,True,diesel,0,47,1
MNB-00571,Sandy Spring Branch,Sandy Spring,Montgomery County,MD,20860,39.16366,-77.01959,full_service,4100,1957,leased,triple_net,bank,direct_utility_meter,rtu_gas_heat,propane,2016,R-410A,led,1,False,2,False,n/a,0,54,2
MNB-00572,Charlotte Branch #2,Charlotte,Mecklenburg County,NC,28281,35.22416,-80.84898,express,2700,1969,leased,triple_net,bank,direct_utility_meter,split_ac_gas_furnace,natural_gas,2009,R-22,fluorescent,3,True,0,False,n/a,0,50,1
MNB-00573,Cheney Branch,Cheney,Spokane County,WA,99004,47.48193,-117.60515,in_store,540,2023,leased,full_gross,landlord,shared_unmetered,host_building_system,unknown,,unknown,led,1,False,0,False,n/a,0,77,3
MNB-00574,Carthage Branch,Carthage,Dallas County,AR,71725,34.07442,-92.55218,full_service,4450,2004,owned,n/a,bank,direct_utility_meter,split_ac_gas_furnace,natural_gas,2016,R-410A,led,1,True,2,False,n/a,0,51,1
MNB-00575,Borrego Springs Branch,Borrego Springs,San Diego County,CA,92004,33.25119,-116.3427,express,1640,2016,leased,triple_net,bank,direct_utility_meter,rtu_gas_heat,natural_gas,2023,R-410A,led,1,False,0,False,n/a,0,49,1
MNB-00576,Mallie Branch,Mallie,Knott County,KY,41836,37.27269,-82.9092,full_service,5010,1953,owned,n/a,bank,landlord_submeter,rtu_gas_heat,natural_gas,2022,R-410A,mixed,4,False,2,False,n/a,0,53,1
MNB-00577,Atlanta Branch #2,Atlanta,DeKalb County,GA,30329,33.81577,-84.31963,full_service,3320,2012,owned,n/a,bank,direct_utility_meter,heat_pump,electricity,2019,R-410A,led,4,True,1,False,n/a,0,48,1
MNB-00578,Childersburg Branch,Childersburg,Talladega County,AL,35044,33.2526,-86.36828,drive_thru_only,1600,1995,leased,triple_net,bank,landlord_submeter,rtu_electric_heat,electricity,2003,R-22,mixed,1,False,0,False,n/a,0,53,1
MNB-00579,Boulder Branch,Boulder,Boulder County,CO,80305,39.97804,-105.26278,full_service,2520,2006,owned,n/a,bank,direct_utility_meter,split_ac_gas_furnace,natural_gas,2011,R-410A,mixed,1,True,2,False,n/a,0,53,3
MNB-00580,Albin Branch,Albin,Laramie County,WY,82050,41.44197,-104.14388,full_service,7020,1986,owned,n/a,bank,direct_utility_meter,split_ac_gas_furnace,natural_gas,2012,R-410A,led,3,True,3,False,n/a,0,54,1
MNB-00581,Elizabethtown Branch,Elizabethtown,Bladen County,NC,28337,34.64694,-78.56958,full_service,4310,2004,leased,full_gross,landlord,landlord_submeter,split_ac_gas_furnace,natural_gas,2009,R-22,led,4,False,2,True,diesel,0,46,3
MNB-00582,Hunter Branch,Hunter,Garfield County,OK,74640,36.56872,-97.64923,full_service,4950,1955,leased,triple_net,bank,direct_utility_meter,split_ac_gas_furnace,natural_gas,1998,R-22,mixed,3,False,1,False,n/a,0,53,1
MNB-00583,Lubbock Branch,Lubbock,Lubbock County,TX,79411,33.55798,-101.84929,full_service,6260,1956,owned,n/a,bank,direct_utility_meter,heat_pump,electricity,2013,R-410A,led,1,False,2,False,n/a,0,51,1
MNB-00584,Front Royal Branch,Front Royal,Warren County,VA,22630,38.92665,-78.19019,full_service,5430,2014,leased,triple_net,bank,direct_utility_meter,split_ac_gas_furnace,natural_gas,2014,R-410A,led,2,False,0,False,n/a,0,51,1
MNB-00585,Callahan Branch,Callahan,Nassau County,FL,32011,30.54947,-81.8215,full_service,3370,1965,leased,modified_gross,landlord,shared_unmetered,split_ac_gas_furnace,natural_gas,2007,R-22,fluorescent,2,False,2,False,n/a,0,53,3
MNB-00586,Greensboro Branch,Greensboro,Orleans County,VT,05841,44.58051,-72.26536,full_service,5020,1952,owned,n/a,bank,direct_utility_meter,rtu_gas_heat,natural_gas,2007,R-22,mixed,3,True,1,False,n/a,0,53,1
MNB-00587,Artesia Branch,Artesia,Eddy County,NM,88210,32.81964,-104.39698,full_service,7350,2020,leased,full_gross,landlord,shared_unmetered,rtu_gas_heat,natural_gas,2020,R-410A,led,4,False,2,True,diesel,0,47,3
MNB-00588,Ellendale Branch,Ellendale,Dickey County,ND,58436,46.01553,-98.5181,full_service,3210,1978,leased,modified_gross,landlord,landlord_submeter,boiler_with_split_ac,natural_gas,2002,R-22,fluorescent,1,False,0,False,n/a,0,49,3
MNB-00589,Oakville Branch,Oakville,Live Oak County,TX,78060,28.44499,-98.09845,drive_thru_only,1600,2001,leased,triple_net,bank,direct_utility_meter,rtu_gas_heat,natural_gas,2012,R-410A,mixed,4,False,1,False,n/a,0,48,3
MNB-00590,Clarendon Branch,Clarendon,Monroe County,AR,72029,34.64783,-91.25454,in_store,710,2016,leased,full_gross,landlord,landlord_submeter,host_building_system,unknown,,unknown,led,1,False,0,False,n/a,0,69,2
MNB-00591,Clarissa Branch,Clarissa,Todd County,MN,56440,46.13615,-94.99015,full_service,3680,2011,leased,full_gross,landlord,landlord_submeter,rtu_gas_heat,natural_gas,2023,R-410A,led,3,False,3,False,n/a,0,43,3
MNB-00592,Havre De Grace Branch,Havre De Grace,Harford County,MD,21078,39.56584,-76.12798,in_store,510,1956,leased,full_gross,landlord,shared_unmetered,host_building_system,unknown,,unknown,led,0,False,0,False,n/a,0,60,3
MNB-00593,Grand Terrace Branch,Grand Terrace,San Bernardino County,CA,92313,34.00363,-117.31351,full_service,3920,2000,owned,n/a,bank,direct_utility_meter,rtu_gas_heat,natural_gas,2022,R-410A,led,3,False,3,False,n/a,0,49,1
MNB-00594,Cypress Branch,Cypress,Harris County,TX,77433,29.86564,-95.70678,full_service,2330,1999,leased,triple_net,bank,direct_utility_meter,heat_pump,electricity,1999,R-22,led,1,True,1,False,n/a,10,48,1
MNB-00595,Texarkana Branch,Texarkana,Bowie County,TX,75501,33.40023,-94.17443,full_service,3700,1985,leased,triple_net,bank,direct_utility_meter,rtu_electric_heat,electricity,2017,R-410A,led,1,True,0,False,n/a,0,54,1
MNB-00596,Leawood Branch,Leawood,Johnson County,KS,66211,38.98423,-94.60335,full_service,3880,2011,owned,n/a,bank,direct_utility_meter,rtu_gas_heat,natural_gas,2022,R-410A,led,4,True,3,False,n/a,0,42,3
MNB-00597,Noble Branch,Noble,Richland County,IL,62868,38.71529,-88.22286,in_store,490,2023,leased,full_gross,landlord,landlord_submeter,host_building_system,unknown,,unknown,led,0,False,0,False,n/a,0,73,2
MNB-00598,Holgate Branch,Holgate,Henry County,OH,43527,41.26411,-84.15739,flagship,18880,1967,leased,full_gross,landlord,shared_unmetered,rtu_gas_heat,natural_gas,2023,R-410A,led,3,False,0,True,diesel,0,58,3
MNB-00599,Ashton Branch,Ashton,Lee County,IL,61006,41.85062,-89.2047,full_service,3930,1967,owned,n/a,bank,direct_utility_meter,split_ac_gas_furnace,natural_gas,2023,R-410A,fluorescent,2,True,2,True,diesel,0,47,1
MNB-00600,Peoria Branch,Peoria,Maricopa County,AZ,85381,33.59137,-112.22762,full_service,3470,2010,owned,n/a,bank,direct_utility_meter,heat_pump,electricity,2021,R-410A,mixed,4,True,3,False,n/a,0,47,1
MNB-00601,Oakland Branch,Oakland,Alameda County,CA,94612,37.81387,-122.26867,full_service,3800,1993,leased,triple_net,bank,direct_utility_meter,rtu_gas_heat,natural_gas,2017,R-410A,mixed,4,True,2,False,n/a,0,44,1
MNB-00602,Santa Paula Branch,Santa Paula,Ventura County,CA,93060,34.3554,-119.0748,full_service,4670,2014,owned,n/a,bank,direct_utility_meter,split_ac_gas_furnace,natural_gas,2014,R-410A,mixed,1,True,2,True,diesel,51,50,1
MNB-00603,Mill Spring Branch,Mill Spring,Wayne County,MO,63952,37.07408,-90.6477,full_service,4290,1967,leased,modified_gross,bank,direct_utility_meter,rtu_gas_heat,natural_gas,2001,R-22,led,4,False,3,False,n/a,0,53,1
MNB-00604,Fort Pierce Branch #2,Fort Pierce,St. Lucie County,FL,34981,27.40265,-80.38919,flagship,10570,1955,owned,n/a,bank,direct_utility_meter,rtu_electric_heat,electricity,2007,R-22,mixed,4,False,0,True,diesel,0,50,1
MNB-00605,Medicine Lodge Branch,Medicine Lodge,Barber County,KS,67104,37.28784,-98.58946,drive_thru_only,1030,2008,leased,triple_net,bank,direct_utility_meter,rtu_gas_heat,natural_gas,2019,R-410A,led,4,True,1,False,n/a,0,46,1
MNB-00606,Sherwood Branch,Sherwood,Branch County,MI,49089,42.0126,-85.24084,express,1770,2024,leased,full_gross,landlord,landlord_submeter,split_ac_gas_furnace,natural_gas,2024,R-410A,mixed,3,False,0,False,n/a,0,42,3
MNB-00607,Queenstown Branch,Queenstown,Queen Anne's County,MD,21658,39.01183,-76.15177,full_service,2980,1962,owned,n/a,bank,direct_utility_meter,split_ac_gas_furnace,natural_gas,1999,R-22,mixed,4,False,2,False,n/a,0,43,1
MNB-00608,Selden Branch,Selden,Suffolk County,NY,11784,40.87958,-73.034,full_service,3850,2018,leased,triple_net,bank,direct_utility_meter,rtu_gas_heat,natural_gas,2018,R-410A,led,1,False,3,False,n/a,0,54,1
MNB-00609,Tulelake Branch,Tulelake,Siskiyou County,CA,96134,41.71876,-121.44924,full_service,4990,1988,owned,n/a,bank,direct_utility_meter,rtu_gas_heat,natural_gas,2020,R-410A,led,1,True,1,True,diesel,0,53,1
MNB-00610,Huron Branch,Huron,Erie County,OH,44839,41.34873,-82.53917,express,2070,1952,owned,n/a,bank,direct_utility_meter,rtu_gas_heat,natural_gas,2019,R-410A,mixed,2,True,0,False,n/a,0,46,1
MNB-00611,East Liberty Branch,East Liberty,Logan County,OH,43319,40.31972,-83.58945,full_service,3920,1997,leased,triple_net,bank,direct_utility_meter,heat_pump,electricity,2020,R-410A,mixed,1,True,3,False,n/a,0,50,1
MNB-00612,Pennsauken Branch,Pennsauken,Camden County,NJ,08110,39.98655,-75.06204,full_service,5140,1980,owned,n/a,bank,direct_utility_meter,rtu_gas_heat,natural_gas,2016,R-410A,mixed,4,False,0,False,n/a,0,47,3
MNB-00613,Moncks Corner Branch,Moncks Corner,Berkeley County,SC,29461,33.18485,-80.02456,full_service,3130,2008,leased,triple_net,bank,direct_utility_meter,rtu_gas_heat,natural_gas,2008,R-22,led,3,False,0,False,n/a,0,48,1
MNB-00614,Castroville Branch,Castroville,Medina County,TX,78009,29.33298,-98.88334,in_store,510,1980,leased,full_gross,landlord,shared_unmetered,host_building_system,unknown,,unknown,led,1,False,0,False,n/a,0,60,2
MNB-00615,Dallas Branch #3,Dallas,Dallas County,TX,75241,32.67339,-96.77966,in_store,610,1995,leased,full_gross,landlord,landlord_submeter,host_building_system,unknown,,unknown,led,0,False,0,False,n/a,0,70,1
MNB-00616,North Canton Branch,North Canton,Stark County,OH,44720,40.81007,-81.37537,in_store,940,1973,leased,full_gross,landlord,landlord_submeter,host_building_system,unknown,,unknown,fluorescent,1,False,0,False,n/a,0,73,2
MNB-00617,Paradox Branch,Paradox,Essex County,NY,12858,43.91297,-73.63596,full_service,4410,2016,leased,triple_net,bank,direct_utility_meter,rtu_gas_heat,natural_gas,2019,R-410A,led,3,False,1,False,n/a,0,46,1
MNB-00618,Ventura Branch,Ventura,Ventura County,CA,93004,34.285,-119.17986,in_store,600,2021,leased,modified_gross,bank,landlord_submeter,host_building_system,unknown,,unknown,led,0,False,0,False,n/a,0,74,1
MNB-00619,Belmont Branch,Belmont,Kent County,MI,49306,43.07054,-85.57581,full_service,6670,1989,leased,triple_net,bank,direct_utility_meter,rtu_gas_heat,natural_gas,1999,R-22,led,3,False,3,False,n/a,0,54,2
MNB-00620,Avenue Branch,Avenue,St. Mary's County,MD,20609,38.27188,-76.76758,full_service,3850,1992,owned,n/a,bank,direct_utility_meter,rtu_gas_heat,natural_gas,2020,R-410A,mixed,1,True,2,False,n/a,0,46,1
MNB-00621,Whitesville Branch,Whitesville,Allegany County,NY,14897,42.04574,-77.8002,full_service,8000,2024,leased,full_gross,landlord,shared_unmetered,split_ac_gas_furnace,natural_gas,2024,R-410A,led,2,True,1,False,n/a,0,42,3
MNB-00622,Conway Branch,Conway,Carroll County,NH,03818,43.97061,-71.1473,full_service,3600,1967,owned,n/a,bank,landlord_submeter,boiler_with_split_ac,natural_gas,2015,R-410A,led,1,False,0,False,n/a,0,49,1
MNB-00623,Yorkville Branch,Yorkville,Mendocino County,CA,95494,38.91132,-123.29124,full_service,3100,2015,leased,triple_net,bank,direct_utility_meter,split_ac_gas_furnace,natural_gas,2024,R-410A,led,2,False,1,False,n/a,0,53,3
MNB-00624,Melbourne Branch,Melbourne,Brevard County,FL,32935,28.16299,-80.66955,flagship,13090,2000,owned,n/a,bank,direct_utility_meter,heat_pump,electricity,2004,R-22,mixed,3,False,0,True,diesel,0,50,1
MNB-00625,Edison Branch,Edison,Calhoun County,GA,39846,31.58212,-84.71668,full_service,3890,2018,owned,n/a,bank,direct_utility_meter,rtu_gas_heat,natural_gas,2023,R-410A,led,2,True,1,False,n/a,0,42,2
MNB-00626,Warren Branch,Warren,Huntington County,IN,46792,40.70223,-85.42561,full_service,3290,1981,leased,triple_net,bank,landlord_submeter,rtu_gas_heat,natural_gas,2013,R-410A,mixed,2,False,1,False,n/a,0,43,1
MNB-00627,Sumner Branch,Sumner,Worth County,GA,31789,31.50195,-83.73648,in_store,1100,1981,leased,modified_gross,bank,direct_utility_meter,host_building_system,unknown,,unknown,fluorescent,1,False,0,False,n/a,0,63,1
MNB-00628,Inverness Branch,Inverness,Citrus County,FL,34452,28.84606,-82.32015,in_store,700,1983,leased,full_gross,landlord,landlord_submeter,host_building_system,unknown,,unknown,led,1,False,0,False,n/a,0,60,3
MNB-00629,Valley Springs Branch,Valley Springs,Minnehaha County,SD,57068,43.58498,-96.50744,full_service,4820,1952,owned,n/a,bank,landlord_submeter,split_ac_gas_furnace,natural_gas,2022,R-410A,mixed,1,True,3,False,n/a,0,48,1
MNB-00630,Littleton Branch,Littleton,Jefferson County,CO,80128,39.59711,-105.08976,full_service,3650,1970,leased,triple_net,bank,direct_utility_meter,rtu_gas_heat,natural_gas,2019,R-410A,led,4,False,2,False,n/a,0,54,1
MNB-00631,Morristown Branch,Morristown,Maricopa County,AZ,85342,33.8717,-112.62105,full_service,3530,2024,leased,triple_net,bank,direct_utility_meter,heat_pump,electricity,2024,R-410A,led,4,True,3,False,n/a,0,53,2
MNB-00632,Orlando Branch #2,Orlando,Orange County,FL,32822,28.50202,-81.25591,full_service,5710,1977,owned,n/a,bank,direct_utility_meter,split_ac_gas_furnace,natural_gas,2009,R-22,mixed,2,True,2,False,n/a,0,48,1
MNB-00633,San Jose Branch,San Jose,San Miguel County,NM,87565,35.46578,-105.43469,in_store,420,1952,leased,full_gross,landlord,shared_unmetered,host_building_system,unknown,,unknown,mixed,0,False,0,False,n/a,0,65,3
MNB-00634,East Sandwich Branch,East Sandwich,Barnstable County,MA,02537,41.73594,-70.42072,full_service,2980,1980,leased,triple_net,bank,direct_utility_meter,rtu_gas_heat,natural_gas,2017,R-410A,led,1,False,2,False,n/a,0,47,2
MNB-00635,Bagdad Branch,Bagdad,Yavapai County,AZ,86321,34.58259,-113.16103,full_service,3890,1990,owned,n/a,bank,direct_utility_meter,heat_pump,electricity,2007,R-22,fluorescent,2,True,3,False,n/a,0,53,1
MNB-00636,Longview Branch,Longview,Gregg County,TX,75602,32.451,-94.70568,full_service,6290,1999,owned,n/a,bank,landlord_submeter,rtu_electric_heat,electricity,2005,R-22,led,2,False,2,False,n/a,0,43,1
MNB-00637,Denver Branch,Denver,Denver County,CO,80205,39.76,-104.97797,full_service,3750,1959,owned,n/a,bank,landlord_submeter,rtu_gas_heat,natural_gas,2019,R-410A,mixed,3,True,2,False,n/a,0,52,2
MNB-00638,Montague Branch,Montague,Siskiyou County,CA,96064,41.71763,-122.45108,full_service,4750,2014,owned,n/a,bank,direct_utility_meter,rtu_gas_heat,natural_gas,2014,R-410A,led,3,False,0,False,n/a,0,49,2
MNB-00639,East Bernard Branch,East Bernard,Wharton County,TX,77435,29.45514,-96.13908,express,1810,2015,leased,full_gross,landlord,shared_unmetered,rtu_electric_heat,electricity,2022,R-410A,fluorescent,1,True,0,False,n/a,0,42,3
MNB-00640,Lostine Branch,Lostine,Wallowa County,OR,97857,45.51408,-117.41669,full_service,6190,1974,leased,triple_net,bank,direct_utility_meter,rtu_gas_heat,natural_gas,2018,R-410A,led,1,True,0,False,n/a,0,48,1
MNB-00641,Silver Spring Branch,Silver Spring,Montgomery County,MD,20905,39.13555,-77.0035,drive_thru_only,670,2014,owned,n/a,bank,direct_utility_meter,split_ac_gas_furnace,natural_gas,2014,R-410A,led,4,True,2,False,n/a,0,54,1
MNB-00642,Anderson Branch,Anderson,McDonald County,MO,64831,36.66691,-94.4754,full_service,5230,1986,leased,triple_net,bank,landlord_submeter,split_ac_gas_furnace,natural_gas,2024,R-410A,fluorescent,4,True,1,False,n/a,0,47,1
MNB-00643,Canton Branch,Canton,Stark County,OH,44710,40.79416,-81.42099,drive_thru_only,950,1991,owned,n/a,bank,landlord_submeter,rtu_gas_heat,natural_gas,2005,R-22,mixed,1,False,3,False,n/a,0,48,1
MNB-00644,Ocklawaha Branch,Ocklawaha,Marion County,FL,32179,29.08051,-81.87785,full_service,5540,2021,leased,modified_gross,bank,direct_utility_meter,heat_pump,electricity,2024,R-410A,led,3,True,0,False,n/a,0,51,3
MNB-00645,Flowery Branch Branch,Flowery Branch,Hall County,GA,30542,34.18204,-83.90524,full_service,3280,2019,leased,modified_gross,bank,direct_utility_meter,split_ac_gas_furnace,natural_gas,2019,R-410A,led,2,False,1,False,n/a,0,51,1
MNB-00646,Century Branch,Century,Escambia County,FL,32535,30.97113,-87.31302,full_service,4230,1987,owned,n/a,bank,direct_utility_meter,rtu_gas_heat,natural_gas,2018,R-410A,fluorescent,4,True,1,False,n/a,0,44,1
MNB-00647,New York Branch #3,New York,New York County,NY,10075,40.76048,-73.9658,full_service,4070,1995,leased,triple_net,bank,direct_utility_meter,heat_pump,electricity,2003,R-22,led,4,True,3,False,n/a,0,47,1
MNB-00648,Van Buren Branch,Van Buren,Hancock County,OH,45889,41.13746,-83.66297,express,1400,1980,leased,full_gross,landlord,shared_unmetered,split_ac_gas_furnace,natural_gas,2016,R-410A,mixed,3,True,0,False,n/a,0,52,3
MNB-00649,Mooresboro Branch,Mooresboro,Rutherford County,NC,28114,35.23022,-81.75006,in_store,470,1997,leased,full_gross,landlord,shared_unmetered,host_building_system,unknown,,unknown,mixed,0,False,0,False,n/a,0,71,3
MNB-00650,Riverside Branch,Riverside,Okanogan County,WA,98849,48.47197,-119.57992,full_service,3520,2007,owned,n/a,bank,direct_utility_meter,rtu_gas_heat,natural_gas,2008,R-22,led,2,False,1,True,diesel,0,52,1
MNB-00651,Telluride Branch,Telluride,San Miguel County,CO,81435,37.93939,-107.82558,full_service,4360,1962,leased,triple_net,bank,direct_utility_meter,split_ac_gas_furnace,natural_gas,2004,R-22,fluorescent,2,False,2,False,n/a,0,49,1
MNB-00652,Merced Branch,Merced,Merced County,CA,95343,37.30724,-120.46527,full_service,3340,2020,leased,triple_net,bank,direct_utility_meter,split_ac_gas_furnace,natural_gas,2022,R-410A,led,2,False,0,False,n/a,0,43,1
MNB-00653,Lewis Branch,Lewis,Montezuma County,CO,81327,37.53927,-108.6648,full_service,3800,2009,leased,triple_net,bank,direct_utility_meter,rtu_gas_heat,natural_gas,2013,R-410A,fluorescent,1,True,1,False,n/a,0,52,1
MNB-00654,Arrington Branch,Arrington,Williamson County,TN,37014,35.86733,-86.65954,drive_thru_only,620,1962,leased,triple_net,bank,direct_utility_meter,rtu_electric_heat,electricity,2010,R-410A,mixed,1,True,1,False,n/a,0,46,2
MNB-00655,Marshville Branch,Marshville,Union County,NC,28103,35.01684,-80.37728,full_service,3750,2018,leased,modified_gross,bank,direct_utility_meter,rtu_electric_heat,electricity,2018,R-410A,led,3,False,0,True,diesel,0,50,2
MNB-00656,Weehawken Branch,Weehawken,Hudson County,NJ,07086,40.77109,-74.03948,in_store,830,2011,leased,modified_gross,bank,direct_utility_meter,host_building_system,unknown,,unknown,led,1,False,0,False,n/a,0,65,1
MNB-00657,Ganado Branch,Ganado,Jackson County,TX,77962,29.03133,-96.51893,full_service,5180,1982,leased,modified_gross,bank,direct_utility_meter,heat_pump,electricity,2004,R-22,led,2,True,0,False,n/a,0,42,1
MNB-00658,Everett Branch,Everett,Snohomish County,WA,98203,47.93947,-122.22166,flagship,13520,1997,owned,n/a,bank,direct_utility_meter,rtu_gas_heat,natural_gas,2013,R-410A,led,1,False,0,True,diesel,0,56,1
MNB-00659,Rapidan Branch,Rapidan,Culpeper County,VA,22733,38.32621,-78.02383,full_service,4510,2017,leased,triple_net,bank,direct_utility_meter,rtu_gas_heat,natural_gas,2017,R-410A,led,2,False,2,False,n/a,0,45,1
MNB-00660,Pittsburgh Branch #2,Pittsburgh,Allegheny County,PA,15223,40.50329,-79.94585,full_service,3270,2023,leased,full_gross,landlord,shared_unmetered,rtu_gas_heat,natural_gas,2023,R-410A,fluorescent,2,True,2,False,n/a,0,46,2
MNB-00661,Republic Branch,Republic,Greene County,MO,65738,37.11405,-93.50071,express,2700,1980,owned,n/a,bank,direct_utility_meter,rtu_gas_heat,natural_gas,2006,R-22,led,1,True,0,False,n/a,0,53,1
MNB-00662,Pinetops Branch,Pinetops,Edgecombe County,NC,27864,35.7735,-77.67513,full_service,7810,2005,owned,n/a,bank,direct_utility_meter,rtu_gas_heat,natural_gas,2016,R-410A,led,2,False,2,False,n/a,0,49,1
MNB-00663,North Prairie Branch,North Prairie,Waukesha County,WI,53153,42.94463,-88.3862,full_service,4410,2017,owned,n/a,bank,direct_utility_meter,rtu_gas_heat,natural_gas,2017,R-410A,led,1,True,0,False,n/a,0,44,1
MNB-00664,Miami Branch #4,Miami,Miami-Dade County,FL,33166,25.8348,-80.29375,full_service,8000,2024,owned,n/a,bank,direct_utility_meter,rtu_gas_heat,natural_gas,2024,R-410A,mixed,2,True,3,False,n/a,0,49,2
MNB-00665,Garwood Branch,Garwood,Union County,NJ,07027,40.62976,-74.3102,full_service,3420,1959,leased,triple_net,bank,direct_utility_meter,split_ac_gas_furnace,natural_gas,2011,R-410A,led,1,False,0,False,n/a,0,53,1
MNB-00666,Cartersville Branch,Cartersville,Bartow County,GA,30121,34.20643,-84.77787,express,1310,1996,owned,n/a,bank,direct_utility_meter,heat_pump,electricity,2022,R-410A,fluorescent,2,False,0,False,n/a,0,54,2
MNB-00667,Henderson Branch,Henderson,Clark County,NV,89014,36.06835,-115.0738,drive_thru_only,830,2018,leased,full_gross,landlord,shared_unmetered,rtu_gas_heat,natural_gas,2018,R-410A,mixed,1,True,2,False,n/a,0,45,1
MNB-00668,Charlottesville Branch,Charlottesville,Albemarle County,VA,22904,38.05281,-78.47495,full_service,3930,1950,owned,n/a,bank,direct_utility_meter,rtu_gas_heat,natural_gas,2002,R-22,mixed,2,True,0,False,n/a,0,53,1
MNB-00669,East Hampstead Branch,East Hampstead,Rockingham County,NH,03826,42.90001,-71.13337,flagship,30000,1992,owned,n/a,bank,direct_utility_meter,rtu_gas_heat,natural_gas,2022,R-410A,led,2,True,0,True,diesel,0,50,1
MNB-00670,Newton Branch,Newton,Newton County,MS,39345,32.32487,-89.18911,in_store,600,2001,leased,modified_gross,bank,direct_utility_meter,host_building_system,unknown,,unknown,mixed,0,False,0,False,n/a,0,66,1
MNB-00671,Hickman Branch,Hickman,Stanislaus County,CA,95323,37.60546,-120.7008,express,1450,1998,owned,n/a,bank,landlord_submeter,rtu_gas_heat,natural_gas,2003,R-22,led,2,True,0,False,n/a,0,47,1
MNB-00672,Marsteller Branch,Marsteller,Cambria County,PA,15760,40.6392,-78.79889,full_service,3200,2010,leased,triple_net,bank,direct_utility_meter,rtu_gas_heat,natural_gas,2010,R-410A,led,4,False,1,False,n/a,0,46,1
MNB-00673,Van Vleck Branch,Van Vleck,Matagorda County,TX,77482,29.02014,-95.89067,full_service,5910,1958,owned,n/a,bank,direct_utility_meter,heat_pump,electricity,2020,R-410A,mixed,4,False,2,True,diesel,0,52,1
MNB-00674,Washington Branch #3,Washington,District of Columbia,DC,20260,38.89785,-77.00291,full_service,5660,2013,leased,modified_gross,bank,direct_utility_meter,heat_pump,electricity,2013,R-410A,led,3,True,1,False,n/a,0,53,2
MNB-00675,Devine Branch,Devine,Medina County,TX,78016,29.16755,-98.91454,full_service,3630,1980,leased,triple_net,bank,direct_utility_meter,heat_pump,electricity,2023,R-410A,fluorescent,1,False,1,False,n/a,0,52,1
MNB-00676,Ruffin Branch,Ruffin,Colleton County,SC,29475,33.0235,-80.82964,in_store,400,2015,leased,full_gross,landlord,landlord_submeter,host_building_system,unknown,,unknown,mixed,0,False,0,False,n/a,0,61,3
MNB-00677,Alma Branch,Alma,Lafayette County,MO,64001,39.10321,-93.51918,full_service,2990,1990,leased,triple_net,bank,direct_utility_meter,split_ac_gas_furnace,natural_gas,2020,R-410A,fluorescent,3,True,3,False,n/a,0,42,1
MNB-00678,Piney Point Branch,Piney Point,St. Mary's County,MD,20674,38.12477,-76.51196,full_service,7030,1956,owned,n/a,bank,direct_utility_meter,rtu_gas_heat,natural_gas,2009,R-22,fluorescent,4,False,0,False,n/a,0,52,1
MNB-00679,Somers Branch,Somers,Tolland County,CT,06071,41.99397,-72.46512,in_store,770,2023,leased,full_gross,landlord,shared_unmetered,host_building_system,unknown,,unknown,mixed,1,False,0,False,n/a,0,60,3
MNB-00680,Pensacola Branch,Pensacola,Escambia County,FL,32506,30.41551,-87.30999,full_service,4280,2013,leased,triple_net,bank,direct_utility_meter,rtu_gas_heat,natural_gas,2021,R-410A,led,2,True,3,False,n/a,0,49,1
MNB-00681,Constable Branch,Constable,Franklin County,NY,12926,44.93928,-74.32889,full_service,7350,1985,owned,n/a,bank,direct_utility_meter,boiler_with_split_ac,fuel_oil,2008,R-22,led,2,True,2,False,n/a,0,44,1
MNB-00682,Meshoppen Branch,Meshoppen,Wyoming County,PA,18630,41.63227,-76.02014,in_store,1060,1979,leased,full_gross,landlord,landlord_submeter,host_building_system,unknown,,unknown,mixed,1,False,0,False,n/a,0,66,3
MNB-00683,Heflin Branch,Heflin,Webster Parish,LA,71039,32.45003,-93.28541,express,1780,2002,leased,full_gross,landlord,landlord_submeter,rtu_electric_heat,electricity,2002,R-22,led,1,False,0,False,n/a,0,45,3
MNB-00684,Buffalo Branch #3,Buffalo,Erie County,NY,14222,42.91035,-78.87678,full_service,4170,2024,leased,full_gross,landlord,shared_unmetered,split_ac_gas_furnace,natural_gas,2024,R-410A,led,1,True,3,False,n/a,0,48,3
MNB-00685,Challis Branch,Challis,Custer County,ID,83226,44.48936,-114.1925,flagship,11090,1980,leased,full_gross,landlord,landlord_submeter,rtu_gas_heat,natural_gas,2010,R-410A,fluorescent,3,True,0,True,diesel,0,54,3
MNB-00686,Harrah Branch,Harrah,Yakima County,WA,98933,46.41414,-120.60189,drive_thru_only,930,2022,leased,triple_net,bank,landlord_submeter,rtu_gas_heat,natural_gas,2022,R-410A,led,1,False,1,False,n/a,0,52,1
MNB-00687,Pierceton Branch,Pierceton,Kosciusko County,IN,46562,41.20758,-85.68353,in_store,440,1984,leased,full_gross,landlord,landlord_submeter,host_building_system,unknown,,unknown,mixed,1,False,0,False,n/a,0,64,1
MNB-00688,Chesterland Branch,Chesterland,Geauga County,OH,44026,41.53733,-81.34387,full_service,2680,2009,leased,triple_net,bank,landlord_submeter,rtu_gas_heat,natural_gas,2009,R-22,led,1,False,1,False,n/a,0,44,1
MNB-00689,Calumet Branch,Calumet,Houghton County,MI,49913,47.24718,-88.45183,in_store,420,1988,leased,full_gross,landlord,shared_unmetered,host_building_system,unknown,,unknown,mixed,1,False,0,False,n/a,0,71,3
MNB-00690,Thousand Oaks Branch,Thousand Oaks,Ventura County,CA,91360,34.19553,-118.89044,drive_thru_only,1310,1961,owned,n/a,bank,direct_utility_meter,heat_pump,electricity,2001,R-22,led,4,False,0,False,n/a,0,50,2
MNB-00691,Naples Branch #2,Naples,Collier County,FL,34108,26.23583,-81.81275,full_service,2620,2021,leased,triple_net,bank,direct_utility_meter,rtu_gas_heat,natural_gas,2021,R-410A,mixed,1,False,0,False,n/a,0,47,2
MNB-00692,Pepperell Branch,Pepperell,Middlesex County,MA,01463,42.68615,-71.60147,flagship,30000,1969,owned,n/a,bank,direct_utility_meter,split_ac_gas_furnace,natural_gas,2001,R-22,mixed,1,False,0,True,diesel,0,51,1
MNB-00693,Tampa Branch #2,Tampa,Hillsborough County,FL,33647,28.10076,-82.35016,express,1490,2022,leased,triple_net,bank,direct_utility_meter,rtu_gas_heat,natural_gas,2022,R-410A,led,2,True,0,False,n/a,0,53,2
MNB-00694,Overland Park Branch,Overland Park,Johnson County,KS,66224,38.8337,-94.63843,full_service,7070,1963,leased,modified_gross,landlord,shared_unmetered,rtu_gas_heat,propane,2004,R-22,led,4,False,0,True,diesel,0,50,1
MNB-00695,Goodrich Branch,Goodrich,Polk County,TX,77335,30.58556,-94.9501,in_store,590,1979,leased,full_gross,landlord,shared_unmetered,host_building_system,unknown,,unknown,mixed,0,False,0,False,n/a,0,64,2
MNB-00696,Fairplay Branch,Fairplay,Washington County,MD,21733,39.55975,-77.76821,full_service,2620,2020,leased,triple_net,bank,direct_utility_meter,split_ac_gas_furnace,propane,2020,R-410A,led,2,True,1,False,n/a,0,48,1
MNB-00697,Three Bridges Branch,Three Bridges,Hunterdon County,NJ,08887,40.52097,-74.80003,in_store,890,2006,leased,full_gross,landlord,landlord_submeter,host_building_system,unknown,,unknown,led,0,False,0,False,n/a,0,63,2
MNB-00698,Sausalito Branch,Sausalito,Marin County,CA,94965,37.85869,-122.49755,drive_thru_only,1410,1972,leased,modified_gross,bank,landlord_submeter,rtu_gas_heat,natural_gas,1999,R-22,fluorescent,3,False,0,False,n/a,0,51,1
MNB-00699,Boynton Beach Branch,Boynton Beach,Palm Beach County,FL,33426,26.53207,-80.06799,full_service,3200,2002,owned,n/a,bank,direct_utility_meter,rtu_gas_heat,natural_gas,2016,R-410A,fluorescent,4,True,2,False,n/a,0,51,1
MNB-00700,Bean Station Branch,Bean Station,Grainger County,TN,37708,36.29283,-83.33688,full_service,3800,1971,leased,full_gross,landlord,shared_unmetered,rtu_gas_heat,natural_gas,2015,R-410A,mixed,1,False,3,True,diesel,0,53,2
MNB-00701,Bristol Branch,Bristol,Appling County,GA,31518,31.48805,-82.23079,full_service,3200,2018,owned,n/a,bank,direct_utility_meter,rtu_gas_heat,natural_gas,2023,R-410A,fluorescent,4,True,2,False,n/a,0,53,1
MNB-00702,Delray Beach Branch,Delray Beach,Palm Beach County,FL,33446,26.47044,-80.18137,express,1740,1956,leased,triple_net,bank,direct_utility_meter,rtu_gas_heat,propane,2018,R-410A,mixed,4,True,0,False,n/a,0,49,1
MNB-00703,Denmark Branch,Denmark,Madison County,TN,38391,35.54357,-88.98895,full_service,4330,1998,leased,full_gross,landlord,landlord_submeter,rtu_electric_heat,electricity,2019,R-410A,mixed,4,False,0,False,n/a,0,44,3
MNB-00704,White Plains Branch,White Plains,Brunswick County,VA,23893,36.62894,-77.96894,express,1640,1958,leased,modified_gross,bank,direct_utility_meter,heat_pump,electricity,2018,R-410A,led,1,False,0,False,n/a,0,52,1
MNB-00705,Claremont Branch,Claremont,Catawba County,NC,28610,35.71207,-81.14907,full_service,2430,2008,leased,modified_gross,landlord,landlord_submeter,rtu_gas_heat,natural_gas,2015,R-410A,fluorescent,4,True,0,False,n/a,0,52,3
MNB-00706,Richmond Branch,Richmond,Jefferson County,OH,43944,40.41537,-80.77011,full_service,3520,2021,owned,n/a,bank,direct_utility_meter,rtu_gas_heat,natural_gas,2021,R-410A,led,3,False,3,False,n/a,0,45,1
MNB-00707,Bloomington Branch,Bloomington,Monroe County,IN,47408,39.22638,-86.49338,express,2140,2016,owned,n/a,bank,landlord_submeter,split_ac_gas_furnace,natural_gas,2016,R-410A,mixed,4,True,0,False,n/a,0,53,1
MNB-00708,Ceresco Branch,Ceresco,Calhoun County,MI,49033,42.22983,-85.12502,full_service,3940,1987,owned,n/a,bank,direct_utility_meter,heat_pump,electricity,2009,R-22,mixed,1,False,3,False,n/a,0,44,3
MNB-00709,Phoenix Branch #3,Phoenix,Maricopa County,AZ,85008,33.48855,-111.98399,full_service,3800,1976,leased,full_gross,landlord,shared_unmetered,rtu_gas_heat,natural_gas,2000,R-22,mixed,2,False,2,False,n/a,0,51,3
MNB-00710,Hainesport Branch,Hainesport,Burlington County,NJ,08036,39.98317,-74.82446,full_service,3170,1965,owned,n/a,bank,direct_utility_meter,split_ac_gas_furnace,natural_gas,2024,R-410A,fluorescent,4,False,0,False,n/a,0,42,2
MNB-00711,Sheldon Branch,Sheldon,Beaufort County,SC,29941,32.56596,-80.81035,full_service,3490,2018,leased,triple_net,bank,landlord_submeter,rtu_gas_heat,natural_gas,2024,R-410A,led,4,True,3,False,n/a,0,50,1
MNB-00712,West Hartford Branch,West Hartford,Hartford County,CT,06117,41.79043,-72.75773,full_service,6400,1960,leased,triple_net,bank,direct_utility_meter,rtu_gas_heat,natural_gas,2000,R-22,mixed,3,False,1,False,n/a,0,44,3
MNB-00713,Rochester Branch,Rochester,Oakland County,MI,48306,42.74724,-83.17503,full_service,2980,2004,leased,triple_net,bank,direct_utility_meter,split_ac_gas_furnace,natural_gas,2019,R-410A,fluorescent,3,False,3,True,diesel,0,49,1
MNB-00714,Smithton Branch,Smithton,St. Clair County,IL,62285,38.42198,-90.00327,full_service,5210,1987,owned,n/a,bank,direct_utility_meter,rtu_gas_heat,natural_gas,2018,R-410A,fluorescent,3,True,1,False,n/a,0,52,3
MNB-00715,Ashaway Branch,Ashaway,Washington County,RI,02804,41.42467,-71.78422,full_service,4250,2024,leased,modified_gross,bank,direct_utility_meter,rtu_gas_heat,natural_gas,2024,R-410A,led,4,False,1,False,n/a,31,47,2
MNB-00716,Drums Branch,Drums,Luzerne County,PA,18222,41.02989,-75.96638,full_service,4520,1997,owned,n/a,bank,direct_utility_meter,split_ac_gas_furnace,natural_gas,2008,R-22,led,2,False,0,False,n/a,0,49,2
MNB-00717,Annville Branch,Annville,Jackson County,KY,40402,37.34335,-83.96027,full_service,3370,1999,owned,n/a,bank,direct_utility_meter,split_ac_gas_furnace,natural_gas,2018,R-410A,led,4,False,0,False,n/a,0,50,3
MNB-00718,Ludlow Falls Branch,Ludlow Falls,Miami County,OH,45339,39.99732,-84.32583,full_service,3770,2020,leased,triple_net,bank,direct_utility_meter,heat_pump,electricity,2020,R-410A,led,3,False,2,False,n/a,0,52,2
MNB-00719,North Las Vegas Branch,North Las Vegas,Clark County,NV,89081,36.24981,-115.11565,flagship,13960,2023,leased,triple_net,bank,direct_utility_meter,heat_pump,electricity,2023,R-410A,mixed,4,True,0,True,diesel,0,56,3
MNB-00720,Heath Branch,Heath,Franklin County,MA,01346,42.69693,-72.83881,full_service,3590,2001,owned,n/a,bank,landlord_submeter,split_ac_gas_furnace,natural_gas,2014,R-410A,led,1,True,0,False,n/a,0,48,1
MNB-00721,Tolleson Branch,Tolleson,Maricopa County,AZ,85353,33.43036,-112.28126,full_service,4630,2014,owned,n/a,bank,direct_utility_meter,rtu_gas_heat,natural_gas,2014,R-410A,led,3,False,0,False,n/a,0,48,1
MNB-00722,Faywood Branch,Faywood,Grant County,NM,88034,32.55832,-108.02661,full_service,4810,2005,owned,n/a,bank,direct_utility_meter,rtu_gas_heat,natural_gas,2005,R-22,led,2,True,2,False,n/a,0,46,1
MNB-00723,Johnstown Branch #2,Johnstown,Cambria County,PA,15906,40.3631,-78.91385,express,2800,1991,leased,full_gross,landlord,shared_unmetered,rtu_gas_heat,natural_gas,2002,R-22,led,2,False,0,False,n/a,0,54,2
MNB-00724,Lytle Creek Branch,Lytle Creek,San Bernardino County,CA,92358,34.25617,-117.53974,in_store,690,1957,leased,full_gross,landlord,shared_unmetered,host_building_system,unknown,,unknown,fluorescent,0,False,0,False,n/a,0,72,2
MNB-00725,Glendale Heights Branch,Glendale Heights,DuPage County,IL,60139,41.92384,-88.08212,drive_thru_only,610,2009,owned,n/a,bank,direct_utility_meter,split_ac_gas_furnace,natural_gas,2009,R-22,led,2,True,3,False,n/a,0,48,2
MNB-00726,Pomona Branch #2,Pomona,Los Angeles County,CA,91767,34.08137,-117.72166,express,2400,2008,leased,triple_net,bank,direct_utility_meter,rtu_gas_heat,natural_gas,2008,R-22,led,4,False,0,False,n/a,0,47,1
MNB-00727,Mapleton Branch,Mapleton,Utah County,UT,84664,40.13774,-111.59769,full_service,3950,1964,owned,n/a,bank,direct_utility_meter,heat_pump,electricity,2005,R-22,led,1,False,0,False,n/a,0,50,1
MNB-00728,Murdock Branch,Murdock,Swift County,MN,56271,45.2212,-95.41262,flagship,30000,1975,leased,modified_gross,bank,direct_utility_meter,rtu_gas_heat,natural_gas,2019,R-410A,mixed,2,True,0,True,diesel,0,50,1
MNB-00729,Lilburn Branch,Lilburn,Gwinnett County,GA,30047,33.84236,-84.07885,full_service,6520,2010,leased,triple_net,bank,direct_utility_meter,heat_pump,electricity,2017,R-410A,mixed,3,True,0,False,n/a,0,52,1
MNB-00730,Fort Covington Branch,Fort Covington,Franklin County,NY,12937,44.9811,-74.49558,drive_thru_only,880,1968,owned,n/a,bank,direct_utility_meter,rtu_gas_heat,natural_gas,2013,R-410A,mixed,3,False,3,False,n/a,0,53,1
MNB-00731,Walnut Grove Branch,Walnut Grove,Sacramento County,CA,95690,38.22782,-121.56345,drive_thru_only,1190,2008,owned,n/a,bank,direct_utility_meter,split_ac_gas_furnace,natural_gas,2014,R-410A,mixed,4,True,2,False,n/a,0,47,2
MNB-00732,Hartsburg Branch,Hartsburg,Logan County,IL,62643,40.22779,-89.44476,express,1550,2009,leased,triple_net,bank,direct_utility_meter,rtu_gas_heat,natural_gas,2009,R-22,led,1,True,0,False,n/a,0,49,1
MNB-00733,Brooklyn Branch #2,Brooklyn,Kings County,NY,11201,40.6933,-73.9823,full_service,4200,1985,owned,n/a,bank,landlord_submeter,boiler_with_split_ac,fuel_oil,2002,R-22,mixed,2,False,3,False,n/a,0,45,1
MNB-00734,Castle Rock Branch,Castle Rock,Douglas County,CO,80108,39.44651,-104.8469,in_store,760,1978,leased,modified_gross,landlord,landlord_submeter,host_building_system,unknown,,unknown,led,1,False,0,False,n/a,0,74,3
MNB-00735,Billerica Branch,Billerica,Middlesex County,MA,01821,42.54358,-71.26224,full_service,5860,1987,owned,n/a,bank,landlord_submeter,split_ac_gas_furnace,natural_gas,2007,R-22,led,1,False,3,False,n/a,0,51,1
MNB-00736,Lufkin Branch,Lufkin,Angelina County,TX,75904,31.35887,-94.83166,full_service,5490,1986,leased,modified_gross,bank,direct_utility_meter,rtu_gas_heat,natural_gas,2012,R-410A,led,1,True,0,False,n/a,0,50,2
MNB-00737,Waldwick Branch,Waldwick,Bergen County,NJ,07463,40.99689,-74.13509,full_service,4290,2003,owned,n/a,bank,direct_utility_meter,split_ac_gas_furnace,natural_gas,2015,R-410A,fluorescent,2,False,3,False,n/a,0,45,1
MNB-00738,Big Stone Gap Branch,Big Stone Gap,Wise County,VA,24219,36.85322,-82.76669,full_service,8000,2011,leased,triple_net,bank,direct_utility_meter,rtu_gas_heat,natural_gas,2011,R-410A,led,4,True,2,False,n/a,0,49,1
MNB-00739,Long Lake Branch,Long Lake,Iosco County,MI,48743,44.41268,-83.84606,in_store,590,2017,leased,full_gross,landlord,landlord_submeter,host_building_system,unknown,,unknown,led,1,False,0,False,n/a,0,71,3
MNB-00740,Chicopee Branch,Chicopee,Hampden County,MA,01013,42.14814,-72.60675,full_service,2590,1954,leased,triple_net,bank,direct_utility_meter,heat_pump,electricity,2019,R-410A,fluorescent,2,False,0,False,n/a,0,54,1
MNB-00741,Los Angeles Branch #4,Los Angeles,Los Angeles County,CA,90038,34.09315,-118.33575,full_service,2740,2010,leased,triple_net,bank,direct_utility_meter,split_ac_gas_furnace,natural_gas,2010,R-410A,mixed,4,True,2,False,n/a,0,49,1
MNB-00742,Fithian Branch,Fithian,Vermilion County,IL,61844,40.10711,-87.87754,full_service,6530,1982,owned,n/a,bank,direct_utility_meter,split_ac_gas_furnace,natural_gas,2001,R-22,led,3,True,1,True,diesel,0,46,2
MNB-00743,Anderson Branch,Anderson,Shasta County,CA,96007,40.46609,-122.34442,in_store,630,2016,leased,modified_gross,bank,direct_utility_meter,host_building_system,unknown,,unknown,led,0,False,0,False,n/a,0,70,1
MNB-00744,North Fork Branch,North Fork,Madera County,CA,93643,37.21326,-119.52869,in_store,670,1960,leased,full_gross,landlord,shared_unmetered,host_building_system,unknown,,unknown,led,1,False,0,False,n/a,0,76,3
MNB-00745,Fayetteville Branch,Fayetteville,Cumberland County,NC,28306,34.9792,-78.94889,in_store,560,1999,leased,full_gross,landlord,shared_unmetered,host_building_system,unknown,,unknown,led,0,False,0,False,n/a,0,76,3
MNB-00746,Vadito Branch,Vadito,Taos County,NM,87579,36.1103,-105.57653,full_service,3660,1999,owned,n/a,bank,direct_utility_meter,heat_pump,electricity,2004,R-22,mixed,4,False,1,False,n/a,0,53,1
MNB-00747,Taylor Branch,Taylor,Marion County,MO,63471,39.91435,-91.51656,drive_thru_only,820,1983,leased,triple_net,bank,direct_utility_meter,split_ac_gas_furnace,natural_gas,2015,R-410A,fluorescent,2,True,1,False,n/a,0,50,1
MNB-00748,Mc Lean Branch,Mc Lean,Fairfax County,VA,22102,38.95725,-77.21796,in_store,730,2023,leased,modified_gross,landlord,shared_unmetered,host_building_system,unknown,,unknown,led,0,False,0,False,n/a,0,75,3
MNB-00749,Cave Junction Branch,Cave Junction,Josephine County,OR,97523,42.13356,-123.62092,full_service,4070,1963,leased,full_gross,landlord,shared_unmetered,rtu_gas_heat,natural_gas,2001,R-22,mixed,2,True,0,False,n/a,0,46,2
MNB-00750,Middlesex Branch,Middlesex,Middlesex County,NJ,08846,40.57556,-74.51399,full_service,4780,1966,leased,triple_net,bank,direct_utility_meter,rtu_gas_heat,natural_gas,2002,R-22,mixed,4,True,2,False,n/a,0,47,1
MNB-00751,Akron Branch,Akron,Hale County,AL,35441,32.85801,-87.7284,full_service,4650,2005,leased,triple_net,bank,landlord_submeter,rtu_electric_heat,electricity,2005,R-22,mixed,1,True,2,True,diesel,0,51,1
MNB-00752,Jerusalem Branch,Jerusalem,Monroe County,OH,43747,39.86017,-81.08884,full_service,3690,1997,leased,triple_net,bank,landlord_submeter,rtu_gas_heat,natural_gas,2019,R-410A,led,1,True,0,False,n/a,0,43,3
MNB-00753,Lake Orion Branch,Lake Orion,Oakland County,MI,48362,42.76297,-83.28234,full_service,2710,1978,owned,n/a,bank,direct_utility_meter,rtu_gas_heat,natural_gas,2024,R-410A,mixed,1,True,0,False,n/a,0,53,3
MNB-00754,Sullivan Branch,Sullivan,Ashland County,OH,44880,41.02274,-82.22054,full_service,2640,1982,leased,full_gross,landlord,landlord_submeter,split_ac_gas_furnace,natural_gas,2018,R-410A,mixed,3,True,3,False,n/a,0,47,3
MNB-00755,Vallejo Branch,Vallejo,Solano County,CA,94592,38.08368,-122.2646,full_service,8000,1968,owned,n/a,bank,direct_utility_meter,rtu_gas_heat,natural_gas,2016,R-410A,led,1,False,2,False,n/a,0,49,1
MNB-00756,Clintwood Branch,Clintwood,Dickenson County,VA,24228,37.16267,-82.44949,full_service,6540,2018,leased,triple_net,bank,direct_utility_meter,rtu_gas_heat,natural_gas,2018,R-410A,led,3,False,1,False,n/a,0,46,2
MNB-00757,Fort Oglethorpe Branch,Fort Oglethorpe,Catoosa County,GA,30742,34.96554,-85.24049,full_service,6270,2000,owned,n/a,bank,direct_utility_meter,heat_pump,electricity,2003,R-22,mixed,1,False,1,False,n/a,0,54,2
MNB-00758,Montverde Branch,Montverde,Lake County,FL,34756,28.59202,-81.66029,drive_thru_only,840,1977,leased,full_gross,landlord,shared_unmetered,rtu_gas_heat,natural_gas,2010,R-410A,led,2,True,1,False,n/a,0,46,3
MNB-00759,Miami Branch #5,Miami,Miami-Dade County,FL,33193,25.66638,-80.44216,full_service,4210,1988,leased,triple_net,bank,direct_utility_meter,rtu_electric_heat,electricity,2022,R-410A,mixed,1,False,3,False,n/a,0,48,1
MNB-00760,Inverness Branch #2,Inverness,Citrus County,FL,34450,28.81355,-82.26805,full_service,3280,2020,leased,triple_net,bank,landlord_submeter,rtu_gas_heat,natural_gas,2020,R-410A,mixed,4,False,0,False,n/a,0,48,1
MNB-00761,Bronx Branch,Bronx,Bronx County,NY,10460,40.8309,-73.87269,in_store,460,2019,leased,full_gross,landlord,shared_unmetered,host_building_system,unknown,,unknown,led,0,False,0,False,n/a,0,75,3
MNB-00762,Anchorage Branch,Anchorage,Anchorage Municipality,AK,99504,61.20081,-149.75911,full_service,3510,1959,owned,n/a,bank,direct_utility_meter,rtu_gas_heat,natural_gas,2003,R-22,fluorescent,2,False,1,False,n/a,0,54,3
MNB-00763,Birmingham Branch,Birmingham,Oakland County,MI,48009,42.5395,-83.22653,full_service,6250,2006,leased,modified_gross,bank,direct_utility_meter,split_ac_gas_furnace,natural_gas,2011,R-410A,fluorescent,4,True,0,False,n/a,0,54,1
MNB-00764,Toledo Branch,Toledo,Lucas County,OH,43615,41.64966,-83.6806,full_service,5400,1968,leased,modified_gross,landlord,landlord_submeter,split_ac_gas_furnace,natural_gas,2016,R-410A,mixed,4,True,1,True,diesel,0,46,1
MNB-00765,Summers Branch,Summers,Washington County,AR,72769,36.01006,-94.51026,full_service,3130,1974,leased,modified_gross,bank,direct_utility_meter,rtu_gas_heat,natural_gas,2009,R-22,mixed,3,False,2,False,n/a,53,47,2
MNB-00766,Saint Clair Shores Branch,Saint Clair Shores,Macomb County,MI,48082,42.53949,-82.88518,full_service,3820,2018,leased,triple_net,bank,direct_utility_meter,rtu_gas_heat,natural_gas,2018,R-410A,led,1,False,3,False,n/a,0,46,1
MNB-00767,Deansboro Branch,Deansboro,Oneida County,NY,13328,42.97369,-75.43092,full_service,5250,2019,owned,n/a,bank,direct_utility_meter,split_ac_gas_furnace,natural_gas,2019,R-410A,led,1,True,0,False,n/a,0,54,1
MNB-00768,Euclid Branch,Euclid,Cuyahoga County,OH,44117,41.55925,-81.51064,full_service,3530,1960,leased,full_gross,landlord,shared_unmetered,rtu_gas_heat,natural_gas,2005,R-22,mixed,4,False,2,False,n/a,0,45,3
MNB-00769,Columbia Branch #2,Columbia,Richland County,SC,29209,33.97165,-80.9318,full_service,4300,2018,leased,full_gross,landlord,landlord_submeter,heat_pump,electricity,2019,R-410A,led,3,True,0,True,diesel,0,47,3
MNB-00770,Sahuarita Branch,Sahuarita,Pima County,AZ,85629,31.92677,-111.00555,flagship,16440,2010,owned,n/a,bank,direct_utility_meter,rtu_electric_heat,electricity,2010,R-410A,led,3,False,0,True,diesel,0,52,1
MNB-00771,North Andover Branch,North Andover,Essex County,MA,01845,42.68728,-71.13399,full_service,4720,2013,leased,triple_net,bank,landlord_submeter,rtu_gas_heat,natural_gas,2013,R-410A,led,1,False,2,True,diesel,0,43,1
MNB-00772,South Portland Branch,South Portland,Cumberland County,ME,04106,43.63303,-70.27005,full_service,4530,2014,owned,n/a,bank,landlord_submeter,rtu_gas_heat,natural_gas,2014,R-410A,led,2,False,0,False,n/a,0,43,1
MNB-00773,Dunkirk Branch,Dunkirk,Hardin County,OH,45836,40.78063,-83.63359,full_service,3450,1996,owned,n/a,bank,direct_utility_meter,rtu_gas_heat,natural_gas,2007,R-22,fluorescent,4,False,2,False,n/a,0,49,1
MNB-00774,Cushing Branch,Cushing,Woodbury County,IA,51018,42.48326,-95.6753,in_store,560,2022,leased,full_gross,landlord,landlord_submeter,host_building_system,unknown,,unknown,fluorescent,0,False,0,False,n/a,0,69,3
MNB-00775,Harrisburg Branch,Harrisburg,Dauphin County,PA,17112,40.32773,-76.76613,in_store,480,1973,leased,modified_gross,bank,direct_utility_meter,host_building_system,unknown,,unknown,led,0,False,0,False,n/a,0,74,1
MNB-00776,Hughesville Branch,Hughesville,Charles County,MD,20637,38.54542,-76.76681,in_store,430,1996,leased,full_gross,landlord,shared_unmetered,host_building_system,unknown,,unknown,led,1,False,0,False,n/a,0,65,3
MNB-00777,Newport Branch,Newport,Pend Oreille County,WA,99156,48.16679,-117.14138,full_service,4050,1983,owned,n/a,bank,direct_utility_meter,split_ac_gas_furnace,natural_gas,2023,R-410A,mixed,2,True,3,False,n/a,0,47,3
MNB-00778,Camino Branch,Camino,El Dorado County,CA,95709,38.73168,-120.68584,full_service,5360,2015,leased,modified_gross,bank,landlord_submeter,rtu_gas_heat,natural_gas,2024,R-410A,led,2,False,2,False,n/a,0,52,2
MNB-00779,Rosanky Branch,Rosanky,Bastrop County,TX,78953,29.92494,-97.31806,drive_thru_only,700,1960,leased,triple_net,bank,direct_utility_meter,rtu_electric_heat,electricity,2018,R-410A,led,4,True,3,False,n/a,0,53,2
MNB-00780,Red Rock Branch,Red Rock,Bastrop County,TX,78662,29.97769,-97.40924,full_service,4550,1991,owned,n/a,bank,direct_utility_meter,heat_pump,electricity,2023,R-410A,led,2,False,2,False,n/a,0,51,1
MNB-00781,Clio Branch,Clio,Marlboro County,SC,29525,34.57148,-79.5546,flagship,19160,2013,owned,n/a,bank,direct_utility_meter,heat_pump,electricity,2014,R-410A,led,3,True,0,True,diesel,0,59,2
MNB-00782,Hewitt Branch,Hewitt,McLennan County,TX,76643,31.46296,-97.19059,full_service,2420,1982,owned,n/a,bank,direct_utility_meter,heat_pump,electricity,2001,R-22,fluorescent,3,False,2,False,n/a,0,44,1
MNB-00783,Lanoka Harbor Branch,Lanoka Harbor,Ocean County,NJ,08734,39.86867,-74.16252,full_service,3870,1976,owned,n/a,bank,direct_utility_meter,boiler_with_split_ac,fuel_oil,2015,R-410A,led,2,False,0,False,n/a,0,44,1
MNB-00784,Fort Mc Kavett Branch,Fort Mc Kavett,Menard County,TX,76841,30.83153,-100.07076,full_service,6880,1978,leased,triple_net,bank,direct_utility_meter,rtu_gas_heat,natural_gas,2012,R-410A,mixed,3,False,0,False,n/a,0,54,3
MNB-00785,Moulton Branch,Moulton,Lavaca County,TX,77975,29.58185,-97.08874,full_service,4950,2009,leased,full_gross,landlord,landlord_submeter,rtu_gas_heat,natural_gas,2020,R-410A,fluorescent,4,True,3,False,n/a,0,42,3
MNB-00786,Peosta Branch,Peosta,Dubuque County,IA,52068,42.45739,-90.80817,drive_thru_only,620,1980,owned,n/a,bank,direct_utility_meter,split_ac_gas_furnace,natural_gas,2007,R-22,led,1,False,2,False,n/a,0,52,2
MNB-00787,Apex Branch,Apex,Wake County,NC,27539,35.73974,-78.86155,full_service,5110,1989,leased,triple_net,bank,direct_utility_meter,heat_pump,electricity,2020,R-410A,led,3,True,0,False,n/a,0,46,1
MNB-00788,Cottage Grove Branch,Cottage Grove,Henry County,TN,38224,36.35425,-88.46202,full_service,3350,1999,owned,n/a,bank,direct_utility_meter,rtu_electric_heat,electricity,2015,R-410A,led,4,True,3,False,n/a,0,50,1
MNB-00789,Ellicott City Branch,Ellicott City,Howard County,MD,21043,39.27116,-76.79673,full_service,5160,2022,owned,n/a,bank,direct_utility_meter,split_ac_gas_furnace,natural_gas,2022,R-410A,mixed,3,False,3,False,n/a,0,52,3
MNB-00790,Indianapolis Branch #2,Indianapolis,Marion County,IN,46224,39.77143,-86.25903,drive_thru_only,840,2014,owned,n/a,bank,direct_utility_meter,heat_pump,electricity,2014,R-410A,led,1,True,2,False,n/a,0,54,1
MNB-00791,Stockton Branch,Stockton,San Joaquin County,CA,95219,38.00619,-121.37385,full_service,4130,1971,owned,n/a,bank,direct_utility_meter,split_ac_gas_furnace,natural_gas,2024,R-410A,mixed,1,False,1,False,n/a,0,44,1
MNB-00792,Colorado Springs Branch #2,Colorado Springs,El Paso County,CO,80939,38.8672,-104.66746,flagship,11290,2019,owned,n/a,bank,direct_utility_meter,rtu_gas_heat,natural_gas,2019,R-410A,mixed,3,False,0,True,diesel,0,51,3
MNB-00793,San Mateo Branch,San Mateo,San Mateo County,CA,94401,37.57493,-122.32025,express,1800,2016,leased,modified_gross,landlord,shared_unmetered,rtu_gas_heat,natural_gas,2016,R-410A,led,1,False,0,False,n/a,0,46,2
MNB-00794,Bloomfield Branch,Bloomfield,Essex County,NJ,07003,40.79664,-74.20488,full_service,3540,2011,owned,n/a,bank,direct_utility_meter,rtu_gas_heat,natural_gas,2011,R-410A,mixed,4,True,1,False,n/a,0,43,1
MNB-00795,Newport Beach Branch,Newport Beach,Orange County,CA,92661,33.60251,-117.91908,drive_thru_only,940,1997,owned,n/a,bank,landlord_submeter,heat_pump,electricity,2001,R-22,led,4,False,1,False,n/a,0,52,1
MNB-00796,Kingsley Branch,Kingsley,Grand Traverse County,MI,49649,44.59819,-85.51273,express,1340,1959,leased,modified_gross,bank,direct_utility_meter,rtu_gas_heat,natural_gas,2013,R-410A,led,2,False,0,False,n/a,0,49,1
MNB-00797,Wimauma Branch,Wimauma,Hillsborough County,FL,33598,27.69946,-82.30075,full_service,4860,2009,owned,n/a,bank,direct_utility_meter,rtu_electric_heat,electricity,2016,R-410A,led,3,True,1,True,diesel,0,54,2
MNB-00798,Greenwood Branch,Greenwood,Clark County,WI,54437,44.74537,-90.61903,full_service,4420,1997,leased,triple_net,bank,direct_utility_meter,split_ac_gas_furnace,natural_gas,2002,R-22,mixed,2,True,3,True,diesel,0,45,1
MNB-00799,Evans Branch,Evans,Vernon Parish,LA,70639,30.96561,-93.50235,full_service,2580,1982,owned,n/a,bank,direct_utility_meter,heat_pump,electricity,2007,R-22,led,4,True,2,False,n/a,0,53,1
MNB-00800,Rochester Branch,Rochester,Monroe County,NY,14607,43.15101,-77.57632,in_store,830,1951,leased,full_gross,landlord,landlord_submeter,host_building_system,unknown,,unknown,mixed,1,False,0,False,n/a,0,61,3
MNB-00801,Natrona Branch,Natrona,Natrona County,WY,82646,43.02977,-106.801,full_service,3980,1975,owned,n/a,bank,direct_utility_meter,rtu_gas_heat,natural_gas,2005,R-22,mixed,3,False,0,False,n/a,0,48,2
MNB-00802,Pleasanton Branch #2,Pleasanton,Alameda County,CA,94588,37.69268,-121.90664,in_store,670,2003,leased,full_gross,landlord,shared_unmetered,host_building_system,unknown,,unknown,led,1,False,0,False,n/a,0,74,3
MNB-00803,Monongahela Branch,Monongahela,Washington County,PA,15063,40.20768,-79.90332,full_service,5280,1964,owned,n/a,bank,direct_utility_meter,rtu_gas_heat,natural_gas,2001,R-22,fluorescent,2,True,1,True,diesel,0,46,3
MNB-00804,Filer Branch,Filer,Twin Falls County,ID,83328,42.58507,-114.60756,full_service,4630,2006,owned,n/a,bank,direct_utility_meter,rtu_gas_heat,natural_gas,2011,R-410A,led,4,False,0,False,n/a,0,50,2
MNB-00805,Menlo Park Branch,Menlo Park,San Mateo County,CA,94025,37.44332,-122.19103,full_service,5950,2015,leased,triple_net,bank,direct_utility_meter,rtu_gas_heat,natural_gas,2015,R-410A,led,3,False,2,False,n/a,0,48,1
MNB-00806,Tacoma Branch,Tacoma,Pierce County,WA,98402,47.26157,-122.44852,in_store,600,1983,leased,modified_gross,landlord,shared_unmetered,host_building_system,unknown,,unknown,led,0,False,0,False,n/a,0,67,3
MNB-00807,South Houston Branch,South Houston,Harris County,TX,77587,29.64629,-95.22272,full_service,5720,1960,leased,modified_gross,bank,direct_utility_meter,rtu_gas_heat,natural_gas,2002,R-22,mixed,3,False,3,False,n/a,0,44,1
MNB-00808,Stockbridge Branch,Stockbridge,Henry County,GA,30281,33.56225,-84.23655,full_service,4350,1967,leased,full_gross,landlord,shared_unmetered,rtu_gas_heat,natural_gas,2000,R-22,led,4,False,0,False,n/a,0,54,2
MNB-00809,Dalton Branch,Dalton,Livingston County,NY,14836,42.55618,-77.9205,full_service,4890,1986,owned,n/a,bank,direct_utility_meter,split_ac_gas_furnace,natural_gas,2023,R-410A,fluorescent,4,True,2,False,n/a,0,54,1
MNB-00810,Farmington Branch,Farmington,San Joaquin County,CA,95230,37.94029,-121.01164,full_service,4740,2015,leased,full_gross,landlord,shared_unmetered,split_ac_gas_furnace,natural_gas,2015,R-410A,mixed,3,False,0,False,n/a,0,45,3
MNB-00811,Mc Rae Helena Branch,Mc Rae Helena,Telfair County,GA,31055,31.98074,-82.84035,full_service,6090,2005,owned,n/a,bank,direct_utility_meter,heat_pump,electricity,2005,R-22,led,4,True,1,False,n/a,0,52,1
MNB-00812,Palmyra Branch,Palmyra,Macoupin County,IL,62674,39.43334,-90.03736,express,2150,2018,leased,modified_gross,bank,direct_utility_meter,rtu_gas_heat,natural_gas,2018,R-410A,led,4,True,0,False,n/a,0,53,1
MNB-00813,Clovis Branch,Clovis,Fresno County,CA,93611,36.83119,-119.68337,full_service,3670,2024,leased,full_gross,landlord,landlord_submeter,split_ac_gas_furnace,natural_gas,2024,R-410A,led,1,False,3,False,n/a,0,47,3
MNB-00814,South Gate Branch,South Gate,Los Angeles County,CA,90280,33.9606,-118.21038,in_store,550,1973,leased,full_gross,landlord,landlord_submeter,host_building_system,unknown,,unknown,mixed,1,False,0,False,n/a,0,75,3
MNB-00815,Lutcher Branch,Lutcher,St. James Parish,LA,70071,30.04817,-90.70273,full_service,4130,2008,leased,triple_net,bank,direct_utility_meter,split_ac_gas_furnace,natural_gas,2015,R-410A,mixed,2,False,0,False,n/a,0,49,1
MNB-00816,San Diego Branch #4,San Diego,San Diego County,CA,92199,32.74733,-117.16913,in_store,530,1994,leased,full_gross,landlord,shared_unmetered,host_building_system,unknown,,unknown,mixed,1,False,0,False,n/a,0,67,3
MNB-00817,Bangor Branch,Bangor,Butte County,CA,95914,39.39253,-121.38858,full_service,3060,1996,owned,n/a,bank,direct_utility_meter,rtu_gas_heat,natural_gas,2022,R-410A,fluorescent,4,False,2,False,n/a,0,45,1
MNB-00818,Lanesborough Branch,Lanesborough,Berkshire County,MA,01237,42.48213,-73.22395,full_service,2210,1983,leased,triple_net,bank,direct_utility_meter,boiler_with_split_ac,fuel_oil,2017,R-410A,led,1,False,1,False,n/a,0,48,1
MNB-00819,Alma Branch,Alma,Crawford County,AR,72921,35.50459,-94.2076,full_service,2630,1985,owned,n/a,bank,landlord_submeter,heat_pump,electricity,2015,R-410A,led,4,False,3,False,n/a,0,45,1
MNB-00820,Summersville Branch,Summersville,Texas County,MO,65571,37.10462,-91.67267,full_service,7610,2007,owned,n/a,bank,direct_utility_meter,rtu_gas_heat,natural_gas,2016,R-410A,fluorescent,2,True,1,True,diesel,0,43,2
MNB-00821,Micanopy Branch,Micanopy,Alachua County,FL,32667,29.49152,-82.29174,full_service,3440,2004,leased,triple_net,bank,direct_utility_meter,rtu_electric_heat,electricity,2016,R-410A,mixed,3,False,1,False,n/a,0,43,1
MNB-00822,Dinosaur Branch,Dinosaur,Moffat County,CO,81633,40.38242,-108.40896,full_service,7430,1983,owned,n/a,bank,direct_utility_meter,rtu_gas_heat,propane,2010,R-410A,mixed,3,False,2,False,n/a,0,43,2
MNB-00823,Wall Branch,Wall,Tom Green County,TX,76957,31.37983,-100.30853,full_service,4730,1964,owned,n/a,bank,direct_utility_meter,heat_pump,electricity,2000,R-22,led,1,False,1,False,n/a,0,51,1
MNB-00824,Caneadea Branch,Caneadea,Allegany County,NY,14717,42.35005,-78.20586,flagship,13720,2001,owned,n/a,bank,direct_utility_meter,rtu_gas_heat,natural_gas,2004,R-22,led,1,False,0,True,diesel,0,58,1
MNB-00825,Seattle Branch,Seattle,King County,WA,98148,47.43555,-122.31142,full_service,2670,2011,leased,triple_net,bank,direct_utility_meter,split_ac_gas_furnace,natural_gas,2011,R-410A,led,2,True,1,False,n/a,0,49,1
MNB-00826,Enterprise Branch,Enterprise,Clarke County,MS,39330,32.17275,-88.82262,express,1800,2000,leased,modified_gross,bank,direct_utility_meter,rtu_electric_heat,electricity,2004,R-22,mixed,4,True,0,False,n/a,0,53,1
MNB-00827,Royal Oak Branch,Royal Oak,Oakland County,MI,48067,42.48479,-83.13564,full_service,7400,1950,leased,full_gross,landlord,shared_unmetered,rtu_gas_heat,natural_gas,2005,R-22,fluorescent,3,True,1,False,n/a,0,54,3
MNB-00828,Haltom City Branch,Haltom City,Tarrant County,TX,76117,32.83562,-97.2964,full_service,6700,1980,owned,n/a,bank,direct_utility_meter,heat_pump,electricity,2018,R-410A,mixed,2,True,0,False,n/a,0,50,1
MNB-00829,Brooklin Branch,Brooklin,Hancock County,ME,04616,44.25408,-68.54919,full_service,4560,2013,leased,modified_gross,landlord,landlord_submeter,split_ac_gas_furnace,natural_gas,2023,R-410A,mixed,4,False,0,False,n/a,0,49,3
MNB-00830,Ripon Branch,Ripon,Fond du Lac County,WI,54971,43.8503,-88.85325,full_service,2970,2011,owned,n/a,bank,direct_utility_meter,rtu_gas_heat,natural_gas,2011,R-410A,mixed,2,False,3,False,n/a,0,46,1
MNB-00831,Macksburg Branch,Macksburg,Washington County,OH,45746,39.6398,-81.45506,full_service,3150,1951,owned,n/a,bank,direct_utility_meter,rtu_gas_heat,natural_gas,2011,R-410A,mixed,1,False,1,False,n/a,0,53,1
MNB-00832,Pittsburgh Branch #3,Pittsburgh,Allegheny County,PA,15203,40.42697,-79.97238,drive_thru_only,800,1994,leased,triple_net,bank,direct_utility_meter,rtu_gas_heat,natural_gas,2006,R-22,led,4,False,1,False,n/a,0,46,1
MNB-00833,San Antonio Branch #2,San Antonio,Bexar County,TX,78214,29.35207,-98.48935,in_store,890,1992,leased,modified_gross,bank,direct_utility_meter,host_building_system,unknown,,unknown,led,1,False,0,False,n/a,0,66,1
MNB-00834,Armonk Branch,Armonk,Westchester County,NY,10504,41.13468,-73.70676,full_service,6850,2006,owned,n/a,bank,direct_utility_meter,rtu_gas_heat,natural_gas,2016,R-410A,mixed,4,False,3,False,n/a,0,48,1
MNB-00835,Honolulu Branch,Honolulu,Honolulu County,HI,96822,21.31127,-157.8376,full_service,4450,1965,owned,n/a,bank,direct_utility_meter,heat_pump,electricity,1999,R-22,mixed,3,False,1,False,n/a,0,46,2
MNB-00836,Decatur Branch #2,Decatur,DeKalb County,GA,30035,33.71142,-84.21279,full_service,3830,2004,leased,modified_gross,landlord,shared_unmetered,heat_pump,electricity,2011,R-410A,fluorescent,4,False,2,True,diesel,0,44,3
MNB-00837,West Orange Branch,West Orange,Essex County,NJ,07052,40.78283,-74.26171,full_service,6680,2022,owned,n/a,bank,direct_utility_meter,rtu_gas_heat,natural_gas,2022,R-410A,led,4,True,1,False,n/a,0,54,1
MNB-00838,Mound City Branch,Mound City,Linn County,KS,66056,38.14709,-94.83191,full_service,3130,1987,owned,n/a,bank,direct_utility_meter,boiler_with_split_ac,natural_gas,2009,R-22,led,3,False,3,False,n/a,0,52,1
MNB-00839,Lebanon Branch,Lebanon,New London County,CT,06249,41.64409,-72.24799,full_service,4260,1984,leased,full_gross,landlord,landlord_submeter,rtu_gas_heat,natural_gas,2011,R-410A,fluorescent,4,False,2,False,n/a,0,52,3
MNB-00840,Sandy Ridge Branch,Sandy Ridge,Stokes County,NC,27046,36.49042,-80.08182,full_service,4820,1954,leased,modified_gross,bank,direct_utility_meter,rtu_gas_heat,natural_gas,2001,R-22,mixed,3,True,3,True,diesel,0,46,1
MNB-00841,Alanson Branch,Alanson,Emmet County,MI,49706,45.43711,-84.79454,full_service,3240,1957,leased,triple_net,bank,direct_utility_meter,rtu_gas_heat,natural_gas,2019,R-410A,mixed,2,True,1,False,n/a,0,50,1
MNB-00842,Decherd Branch,Decherd,Franklin County,TN,37324,35.23133,-86.07586,in_store,550,2021,leased,full_gross,landlord,shared_unmetered,host_building_system,unknown,,unknown,led,0,False,0,False,n/a,0,69,3
MNB-00843,Santa Ysabel Branch,Santa Ysabel,San Diego County,CA,92070,33.15028,-116.68443,full_service,3390,2023,leased,triple_net,bank,direct_utility_meter,rtu_gas_heat,natural_gas,2023,R-410A,mixed,3,True,1,False,n/a,0,50,1
MNB-00844,Highland Lakes Branch,Highland Lakes,Sussex County,NJ,07422,41.19,-74.48927,full_service,6420,1950,owned,n/a,bank,landlord_submeter,rtu_gas_heat,natural_gas,2020,R-410A,fluorescent,3,True,1,False,n/a,0,43,1
MNB-00845,Mission Branch,Mission,Hidalgo County,TX,78572,26.2039,-98.33066,express,2800,2019,leased,triple_net,bank,direct_utility_meter,split_ac_gas_furnace,natural_gas,2019,R-410A,led,4,True,0,False,n/a,0,45,1
MNB-00846,Streamwood Branch,Streamwood,Cook County,IL,60107,42.01,-88.17644,flagship,14650,1970,owned,n/a,bank,direct_utility_meter,heat_pump,electricity,2020,R-410A,fluorescent,3,False,0,True,diesel,0,53,2
MNB-00847,Altoona Branch,Altoona,Etowah County,AL,35952,34.08426,-86.20782,full_service,3870,2000,leased,modified_gross,bank,direct_utility_meter,rtu_electric_heat,electricity,2002,R-22,fluorescent,3,True,1,False,n/a,0,44,1
MNB-00848,Houston Branch #3,Houston,Harris County,TX,77094,29.76555,-95.70396,full_service,3500,2007,leased,full_gross,landlord,landlord_submeter,heat_pump,electricity,2007,R-22,led,2,False,1,False,n/a,0,42,3
MNB-00849,Mechanicsville Branch,Mechanicsville,Hanover County,VA,23116,37.6521,-77.31588,in_store,650,1986,leased,modified_gross,bank,direct_utility_meter,host_building_system,unknown,,unknown,mixed,0,False,0,False,n/a,0,60,1
MNB-00850,Skamokawa Branch,Skamokawa,Wahkiakum County,WA,98647,46.30053,-123.44175,full_service,3560,1998,leased,full_gross,landlord,landlord_submeter,rtu_gas_heat,natural_gas,2011,R-410A,led,4,False,1,True,diesel,0,54,3
MNB-00851,Hollywood Branch,Hollywood,Broward County,FL,33023,25.99496,-80.20826,full_service,4070,2004,leased,modified_gross,bank,landlord_submeter,heat_pump,electricity,2009,R-22,led,1,True,0,False,n/a,0,43,1
MNB-00852,Paris Branch,Paris,Henry County,TN,38242,36.28213,-88.30695,full_service,4750,1972,leased,full_gross,landlord,shared_unmetered,rtu_gas_heat,natural_gas,2023,R-410A,fluorescent,2,True,1,False,n/a,0,48,2
MNB-00853,Panama City Beach Branch,Panama City Beach,Bay County,FL,32407,30.20345,-85.83414,full_service,3710,2024,owned,n/a,bank,direct_utility_meter,rtu_electric_heat,electricity,2024,R-410A,led,4,True,2,False,n/a,0,50,1
MNB-00854,San Diego Branch #5,San Diego,San Diego County,CA,92106,32.73603,-117.20399,flagship,12970,1973,owned,n/a,bank,direct_utility_meter,split_ac_gas_furnace,natural_gas,2023,R-410A,mixed,3,False,0,True,diesel,0,51,1
MNB-00855,Romney Branch,Romney,Tippecanoe County,IN,47981,40.26249,-86.93807,in_store,620,1951,leased,full_gross,landlord,landlord_submeter,host_building_system,unknown,,unknown,mixed,1,False,0,False,n/a,0,61,3
MNB-00856,Kansas City Branch,Kansas City,Jackson County,MO,64110,39.04368,-94.56717,flagship,12320,2022,owned,n/a,bank,direct_utility_meter,split_ac_gas_furnace,natural_gas,2022,R-410A,led,3,True,0,True,diesel,0,50,1
MNB-00857,Weyerhaeuser Branch,Weyerhaeuser,Rusk County,WI,54895,45.40945,-91.42422,in_store,580,1991,leased,full_gross,landlord,shared_unmetered,host_building_system,unknown,,unknown,led,1,False,0,False,n/a,0,65,3
MNB-00858,Wichita Falls Branch,Wichita Falls,Wichita County,TX,76305,34.00347,-98.39049,full_service,5270,1989,owned,n/a,bank,direct_utility_meter,heat_pump,electricity,1998,R-22,mixed,1,False,3,True,diesel,0,43,1
MNB-00859,Ellensburg Branch,Ellensburg,Kittitas County,WA,98926,46.99597,-120.52223,in_store,410,1979,leased,full_gross,landlord,shared_unmetered,host_building_system,unknown,,unknown,mixed,1,False,0,False,n/a,0,61,2
MNB-00860,Arlington Branch,Arlington,Fayette County,IA,50606,42.72801,-91.65687,in_store,960,1953,leased,full_gross,landlord,shared_unmetered,host_building_system,unknown,,unknown,led,0,False,0,False,n/a,0,76,3
MNB-00861,Kempner Branch,Kempner,Lampasas County,TX,76539,31.09915,-98.02862,full_service,4370,1978,owned,n/a,bank,direct_utility_meter,heat_pump,electricity,2013,R-410A,mixed,3,True,0,True,diesel,0,42,1
MNB-00862,Lebec Branch,Lebec,Kern County,CA,93243,34.89955,-118.85739,full_service,5040,1988,owned,n/a,bank,direct_utility_meter,rtu_gas_heat,natural_gas,2003,R-22,led,3,False,3,False,n/a,0,43,1
MNB-00863,Muskegon Branch,Muskegon,Muskegon County,MI,49444,43.20063,-86.20567,full_service,5220,1997,leased,modified_gross,landlord,shared_unmetered,heat_pump,electricity,2005,R-22,led,3,True,3,True,diesel,0,42,3
MNB-00864,Rolling Fork Branch,Rolling Fork,Sharkey County,MS,39159,32.88908,-90.89143,full_service,3390,1993,leased,triple_net,bank,direct_utility_meter,rtu_gas_heat,natural_gas,2003,R-22,led,4,True,0,False,n/a,0,42,1
MNB-00865,Gays Creek Branch,Gays Creek,Perry County,KY,41745,37.33398,-83.42956,full_service,3190,2018,leased,triple_net,bank,direct_utility_meter,rtu_gas_heat,natural_gas,2018,R-410A,led,1,False,1,False,n/a,0,44,1
MNB-00866,Woodinville Branch,Woodinville,King County,WA,98077,47.75713,-122.04527,full_service,3080,2020,owned,n/a,bank,direct_utility_meter,split_ac_gas_furnace,propane,2020,R-410A,led,1,True,3,True,diesel,0,42,3
MNB-00867,Green Valley Branch,Green Valley,Pima County,AZ,85614,31.8635,-111.00442,full_service,3890,1983,leased,modified_gross,bank,direct_utility_meter,rtu_electric_heat,electricity,2000,R-22,fluorescent,1,False,2,False,n/a,0,42,1
MNB-00868,Livermore Branch,Livermore,Alameda County,CA,94551,37.75405,-121.76063,full_service,5180,2022,owned,n/a,bank,direct_utility_meter,rtu_gas_heat,natural_gas,2022,R-410A,led,3,False,1,False,n/a,0,47,1
MNB-00869,Atlanta Branch #3,Atlanta,Fulton County,GA,30344,33.69347,-84.4474,full_service,3520,2018,leased,modified_gross,landlord,shared_unmetered,heat_pump,electricity,2018,R-410A,led,3,True,2,False,n/a,0,43,3
MNB-00870,Hereford Branch,Hereford,Deaf Smith County,TX,79045,34.84689,-102.41571,full_service,5040,2021,owned,n/a,bank,direct_utility_meter,split_ac_gas_furnace,natural_gas,2021,R-410A,led,2,True,0,False,n/a,0,47,1
MNB-00871,Staten Island Branch,Staten Island,Richmond County,NY,10314,40.60319,-74.1503,full_service,2200,2009,leased,full_gross,landlord,shared_unmetered,rtu_gas_heat,natural_gas,2009,R-22,mixed,4,True,1,False,n/a,0,47,3
MNB-00872,Poughkeepsie Branch,Poughkeepsie,Dutchess County,NY,12603,41.68195,-73.86569,flagship,11990,1972,leased,modified_gross,landlord,landlord_submeter,split_ac_gas_furnace,natural_gas,2007,R-22,mixed,2,False,0,True,diesel,0,55,2
MNB-00873,La Fargeville Branch,La Fargeville,Jefferson County,NY,13656,44.19373,-75.96526,full_service,5960,1972,leased,triple_net,bank,landlord_submeter,split_ac_gas_furnace,natural_gas,2019,R-410A,mixed,4,False,3,True,diesel,0,50,1
MNB-00874,Corpus Christi Branch,Corpus Christi,Nueces County,TX,78419,27.70281,-97.26426,full_service,3990,2020,owned,n/a,bank,direct_utility_meter,rtu_gas_heat,natural_gas,2020,R-410A,led,1,True,0,False,n/a,0,50,1
MNB-00875,Bonita Branch,Bonita,San Diego County,CA,91902,32.66714,-117.01928,full_service,3270,1996,leased,modified_gross,landlord,shared_unmetered,rtu_gas_heat,natural_gas,2024,R-410A,fluorescent,2,True,0,False,n/a,0,46,3
MNB-00876,Rock Springs Branch,Rock Springs,Sauk County,WI,53961,43.47218,-89.94089,drive_thru_only,840,2019,leased,triple_net,bank,direct_utility_meter,split_ac_gas_furnace,natural_gas,2020,R-410A,led,3,False,1,False,n/a,0,47,1
MNB-00877,Arbuckle Branch,Arbuckle,Colusa County,CA,95912,39.02184,-122.04722,full_service,2200,2010,owned,n/a,bank,direct_utility_meter,heat_pump,electricity,2010,R-410A,led,4,False,1,False,n/a,0,45,1
MNB-00878,Wetumka Branch,Wetumka,Hughes County,OK,74883,35.2351,-96.237,full_service,3100,1974,leased,triple_net,bank,direct_utility_meter,rtu_electric_heat,electricity,2012,R-410A,led,1,True,3,False,n/a,0,48,1
MNB-00879,Kingsland Branch,Kingsland,Cleveland County,AR,71652,33.86907,-92.31118,full_service,5760,1988,leased,full_gross,landlord,shared_unmetered,rtu_gas_heat,natural_gas,2013,R-410A,led,2,True,2,False,n/a,0,49,3
MNB-00880,Buffalo Branch #4,Buffalo,Erie County,NY,14202,42.89155,-78.87428,in_store,560,2023,leased,modified_gross,bank,landlord_submeter,host_building_system,unknown,,unknown,led,0,False,0,False,n/a,0,70,1
MNB-00881,Brimson Branch,Brimson,St. Louis County,MN,55602,47.29938,-91.85313,express,1600,1952,leased,modified_gross,landlord,landlord_submeter,split_ac_gas_furnace,natural_gas,2014,R-410A,fluorescent,4,True,0,False,n/a,0,46,2
MNB-00882,Electra Branch,Electra,Wichita County,TX,76360,34.05351,-98.93075,full_service,2200,2009,owned,n/a,bank,direct_utility_meter,heat_pump,electricity,2009,R-22,led,2,True,2,False,n/a,0,50,1
MNB-00883,Pittsburgh Branch #4,Pittsburgh,Allegheny County,PA,15209,40.49389,-79.99084,full_service,2570,2023,leased,modified_gross,bank,direct_utility_meter,rtu_gas_heat,natural_gas,2023,R-410A,led,2,True,0,False,n/a,0,51,1
MNB-00884,Saint Augustine Branch,Saint Augustine,St. Johns County,FL,32086,29.80864,-81.30361,full_service,6000,1963,owned,n/a,bank,direct_utility_meter,heat_pump,electricity,2013,R-410A,mixed,1,True,1,False,n/a,0,52,1
MNB-00885,Milburn Branch,Milburn,Johnston County,OK,73450,34.18266,-96.53868,full_service,5050,1979,owned,n/a,bank,direct_utility_meter,rtu_electric_heat,electricity,2008,R-22,led,3,False,2,False,n/a,0,49,1
MNB-00886,Miami Branch #6,Miami,Miami-Dade County,FL,33162,25.91635,-80.18803,in_store,460,1999,leased,full_gross,landlord,landlord_submeter,host_building_system,unknown,,unknown,fluorescent,1,False,0,False,n/a,0,71,3
MNB-00887,Hemphill Branch,Hemphill,Sabine County,TX,75948,31.31673,-93.80171,flagship,10870,2016,owned,n/a,bank,direct_utility_meter,heat_pump,electricity,2023,R-410A,led,4,False,0,True,diesel,0,55,2
MNB-00888,Ward Branch,Ward,Boulder County,CO,80481,40.06931,-105.51413,flagship,13830,1996,leased,modified_gross,landlord,landlord_submeter,split_ac_gas_furnace,natural_gas,2023,R-410A,led,3,True,0,True,diesel,0,59,3
MNB-00889,Saint Charles Branch,Saint Charles,Lee County,VA,24282,36.82746,-83.06609,in_store,480,1958,leased,full_gross,landlord,shared_unmetered,host_building_system,unknown,,unknown,led,1,False,0,False,n/a,0,65,2
MNB-00890,Alum Bank Branch,Alum Bank,Bedford County,PA,15521,40.19324,-78.61,full_service,2300,1965,owned,n/a,bank,direct_utility_meter,rtu_gas_heat,natural_gas,2002,R-22,mixed,4,False,3,True,diesel,0,44,1
MNB-00891,Youngstown Branch,Youngstown,Mahoning County,OH,44511,41.07448,-80.70242,flagship,13130,1987,leased,full_gross,landlord,shared_unmetered,rtu_gas_heat,natural_gas,2023,R-410A,led,1,False,0,True,diesel,0,59,3
MNB-00892,Max Branch,Max,Dundy County,NE,69037,40.20179,-101.39848,full_service,4980,1983,owned,n/a,bank,direct_utility_meter,rtu_gas_heat,natural_gas,2012,R-410A,fluorescent,3,True,1,False,n/a,0,44,3
MNB-00893,Burnt Ranch Branch,Burnt Ranch,Trinity County,CA,95527,40.79462,-123.41611,full_service,5010,1974,leased,full_gross,landlord,landlord_submeter,boiler_with_split_ac,natural_gas,2013,R-410A,led,2,False,1,False,n/a,0,45,2
MNB-00894,Indianapolis Branch #3,Indianapolis,Marion County,IN,46278,39.87999,-86.28932,in_store,800,2016,leased,full_gross,landlord,shared_unmetered,host_building_system,unknown,,unknown,led,1,False,0,False,n/a,0,62,1
MNB-00895,Carmel Valley Branch,Carmel Valley,Monterey County,CA,93924,36.4534,-121.72952,full_service,2630,1953,leased,full_gross,landlord,shared_unmetered,rtu_gas_heat,natural_gas,2015,R-410A,fluorescent,1,False,1,False,n/a,0,45,2
MNB-00896,Lakeville Branch,Lakeville,Wayne County,PA,18438,41.41793,-75.29219,drive_thru_only,1010,2016,leased,modified_gross,bank,direct_utility_meter,split_ac_gas_furnace,natural_gas,2021,R-410A,led,3,True,1,False,n/a,0,49,1
MNB-00897,Bryans Road Branch,Bryans Road,Charles County,MD,20616,38.61534,-77.07805,flagship,12570,2021,owned,n/a,bank,direct_utility_meter,split_ac_gas_furnace,natural_gas,2021,R-410A,led,2,True,0,True,diesel,0,53,1
MNB-00898,Lancaster Branch,Lancaster,Grant County,WI,53813,42.84493,-90.71294,in_store,630,2004,leased,full_gross,landlord,landlord_submeter,host_building_system,unknown,,unknown,mixed,0,False,0,False,n/a,0,72,2
MNB-00899,Lemoore Branch,Lemoore,Kings County,CA,93245,36.26814,-119.8074,in_store,610,2004,leased,modified_gross,bank,direct_utility_meter,host_building_system,unknown,,unknown,mixed,1,False,0,False,n/a,0,69,1
MNB-00900,Panama City Branch,Panama City,Bay County,FL,32405,30.20745,-85.69534,full_service,3440,1968,owned,n/a,bank,direct_utility_meter,heat_pump,electricity,2010,R-410A,led,1,False,2,False,n/a,0,47,3
MNB-00901,Macdoel Branch,Macdoel,Siskiyou County,CA,96058,41.89725,-121.93056,full_service,2200,2000,leased,modified_gross,landlord,landlord_submeter,rtu_gas_heat,propane,2004,R-22,led,3,False,0,False,n/a,0,42,2
MNB-00902,Atwood Branch,Atwood,Carroll County,TN,38220,35.96873,-88.61485,drive_thru_only,1330,1987,owned,n/a,bank,landlord_submeter,rtu_gas_heat,natural_gas,2016,R-410A,led,2,False,2,False,n/a,0,46,1
MNB-00903,Richfield Springs Branch,Richfield Springs,Otsego County,NY,13439,42.8342,-74.95658,full_service,4630,1975,leased,triple_net,bank,landlord_submeter,rtu_gas_heat,natural_gas,2003,R-22,mixed,4,False,1,False,n/a,0,49,1
MNB-00904,Lizton Branch,Lizton,Hendricks County,IN,46149,39.89012,-86.54353,express,1240,2001,leased,triple_net,bank,direct_utility_meter,heat_pump,electricity,2005,R-22,led,1,True,0,False,n/a,0,53,1
MNB-00905,Hercules Branch,Hercules,Contra Costa County,CA,94547,38.00026,-122.25153,full_service,4840,1950,leased,triple_net,bank,direct_utility_meter,rtu_gas_heat,natural_gas,2012,R-410A,mixed,3,False,1,False,n/a,0,43,1
MNB-00906,Cincinnati Branch #2,Cincinnati,Hamilton County,OH,45233,39.11098,-84.67705,full_service,3670,1979,leased,triple_net,bank,direct_utility_meter,boiler_with_split_ac,natural_gas,2001,R-22,mixed,4,True,1,False,n/a,0,49,1
MNB-00907,Tecate Branch,Tecate,San Diego County,CA,91980,32.60073,-116.61064,full_service,3700,2006,leased,triple_net,bank,direct_utility_meter,split_ac_gas_furnace,natural_gas,2020,R-410A,led,2,False,1,False,n/a,0,45,1
MNB-00908,Camden Branch,Camden,Carroll County,IN,46917,40.59291,-86.52445,in_store,530,1993,leased,modified_gross,bank,direct_utility_meter,host_building_system,unknown,,unknown,led,1,False,0,False,n/a,0,72,1
MNB-00909,Georgetown Branch,Georgetown,El Dorado County,CA,95634,38.92817,-120.77972,in_store,740,1967,leased,full_gross,landlord,landlord_submeter,host_building_system,unknown,,unknown,led,1,False,0,False,n/a,0,65,3
MNB-00910,Conesville Branch,Conesville,Muscatine County,IA,52739,41.38863,-91.35999,flagship,10160,1950,owned,n/a,bank,direct_utility_meter,rtu_gas_heat,natural_gas,2007,R-22,led,1,False,0,True,diesel,0,57,1
MNB-00911,Amboy Branch,Amboy,Miami County,IN,46911,40.59904,-85.94963,full_service,3020,1979,owned,n/a,bank,direct_utility_meter,boiler_with_split_ac,natural_gas,1998,R-22,fluorescent,4,False,1,False,n/a,0,49,2
MNB-00912,New Orleans Branch,New Orleans,Orleans Parish,LA,70119,29.98629,-90.09509,full_service,5890,1999,leased,triple_net,bank,direct_utility_meter,heat_pump,electricity,2007,R-22,led,3,True,1,False,n/a,0,47,3
MNB-00913,Cameron Mills Branch,Cameron Mills,Steuben County,NY,14820,42.20088,-77.36049,full_service,3980,1998,leased,modified_gross,bank,direct_utility_meter,rtu_gas_heat,natural_gas,2014,R-410A,led,2,True,2,False,n/a,0,49,1
MNB-00914,Booneville Branch,Booneville,Dallas County,IA,50038,41.52542,-93.9055,full_service,4010,1966,leased,triple_net,bank,direct_utility_meter,rtu_gas_heat,natural_gas,1998,R-22,mixed,3,False,0,False,n/a,0,44,2
MNB-00915,Oakwood Branch,Oakwood,Hall County,GA,30566,34.22805,-83.91953,full_service,5160,2003,owned,n/a,bank,direct_utility_meter,split_ac_gas_furnace,natural_gas,2011,R-410A,led,1,False,0,False,n/a,0,53,3
MNB-00916,Oakville Branch,Oakville,Litchfield County,CT,06779,41.58059,-73.07083,full_service,3430,2024,owned,n/a,bank,direct_utility_meter,rtu_gas_heat,natural_gas,2024,R-410A,fluorescent,2,True,1,False,n/a,0,42,1
MNB-00917,Frisco Branch,Frisco,Collin County,TX,75035,33.13125,-96.74155,full_service,3640,2001,leased,triple_net,bank,direct_utility_meter,rtu_electric_heat,electricity,2022,R-410A,led,1,False,0,False,n/a,0,47,1
MNB-00918,Blythe Branch,Blythe,Riverside County,CA,92225,33.61681,-114.60889,full_service,4600,1998,leased,triple_net,bank,direct_utility_meter,rtu_gas_heat,natural_gas,2017,R-410A,fluorescent,1,False,0,False,n/a,0,42,1
MNB-00919,Seattle Branch #2,Seattle,King County,WA,98177,47.73523,-122.36864,full_service,2640,2004,owned,n/a,bank,direct_utility_meter,rtu_gas_heat,propane,2004,R-22,led,4,False,2,False,n/a,0,53,3
MNB-00920,Pueblo Branch,Pueblo,Pueblo County,CO,81001,38.29315,-104.57257,drive_thru_only,1050,2018,owned,n/a,bank,direct_utility_meter,rtu_gas_heat,propane,2018,R-410A,led,3,False,2,False,n/a,0,50,1
MNB-00921,Woodland Branch,Woodland,Yolo County,CA,95776,38.6659,-121.73607,full_service,3340,2022,owned,n/a,bank,direct_utility_meter,split_ac_gas_furnace,natural_gas,2022,R-410A,led,1,True,2,False,n/a,0,50,1
MNB-00922,Norfolk Branch,Norfolk,St. Lawrence County,NY,13667,44.83995,-74.95592,full_service,5420,1955,leased,triple_net,bank,landlord_submeter,split_ac_gas_furnace,natural_gas,2009,R-22,fluorescent,3,False,1,True,diesel,0,47,1
MNB-00923,Social Circle Branch,Social Circle,Walton County,GA,30025,33.68042,-83.67036,in_store,740,1973,leased,full_gross,landlord,shared_unmetered,host_building_system,unknown,,unknown,led,1,False,0,False,n/a,0,69,3
MNB-00924,Crowley Branch,Crowley,Tarrant County,TX,76036,32.61074,-97.37907,in_store,720,1964,leased,full_gross,landlord,landlord_submeter,host_building_system,unknown,,unknown,mixed,0,False,0,False,n/a,0,62,3
MNB-00925,Lubbock Branch #2,Lubbock,Lubbock County,TX,79401,33.56997,-101.86023,drive_thru_only,660,2013,leased,triple_net,bank,direct_utility_meter,split_ac_gas_furnace,natural_gas,2013,R-410A,led,2,True,3,False,n/a,0,48,2
MNB-00926,Lake Charles Branch,Lake Charles,Calcasieu Parish,LA,70607,30.14206,-93.18371,full_service,4070,1956,leased,modified_gross,bank,direct_utility_meter,heat_pump,electricity,2015,R-410A,led,3,False,1,False,n/a,0,50,3
MNB-00927,Hornbrook Branch,Hornbrook,Siskiyou County,CA,96044,41.9095,-122.52977,full_service,2950,2020,owned,n/a,bank,direct_utility_meter,split_ac_gas_furnace,natural_gas,2024,R-410A,led,2,False,3,False,n/a,0,45,3
MNB-00928,Debary Branch,Debary,Volusia County,FL,32713,28.88953,-81.31118,express,1780,1953,leased,modified_gross,landlord,landlord_submeter,rtu_gas_heat,natural_gas,2023,R-410A,mixed,3,True,0,False,n/a,0,42,3
MNB-00929,Buckeye Branch,Buckeye,Maricopa County,AZ,85396,33.46942,-112.47783,full_service,2200,2003,owned,n/a,bank,direct_utility_meter,heat_pump,electricity,2003,R-22,mixed,2,False,2,False,n/a,0,48,3
MNB-00930,Auburn Hills Branch,Auburn Hills,Oakland County,MI,48326,42.66364,-83.23709,full_service,2640,1979,leased,full_gross,landlord,shared_unmetered,rtu_gas_heat,natural_gas,2005,R-22,mixed,4,False,0,False,n/a,0,48,2
MNB-00931,Okeechobee Branch,Okeechobee,Okeechobee County,FL,34974,27.19836,-80.85358,flagship,22520,1994,owned,n/a,bank,direct_utility_meter,heat_pump,electricity,2020,R-410A,fluorescent,3,False,0,True,diesel,0,50,1
MNB-00932,Delancey Branch,Delancey,Delaware County,NY,13752,42.17335,-74.90178,full_service,4690,1992,leased,triple_net,bank,direct_utility_meter,rtu_gas_heat,natural_gas,2018,R-410A,led,1,False,1,True,diesel,0,49,1
MNB-00933,Echo Branch,Echo,Umatilla County,OR,97826,45.73562,-119.20662,in_store,590,2011,leased,full_gross,landlord,shared_unmetered,host_building_system,unknown,,unknown,led,0,False,0,False,n/a,0,61,3
MNB-00934,Santee Branch,Santee,Orangeburg County,SC,29142,33.49709,-80.48312,drive_thru_only,790,1996,owned,n/a,bank,direct_utility_meter,heat_pump,electricity,2014,R-410A,fluorescent,4,False,2,False,n/a,0,49,1
MNB-00935,Manchester Branch,Manchester,Hillsborough County,NH,03101,42.98517,-71.46684,full_service,3030,1991,owned,n/a,bank,landlord_submeter,split_ac_gas_furnace,natural_gas,2009,R-22,led,4,False,1,True,diesel,0,52,1
MNB-00936,Ironside Branch,Ironside,Malheur County,OR,97908,44.30018,-117.9401,in_store,680,2010,leased,full_gross,landlord,landlord_submeter,host_building_system,unknown,,unknown,led,0,False,0,False,n/a,0,63,2
MNB-00937,Brodhead Branch,Brodhead,Green County,WI,53520,42.59824,-89.39683,full_service,3780,2021,leased,triple_net,bank,direct_utility_meter,split_ac_gas_furnace,natural_gas,2021,R-410A,led,1,True,2,False,n/a,29,48,1
MNB-00938,Hinkley Branch,Hinkley,San Bernardino County,CA,92347,34.93336,-117.17021,drive_thru_only,1470,2014,owned,n/a,bank,direct_utility_meter,rtu_gas_heat,natural_gas,2014,R-410A,led,2,False,0,False,n/a,0,52,1
MNB-00939,West Townsend Branch,West Townsend,Middlesex County,MA,01474,42.68514,-71.76032,express,1710,2011,leased,triple_net,bank,direct_utility_meter,rtu_gas_heat,natural_gas,2011,R-410A,mixed,4,True,0,False,n/a,0,49,1
MNB-00940,Rochester Branch #2,Rochester,Monroe County,NY,14615,43.20487,-77.63746,express,1820,1995,leased,triple_net,bank,direct_utility_meter,rtu_gas_heat,natural_gas,2018,R-410A,led,4,True,0,False,n/a,0,45,1
MNB-00941,Mannford Branch,Mannford,Creek County,OK,74044,36.09034,-96.36334,full_service,2760,2019,leased,full_gross,landlord,shared_unmetered,rtu_gas_heat,natural_gas,2019,R-410A,mixed,1,True,3,False,n/a,0,50,3
MNB-00942,Greenville Branch,Greenville,Plumas County,CA,95947,40.15652,-120.90199,in_store,590,1995,leased,full_gross,landlord,landlord_submeter,host_building_system,unknown,,unknown,led,1,False,0,False,n/a,0,68,3
MNB-00943,Zwingle Branch,Zwingle,Jackson County,IA,52079,42.27475,-90.72773,express,1880,2021,leased,triple_net,bank,direct_utility_meter,split_ac_gas_furnace,natural_gas,2021,R-410A,led,4,True,0,False,n/a,0,44,1
MNB-00944,Leominster Branch,Leominster,Worcester County,MA,01453,42.50829,-71.75963,full_service,3750,2014,owned,n/a,bank,direct_utility_meter,rtu_gas_heat,natural_gas,2014,R-410A,led,1,False,1,False,n/a,29,44,1
MNB-00945,Mears Branch,Mears,Oceana County,MI,49436,43.67155,-86.43843,full_service,3630,1968,owned,n/a,bank,direct_utility_meter,split_ac_gas_furnace,natural_gas,2003,R-22,mixed,4,True,0,False,n/a,0,50,1
MNB-00946,La Salle Branch,La Salle,LaSalle County,IL,61301,41.34692,-89.09503,full_service,4630,1956,owned,n/a,bank,direct_utility_meter,rtu_gas_heat,natural_gas,2009,R-22,led,4,True,1,False,n/a,0,45,1
MNB-00947,Deerfield Beach Branch,Deerfield Beach,Broward County,FL,33442,26.32823,-80.13621,drive_thru_only,1460,2011,leased,modified_gross,bank,landlord_submeter,split_ac_gas_furnace,natural_gas,2011,R-410A,led,3,True,3,False,n/a,0,49,2
MNB-00948,Lomita Branch,Lomita,Los Angeles County,CA,90717,33.82751,-118.31636,full_service,4380,2008,leased,full_gross,landlord,landlord_submeter,split_ac_gas_furnace,natural_gas,2021,R-410A,led,3,False,1,False,n/a,0,43,2
MNB-00949,West End Branch,West End,Moore County,NC,27376,35.24416,-79.52583,full_service,5920,2003,leased,modified_gross,bank,direct_utility_meter,rtu_gas_heat,natural_gas,2017,R-410A,led,1,True,2,False,n/a,0,51,1
MNB-00950,Boise Branch,Boise,Ada County,ID,83706,43.60572,-116.19923,express,2100,2023,owned,n/a,bank,direct_utility_meter,split_ac_gas_furnace,natural_gas,2023,R-410A,led,2,True,0,False,n/a,0,50,1
MNB-00951,Ogden Branch,Ogden,Little River County,AR,71853,33.58553,-94.05451,express,2360,1999,leased,modified_gross,bank,direct_utility_meter,rtu_gas_heat,natural_gas,2018,R-410A,mixed,1,True,0,False,n/a,0,51,2
MNB-00952,New Berlin Branch,New Berlin,Union County,PA,17855,40.87839,-76.99376,flagship,10970,1985,leased,modified_gross,bank,direct_utility_meter,heat_pump,electricity,1998,R-22,led,3,False,0,True,diesel,0,50,2
MNB-00953,Thousand Palms Branch,Thousand Palms,Riverside County,CA,92276,33.81339,-116.3701,full_service,3940,2000,owned,n/a,bank,direct_utility_meter,rtu_gas_heat,propane,2012,R-410A,led,4,True,0,False,n/a,0,48,1
MNB-00954,Northvale Branch,Northvale,Bergen County,NJ,07647,41.00934,-73.94155,full_service,3950,1954,owned,n/a,bank,direct_utility_meter,split_ac_gas_furnace,natural_gas,2004,R-22,mixed,2,False,0,False,n/a,0,46,1
MNB-00955,Johnstown Branch,Johnstown,Brown County,NE,69214,42.57302,-100.04968,full_service,4940,2001,owned,n/a,bank,direct_utility_meter,rtu_gas_heat,natural_gas,2021,R-410A,led,2,False,2,False,n/a,0,49,1
MNB-00956,Robstown Branch,Robstown,Nueces County,TX,78380,27.7935,-97.68384,full_service,5320,2020,owned,n/a,bank,direct_utility_meter,rtu_gas_heat,natural_gas,2020,R-410A,led,1,False,3,False,n/a,0,42,1
MNB-00957,Millerstown Branch,Millerstown,Perry County,PA,17062,40.53372,-77.14151,express,1850,1950,owned,n/a,bank,direct_utility_meter,split_ac_gas_furnace,natural_gas,2000,R-22,mixed,1,True,0,False,n/a,0,51,1
MNB-00958,Healdsburg Branch,Healdsburg,Sonoma County,CA,95448,38.59988,-122.87081,full_service,5460,2017,owned,n/a,bank,direct_utility_meter,split_ac_gas_furnace,natural_gas,2021,R-410A,mixed,2,False,3,True,diesel,0,49,1
MNB-00959,Edwall Branch,Edwall,Lincoln County,WA,99008,47.54574,-117.92433,full_service,3540,2014,leased,triple_net,bank,direct_utility_meter,heat_pump,electricity,2014,R-410A,led,2,True,2,True,diesel,0,49,3
MNB-00960,Keyes Branch,Keyes,Stanislaus County,CA,95328,37.55578,-120.89044,full_service,5470,1963,owned,n/a,bank,direct_utility_meter,split_ac_gas_furnace,natural_gas,2012,R-410A,fluorescent,1,False,2,False,n/a,0,45,1
MNB-00961,Jacksonville Branch,Jacksonville,Duval County,FL,32244,30.21595,-81.75194,full_service,5690,2017,leased,triple_net,bank,direct_utility_meter,rtu_gas_heat,natural_gas,2017,R-410A,led,1,False,0,False,n/a,0,54,2
MNB-00962,Woodhaven Branch,Woodhaven,Queens County,NY,11421,40.6914,-73.85274,drive_thru_only,1180,2012,leased,full_gross,landlord,landlord_submeter,rtu_gas_heat,natural_gas,2013,R-410A,mixed,1,True,0,False,n/a,0,54,3
MNB-00963,Memphis Branch #3,Memphis,Shelby County,TN,38120,35.13024,-89.88118,in_store,670,1995,leased,full_gross,landlord,shared_unmetered,host_building_system,unknown,,unknown,fluorescent,0,False,0,False,n/a,0,67,2
MNB-00964,Quail Branch,Quail,Collingsworth County,TX,79251,34.92016,-100.42521,full_service,5200,1977,leased,modified_gross,landlord,landlord_submeter,rtu_electric_heat,electricity,2005,R-22,fluorescent,1,False,3,True,diesel,0,48,2
MNB-00965,Mckeesport Branch,Mckeesport,Allegheny County,PA,15132,40.33993,-79.85809,full_service,3210,1980,owned,n/a,bank,direct_utility_meter,boiler_with_split_ac,fuel_oil,2003,R-22,mixed,2,True,3,False,n/a,0,45,1
MNB-00966,Toronto Branch,Toronto,Jefferson County,OH,43964,40.48802,-80.63553,full_service,4450,2003,owned,n/a,bank,direct_utility_meter,split_ac_gas_furnace,natural_gas,2003,R-22,led,1,True,1,False,n/a,0,46,2
MNB-00967,Monterey Branch,Monterey,Concordia Parish,LA,71354,31.46885,-91.70529,full_service,4590,1977,leased,full_gross,landlord,landlord_submeter,rtu_gas_heat,natural_gas,2020,R-410A,mixed,2,True,0,False,n/a,0,47,2
MNB-00968,Punta Gorda Branch,Punta Gorda,Charlotte County,FL,33982,26.97273,-81.92676,express,1290,1983,leased,full_gross,landlord,landlord_submeter,rtu_gas_heat,natural_gas,2009,R-22,mixed,4,True,0,False,n/a,0,46,3
MNB-00969,Garland City Branch,Garland City,Miller County,AR,71839,33.32258,-93.76506,in_store,730,2021,leased,full_gross,landlord,shared_unmetered,host_building_system,unknown,,unknown,led,1,False,0,False,n/a,0,72,3
MNB-00970,West Point Branch,West Point,Fayette County,TX,78963,29.9672,-97.04837,full_service,2880,2010,leased,full_gross,landlord,shared_unmetered,rtu_electric_heat,electricity,2012,R-410A,led,2,False,2,False,n/a,0,51,3
MNB-00971,Hardin Branch,Hardin,Ray County,MO,64035,39.36396,-93.85143,in_store,580,2010,leased,modified_gross,bank,direct_utility_meter,host_building_system,unknown,,unknown,led,0,False,0,False,n/a,0,67,1
MNB-00972,Chatham Branch,Chatham,Alger County,MI,49816,46.35507,-86.90973,full_service,4250,2022,leased,full_gross,landlord,landlord_submeter,rtu_gas_heat,natural_gas,2022,R-410A,led,1,False,2,False,n/a,0,53,2
MNB-00973,South Bay Branch,South Bay,Palm Beach County,FL,33493,26.67728,-80.71869,full_service,3370,1950,leased,full_gross,landlord,shared_unmetered,heat_pump,electricity,1998,R-22,mixed,4,True,0,False,n/a,0,47,2
MNB-00974,Poolesville Branch,Poolesville,Montgomery County,MD,20837,39.14484,-77.40833,full_service,4300,1977,leased,modified_gross,bank,direct_utility_meter,rtu_gas_heat,natural_gas,2003,R-22,fluorescent,1,False,1,False,n/a,0,52,1
MNB-00975,Massapequa Branch,Massapequa,Nassau County,NY,11758,40.65503,-73.45836,full_service,4280,2006,leased,full_gross,landlord,shared_unmetered,split_ac_gas_furnace,natural_gas,2015,R-410A,led,2,True,1,False,n/a,0,49,3
MNB-00976,Smoketown Branch,Smoketown,Lancaster County,PA,17576,40.04601,-76.2067,full_service,3280,1992,leased,modified_gross,bank,direct_utility_meter,rtu_gas_heat,natural_gas,2000,R-22,led,3,False,0,False,n/a,0,49,1
MNB-00977,Ashby Branch,Ashby,Grant County,NE,69333,41.96133,-101.95292,drive_thru_only,1150,1964,leased,triple_net,bank,direct_utility_meter,split_ac_gas_furnace,natural_gas,2024,R-410A,fluorescent,2,False,2,False,n/a,0,53,1
MNB-00978,Armona Branch,Armona,Kings County,CA,93202,36.29996,-119.70986,express,1480,2013,leased,modified_gross,bank,direct_utility_meter,rtu_gas_heat,natural_gas,2013,R-410A,fluorescent,2,True,0,False,n/a,0,43,1
MNB-00979,Westphalia Branch,Westphalia,Clinton County,MI,48894,42.94844,-84.81142,full_service,8000,1956,owned,n/a,bank,direct_utility_meter,split_ac_gas_furnace,natural_gas,2013,R-410A,fluorescent,1,True,1,True,diesel,0,54,1
MNB-00980,Coleman Falls Branch,Coleman Falls,Bedford County,VA,24536,37.49878,-79.30849,in_store,630,1999,leased,full_gross,landlord,landlord_submeter,host_building_system,unknown,,unknown,mixed,1,False,0,False,n/a,0,72,2
MNB-00981,Calistoga Branch,Calistoga,Napa County,CA,94515,38.60015,-122.58366,full_service,2950,2000,leased,triple_net,bank,direct_utility_meter,rtu_gas_heat,natural_gas,2011,R-410A,fluorescent,2,True,0,False,n/a,0,52,1
MNB-00982,Montvale Branch,Montvale,Bedford County,VA,24122,37.40374,-79.72032,full_service,3120,2005,leased,modified_gross,bank,direct_utility_meter,rtu_gas_heat,natural_gas,2005,R-22,fluorescent,1,False,2,False,n/a,0,47,1
MNB-00983,Somerset Branch,Somerset,El Dorado County,CA,95684,38.58147,-120.59477,full_service,5920,1983,owned,n/a,bank,direct_utility_meter,heat_pump,electricity,2021,R-410A,led,1,False,2,False,n/a,0,49,2
MNB-00984,Massillon Branch,Massillon,Stark County,OH,44646,40.80871,-81.48776,full_service,3710,1953,leased,triple_net,bank,landlord_submeter,rtu_gas_heat,natural_gas,2016,R-410A,mixed,3,False,0,False,n/a,0,49,1
MNB-00985,Camden Branch,Camden,Wilcox County,AL,36726,32.00592,-87.27524,full_service,2780,2019,owned,n/a,bank,direct_utility_meter,heat_pump,electricity,2019,R-410A,led,2,False,1,False,n/a,0,49,1
MNB-00986,Woodbury Heights Branch,Woodbury Heights,Gloucester County,NJ,08097,39.81515,-75.14597,express,2220,2021,leased,triple_net,bank,direct_utility_meter,rtu_gas_heat,natural_gas,2021,R-410A,mixed,4,True,0,False,n/a,0,43,1
MNB-00987,Lawrence Branch,Lawrence,Washington County,PA,15055,40.3194,-80.11226,express,1620,1995,owned,n/a,bank,direct_utility_meter,rtu_gas_heat,natural_gas,2000,R-22,fluorescent,4,False,0,False,n/a,0,47,1
MNB-00988,Onamia Branch,Onamia,Mille Lacs County,MN,56359,46.08586,-93.6891,full_service,5100,1953,leased,triple_net,bank,landlord_submeter,boiler_with_split_ac,natural_gas,2004,R-22,fluorescent,4,True,3,False,n/a,0,45,1
MNB-00989,Moorefield Branch,Moorefield,Frontier County,NE,69039,40.58282,-100.31929,in_store,820,2001,leased,full_gross,landlord,shared_unmetered,host_building_system,unknown,,unknown,led,0,False,0,False,n/a,0,63,2
MNB-00990,Trimble Branch,Trimble,Clinton County,MO,64492,39.47524,-94.54335,full_service,4560,1983,owned,n/a,bank,direct_utility_meter,rtu_gas_heat,natural_gas,2003,R-22,mixed,3,False,2,False,n/a,0,52,2
MNB-00991,Preston Park Branch,Preston Park,Wayne County,PA,18455,41.8921,-75.35395,in_store,1100,1971,leased,modified_gross,bank,landlord_submeter,host_building_system,unknown,,unknown,fluorescent,0,False,0,False,n/a,0,64,1
MNB-00992,Port Crane Branch,Port Crane,Broome County,NY,13833,42.19584,-75.77617,full_service,2500,1970,leased,triple_net,bank,direct_utility_meter,rtu_gas_heat,natural_gas,2009,R-22,led,1,True,3,False,n/a,0,54,3
MNB-00993,El Paso Branch,El Paso,El Paso County,TX,79935,31.7628,-106.33424,full_service,3280,1971,owned,n/a,bank,direct_utility_meter,rtu_electric_heat,electricity,2006,R-22,mixed,3,False,2,True,diesel,0,43,1
MNB-00994,Eloy Branch,Eloy,Pinal County,AZ,85131,32.74807,-111.58429,in_store,600,1984,leased,full_gross,landlord,shared_unmetered,host_building_system,unknown,,unknown,fluorescent,1,False,0,False,n/a,0,77,3
MNB-00995,Edmonds Branch,Edmonds,Snohomish County,WA,98020,47.80389,-122.37853,full_service,8000,1980,owned,n/a,bank,direct_utility_meter,rtu_gas_heat,natural_gas,1999,R-22,mixed,4,True,3,False,n/a,0,44,1
MNB-00996,Youngstown Branch #2,Youngstown,Mahoning County,OH,44506,41.09276,-80.60812,full_service,7200,2016,leased,full_gross,landlord,shared_unmetered,rtu_gas_heat,natural_gas,2016,R-410A,led,1,False,1,False,n/a,0,51,1
MNB-00997,Fort Morgan Branch,Fort Morgan,Morgan County,CO,80701,40.27536,-103.79734,full_service,6180,1996,leased,triple_net,bank,direct_utility_meter,rtu_gas_heat,natural_gas,2023,R-410A,led,3,True,1,False,n/a,0,42,1
MNB-00998,Kell Branch,Kell,Marion County,IL,62853,38.51352,-88.89622,full_service,3300,1991,owned,n/a,bank,direct_utility_meter,rtu_gas_heat,natural_gas,2013,R-410A,led,4,True,2,False,n/a,0,45,1
MNB-00999,San Mateo Branch #2,San Mateo,San Mateo County,CA,94403,37.53657,-122.29664,full_service,3420,1967,owned,n/a,bank,direct_utility_meter,rtu_gas_heat,natural_gas,2019,R-410A,fluorescent,3,False,3,True,diesel,0,43,1
MNB-01000,Haskell Branch,Haskell,Haskell County,TX,79521,33.13283,-99.72992,full_service,3270,2018,leased,modified_gross,landlord,shared_unmetered,heat_pump,electricity,2020,R-410A,mixed,3,True,2,False,n/a,0,43,3
MNB-01001,Emporium Branch,Emporium,Cameron County,PA,15834,41.50697,-78.26484,full_service,3320,1957,owned,n/a,bank,direct_utility_meter,rtu_gas_heat,natural_gas,2016,R-410A,led,1,False,3,False,n/a,0,46,1
MNB-01002,Indianapolis Branch #4,Indianapolis,Hamilton County,IN,46280,39.93844,-86.11556,full_service,6570,1976,leased,triple_net,bank,direct_utility_meter,heat_pump,electricity,2018,R-410A,led,1,False,1,False,n/a,0,43,1
MNB-01003,Clarkdale Branch,Clarkdale,Yavapai County,AZ,86324,34.76287,-112.05774,full_service,3900,2004,owned,n/a,bank,direct_utility_meter,rtu_gas_heat,propane,2009,R-22,led,1,True,1,False,n/a,0,50,2
MNB-01004,Birmingham Branch #2,Birmingham,Jefferson County,AL,35203,33.53758,-86.82301,full_service,4060,2009,leased,triple_net,bank,direct_utility_meter,rtu_electric_heat,electricity,2009,R-22,led,3,True,0,False,n/a,0,52,2
MNB-01005,Winchester Branch,Winchester,Middlesex County,MA,01890,42.45102,-71.15057,in_store,780,2014,leased,modified_gross,landlord,shared_unmetered,host_building_system,unknown,,unknown,led,0,False,0,False,n/a,0,73,2
MNB-01006,Dana Branch,Dana,Greene County,IA,50064,42.12296,-94.24468,drive_thru_only,650,1990,leased,modified_gross,bank,direct_utility_meter,rtu_gas_heat,natural_gas,2006,R-22,fluorescent,3,True,2,False,n/a,0,53,1
MNB-01007,Boise Branch #2,Boise,Ada County,ID,83702,43.63294,-116.20024,full_service,4260,1985,owned,n/a,bank,direct_utility_meter,rtu_gas_heat,natural_gas,1999,R-22,mixed,2,True,1,True,diesel,0,51,1
MNB-01008,Holyoke Branch,Holyoke,Phillips County,CO,80734,40.58295,-102.27696,full_service,3020,1980,leased,triple_net,bank,direct_utility_meter,split_ac_gas_furnace,natural_gas,2015,R-410A,led,4,True,0,False,n/a,0,50,1
MNB-01009,Round Rock Branch,Round Rock,Williamson County,TX,78664,30.51343,-97.67498,full_service,3840,2000,leased,triple_net,bank,landlord_submeter,heat_pump,electricity,2015,R-410A,led,2,False,2,False,n/a,0,43,3
MNB-01010,Red Wing Branch,Red Wing,Goodhue County,MN,55066,44.55285,-92.54297,full_service,3520,1985,leased,triple_net,bank,direct_utility_meter,rtu_gas_heat,natural_gas,2009,R-22,fluorescent,4,True,1,False,n/a,0,53,2
MNB-01011,Akron Branch #2,Akron,Summit County,OH,44320,41.10413,-81.56958,full_service,3460,1984,owned,n/a,bank,direct_utility_meter,split_ac_gas_furnace,natural_gas,2015,R-410A,led,1,True,1,True,diesel,0,51,1
MNB-01012,Mifflinburg Branch,Mifflinburg,Union County,PA,17844,40.89396,-77.08494,full_service,4490,1952,owned,n/a,bank,direct_utility_meter,heat_pump,electricity,2018,R-410A,fluorescent,1,False,0,False,n/a,0,49,1
MNB-01013,Northport Branch,Northport,Tuscaloosa County,AL,35476,33.20328,-87.60012,drive_thru_only,1050,2022,leased,triple_net,bank,direct_utility_meter,rtu_gas_heat,natural_gas,2022,R-410A,led,4,True,2,False,n/a,0,45,1
MNB-01014,Hackettstown Branch,Hackettstown,Warren County,NJ,07840,40.84638,-74.82135,full_service,3930,1958,leased,triple_net,bank,direct_utility_meter,split_ac_gas_furnace,natural_gas,2021,R-410A,fluorescent,4,False,1,False,n/a,0,42,2
MNB-01015,Angie Branch,Angie,Washington Parish,LA,70426,30.92257,-89.87688,full_service,4690,1979,leased,triple_net,bank,direct_utility_meter,rtu_gas_heat,natural_gas,2007,R-22,led,3,False,3,False,n/a,0,47,3
MNB-01016,Laguna Beach Branch,Laguna Beach,Orange County,CA,92651,33.55118,-117.77995,full_service,3230,2021,leased,modified_gross,bank,direct_utility_meter,split_ac_gas_furnace,natural_gas,2021,R-410A,led,1,False,1,False,n/a,0,49,1
MNB-01017,Deford Branch,Deford,Tuscola County,MI,48729,43.47918,-83.15118,full_service,5150,2010,leased,full_gross,landlord,shared_unmetered,heat_pump,electricity,2010,R-410A,fluorescent,2,True,0,False,n/a,0,49,1
MNB-01018,Corolla Branch,Corolla,Currituck County,NC,27927,36.31599,-75.82233,drive_thru_only,940,2001,leased,triple_net,bank,direct_utility_meter,heat_pump,electricity,2008,R-22,led,3,True,2,False,n/a,0,46,1
MNB-01019,Weston Branch,Weston,Franklin County,ID,83286,42.05683,-111.97147,in_store,570,2006,leased,full_gross,landlord,shared_unmetered,host_building_system,unknown,,unknown,mixed,1,False,0,False,n/a,0,70,3
MNB-01020,Fort Lupton Branch,Fort Lupton,Weld County,CO,80621,40.12036,-104.81695,full_service,3300,1962,owned,n/a,bank,direct_utility_meter,heat_pump,electricity,1998,R-22,mixed,3,False,2,False,n/a,0,47,1
MNB-01021,Roosevelt Branch,Roosevelt,Duchesne County,UT,84066,40.31241,-109.99127,in_store,610,2015,leased,full_gross,landlord,shared_unmetered,host_building_system,unknown,,unknown,led,1,False,0,False,n/a,0,72,3
MNB-01022,Puyallup Branch,Puyallup,Pierce County,WA,98371,47.21065,-122.3161,full_service,7360,1977,leased,modified_gross,bank,direct_utility_meter,rtu_gas_heat,natural_gas,2009,R-22,led,2,False,3,False,n/a,0,52,1
MNB-01023,Phillipsburg Branch,Phillipsburg,Warren County,NJ,08865,40.71117,-75.15014,full_service,4120,2022,owned,n/a,bank,direct_utility_meter,split_ac_gas_furnace,propane,2022,R-410A,led,1,False,2,False,n/a,32,46,1
MNB-01024,Coulterville Branch,Coulterville,Randolph County,IL,62237,38.16856,-89.63165,in_store,480,1975,leased,modified_gross,bank,landlord_submeter,host_building_system,unknown,,unknown,mixed,0,False,0,False,n/a,0,67,1
MNB-01025,New Orleans Branch #2,New Orleans,Orleans Parish,LA,70126,30.00707,-90.03666,in_store,810,2004,leased,full_gross,landlord,shared_unmetered,host_building_system,unknown,,unknown,led,1,False,0,False,n/a,0,71,3
MNB-01026,Coal Center Branch,Coal Center,Washington County,PA,15423,40.09863,-79.89441,full_service,3640,1999,owned,n/a,bank,direct_utility_meter,heat_pump,electricity,2022,R-410A,fluorescent,3,True,0,False,n/a,0,47,1
MNB-01027,Athol Branch,Athol,Warren County,NY,12810,43.48392,-73.88947,flagship,15680,1967,leased,full_gross,landlord,shared_unmetered,rtu_gas_heat,natural_gas,2000,R-22,mixed,2,True,0,True,diesel,0,51,3
MNB-01028,Arlee Branch,Arlee,Lake County,MT,59821,47.20368,-114.07006,in_store,550,1986,leased,full_gross,landlord,shared_unmetered,host_building_system,unknown,,unknown,mixed,0,False,0,False,n/a,0,60,1
MNB-01029,Lake Mary Branch,Lake Mary,Seminole County,FL,32746,28.72829,-81.35829,full_service,6160,2013,leased,triple_net,bank,direct_utility_meter,heat_pump,electricity,2013,R-410A,mixed,3,True,2,False,n/a,0,45,1
MNB-01030,Sacramento Branch,Sacramento,Sacramento County,CA,95834,38.62129,-121.53261,full_service,3510,1974,owned,n/a,bank,direct_utility_meter,heat_pump,electricity,2009,R-22,fluorescent,3,False,1,False,n/a,0,52,1
MNB-01031,Van Wert Branch,Van Wert,Van Wert County,OH,45891,40.85466,-84.59104,full_service,6380,2023,owned,n/a,bank,direct_utility_meter,rtu_gas_heat,natural_gas,2023,R-410A,mixed,1,False,0,False,n/a,0,44,2
MNB-01032,Dawson Branch,Dawson,Sangamon County,IL,62520,39.85194,-89.47806,full_service,3060,1981,leased,triple_net,bank,direct_utility_meter,boiler_with_split_ac,natural_gas,2006,R-22,fluorescent,2,True,0,False,n/a,0,45,1
MNB-01033,Maria Stein Branch,Maria Stein,Mercer County,OH,45860,40.40314,-84.4882,full_service,3840,2004,leased,triple_net,bank,direct_utility_meter,split_ac_gas_furnace,natural_gas,2017,R-410A,led,2,False,0,False,n/a,0,48,2
MNB-01034,Phenix City Branch,Phenix City,Lee County,AL,36870,32.46001,-85.12188,full_service,6390,2004,owned,n/a,bank,direct_utility_meter,rtu_gas_heat,natural_gas,2004,R-22,led,1,False,2,True,diesel,0,49,1
MNB-01035,Las Vegas Branch #4,Las Vegas,Clark County,NV,89130,36.23528,-115.23186,in_store,670,1994,leased,full_gross,landlord,landlord_submeter,host_building_system,unknown,,unknown,led,1,False,0,False,n/a,0,75,3
MNB-01036,Mountain Iron Branch,Mountain Iron,St. Louis County,MN,55768,47.50297,-92.63268,full_service,8000,2006,owned,n/a,bank,direct_utility_meter,heat_pump,electricity,2014,R-410A,led,2,False,1,False,n/a,0,44,2
MNB-01037,Spring Branch,Spring,Montgomery County,TX,77386,30.15829,-95.44657,in_store,600,2011,leased,full_gross,landlord,landlord_submeter,host_building_system,unknown,,unknown,mixed,0,False,0,False,n/a,0,70,3
MNB-01038,Orland Branch,Orland,Glenn County,CA,95963,39.75302,-122.26659,drive_thru_only,1060,2004,owned,n/a,bank,direct_utility_meter,split_ac_gas_furnace,natural_gas,2004,R-22,fluorescent,1,False,1,False,n/a,0,48,1
MNB-01039,Baker Branch,Baker,San Bernardino County,CA,92309,35.35566,-116.0516,in_store,1040,2000,leased,modified_gross,bank,direct_utility_meter,host_building_system,unknown,,unknown,led,0,False,0,False,n/a,0,63,1
MNB-01040,Manton Branch,Manton,Tehama County,CA,96059,40.42874,-121.80972,in_store,440,2003,leased,full_gross,landlord,landlord_submeter,host_building_system,unknown,,unknown,mixed,1,False,0,False,n/a,0,75,3
MNB-01041,Toivola Branch,Toivola,Houghton County,MI,49965,46.89711,-88.84448,express,1190,1989,leased,triple_net,bank,direct_utility_meter,rtu_gas_heat,natural_gas,2005,R-22,mixed,1,False,0,False,n/a,0,53,1
MNB-01042,Ethel Branch,Ethel,East Feliciana Parish,LA,70730,30.7902,-91.1111,full_service,3300,1959,leased,triple_net,bank,direct_utility_meter,rtu_gas_heat,natural_gas,2018,R-410A,mixed,1,True,2,False,n/a,0,48,2
MNB-01043,Orrstown Branch,Orrstown,Franklin County,PA,17244,40.0717,-77.64498,in_store,790,1969,leased,full_gross,landlord,shared_unmetered,host_building_system,unknown,,unknown,mixed,1,False,0,False,n/a,0,63,2
MNB-01044,Albertson Branch,Albertson,Nassau County,NY,11507,40.75833,-73.66288,flagship,8000,2003,owned,n/a,bank,direct_utility_meter,split_ac_gas_furnace,natural_gas,2017,R-410A,fluorescent,2,False,0,True,diesel,0,59,1
MNB-01045,Boynton Beach Branch #2,Boynton Beach,Palm Beach County,FL,33472,26.53738,-80.16088,full_service,5020,2021,leased,triple_net,bank,direct_utility_meter,heat_pump,electricity,2021,R-410A,mixed,3,False,1,False,n/a,0,42,1
MNB-01046,Irving Branch,Irving,Dallas County,TX,75038,32.8461,-96.99276,full_service,4910,1953,leased,triple_net,bank,direct_utility_meter,heat_pump,electricity,2000,R-22,mixed,2,True,1,False,n/a,0,51,2
MNB-01047,Anthony Branch,Anthony,Marion County,FL,32617,29.29566,-82.10081,flagship,30000,1999,leased,modified_gross,bank,direct_utility_meter,rtu_gas_heat,natural_gas,2019,R-410A,led,3,False,0,True,diesel,0,51,2
MNB-01048,South Boston Branch,South Boston,Suffolk County,MA,02127,42.33648,-71.02078,full_service,5740,1977,leased,triple_net,bank,landlord_submeter,rtu_gas_heat,natural_gas,2009,R-22,led,4,False,3,False,n/a,59,46,2
MNB-01049,Waxahachie Branch,Waxahachie,Ellis County,TX,75165,32.38519,-96.85829,full_service,4680,2000,owned,n/a,bank,landlord_submeter,rtu_electric_heat,electricity,2003,R-22,mixed,3,False,2,False,n/a,0,47,1
MNB-01050,Westdale Branch,Westdale,Oneida County,NY,13483,43.41671,-75.83059,full_service,6310,2011,leased,modified_gross,bank,direct_utility_meter,rtu_gas_heat,natural_gas,2019,R-410A,mixed,4,False,2,False,n/a,0,52,1
MNB-01051,Seffner Branch,Seffner,Hillsborough County,FL,33584,27.97635,-82.29433,full_service,4930,2010,owned,n/a,bank,direct_utility_meter,rtu_gas_heat,natural_gas,2010,R-410A,mixed,1,True,3,True,diesel,0,47,1
MNB-01052,Long Beach Branch,Long Beach,Los Angeles County,CA,90831,33.77806,-118.20036,full_service,3650,2010,leased,modified_gross,bank,direct_utility_meter,rtu_gas_heat,natural_gas,2010,R-410A,fluorescent,1,True,2,False,n/a,0,43,1
MNB-01053,Chinle Branch,Chinle,Apache County,AZ,86503,36.1208,-109.60442,full_service,2970,2013,leased,full_gross,landlord,shared_unmetered,rtu_gas_heat,natural_gas,2013,R-410A,led,2,True,0,True,diesel,0,54,3
MNB-01054,Garden Valley Branch,Garden Valley,El Dorado County,CA,95633,38.87409,-120.82075,express,1560,1959,leased,triple_net,bank,direct_utility_meter,split_ac_gas_furnace,natural_gas,2001,R-22,fluorescent,2,False,0,False,n/a,0,50,1
MNB-01055,Horseshoe Bay Branch,Horseshoe Bay,Llano County,TX,78657,30.54417,-98.38683,full_service,4140,1997,owned,n/a,bank,direct_utility_meter,rtu_electric_heat,electricity,2017,R-410A,mixed,4,True,0,False,n/a,0,46,3
MNB-01056,Memphis Branch #4,Memphis,Shelby County,TN,38119,35.06558,-89.84735,full_service,4420,1978,owned,n/a,bank,landlord_submeter,heat_pump,electricity,2009,R-22,fluorescent,1,False,3,False,n/a,0,54,1
MNB-01057,New Germany Branch,New Germany,Carver County,MN,55367,44.89561,-93.9627,express,1050,2021,leased,triple_net,bank,direct_utility_meter,split_ac_gas_furnace,natural_gas,2022,R-410A,led,2,True,0,False,n/a,0,51,1
MNB-01058,Yuba City Branch,Yuba City,Sutter County,CA,95993,39.12808,-121.66112,drive_thru_only,940,2013,owned,n/a,bank,direct_utility_meter,heat_pump,electricity,2013,R-410A,led,4,True,0,False,n/a,0,53,2
MNB-01059,Spring Branch #2,Spring,Montgomery County,TX,77382,30.21796,-95.52438,full_service,4230,1963,leased,modified_gross,landlord,shared_unmetered,rtu_electric_heat,electricity,2003,R-22,mixed,2,False,3,False,n/a,0,49,3
MNB-01060,Templeton Branch,Templeton,San Luis Obispo County,CA,93465,35.55341,-120.72324,full_service,4940,1977,leased,modified_gross,bank,direct_utility_meter,split_ac_gas_furnace,natural_gas,2012,R-410A,led,3,True,1,True,diesel,0,53,1
MNB-01061,Conway Branch,Conway,Northampton County,NC,27820,36.43478,-77.24892,full_service,6840,1993,owned,n/a,bank,direct_utility_meter,rtu_gas_heat,natural_gas,2015,R-410A,led,2,True,2,True,diesel,0,46,1
MNB-01062,Camargo Branch,Camargo,Dewey County,OK,73835,36.03329,-99.27196,drive_thru_only,1040,2023,owned,n/a,bank,direct_utility_meter,rtu_electric_heat,electricity,2023,R-410A,led,1,True,3,False,n/a,0,52,2
MNB-01063,Rural Hall Branch,Rural Hall,Forsyth County,NC,27045,36.22622,-80.28967,full_service,3190,1963,leased,triple_net,bank,direct_utility_meter,split_ac_gas_furnace,natural_gas,2001,R-22,fluorescent,1,False,1,True,diesel,0,50,1
MNB-01064,Munfordville Branch,Munfordville,Hart County,KY,42765,37.2988,-85.91326,full_service,2430,2000,leased,full_gross,landlord,shared_unmetered,rtu_gas_heat,natural_gas,2018,R-410A,led,1,True,0,False,n/a,0,48,3
MNB-01065,Granton Branch,Granton,Clark County,WI,54436,44.58381,-90.43145,in_store,770,1985,leased,modified_gross,landlord,shared_unmetered,host_building_system,unknown,,unknown,mixed,1,False,0,False,n/a,0,76,3
MNB-01066,Thayer Branch,Thayer,Oregon County,MO,65791,36.55623,-91.53056,in_store,520,2005,leased,full_gross,landlord,shared_unmetered,host_building_system,unknown,,unknown,led,1,False,0,False,n/a,0,64,3
MNB-01067,Great Lakes Branch,Great Lakes,Lake County,IL,60088,42.28846,-87.86334,full_service,5440,2005,owned,n/a,bank,direct_utility_meter,rtu_gas_heat,natural_gas,2013,R-410A,led,2,True,1,False,n/a,0,51,2
MNB-01068,Columbus Branch,Columbus,Franklin County,OH,43227,39.93328,-82.90436,drive_thru_only,1410,1976,leased,full_gross,landlord,landlord_submeter,rtu_gas_heat,natural_gas,2024,R-410A,led,2,False,1,False,n/a,0,49,3
MNB-01069,Mount Savage Branch,Mount Savage,Allegany County,MD,21545,39.71692,-78.8811,in_store,440,2013,leased,full_gross,landlord,shared_unmetered,host_building_system,unknown,,unknown,led,0,False,0,False,n/a,0,68,3
MNB-01070,Fruitland Branch,Fruitland,Wicomico County,MD,21826,38.3098,-75.62544,in_store,740,1961,leased,full_gross,landlord,landlord_submeter,host_building_system,unknown,,unknown,fluorescent,0,False,0,False,n/a,0,77,3
MNB-01071,Algonac Branch,Algonac,St. Clair County,MI,48001,42.62083,-82.58357,in_store,890,2015,leased,modified_gross,landlord,shared_unmetered,host_building_system,unknown,,unknown,mixed,0,False,0,False,n/a,0,70,3
MNB-01072,Bellwood Branch,Bellwood,Blair County,PA,16617,40.59807,-78.34294,in_store,830,1974,leased,full_gross,landlord,shared_unmetered,host_building_system,unknown,,unknown,mixed,1,False,0,False,n/a,0,77,2
MNB-01073,Santa Rosa Branch,Santa Rosa,Sonoma County,CA,95407,38.41394,-122.74513,full_service,2230,2002,leased,modified_gross,bank,landlord_submeter,rtu_gas_heat,natural_gas,2012,R-410A,fluorescent,4,True,1,False,n/a,0,42,1
MNB-01074,Estill Springs Branch,Estill Springs,Franklin County,TN,37330,35.26927,-86.15386,full_service,3250,1985,owned,n/a,bank,direct_utility_meter,rtu_gas_heat,natural_gas,2019,R-410A,led,3,True,0,False,n/a,0,45,3
MNB-01075,Hague Branch,Hague,Westmoreland County,VA,22469,38.04949,-76.68141,in_store,470,2003,leased,modified_gross,bank,direct_utility_meter,host_building_system,unknown,,unknown,led,1,False,0,False,n/a,0,75,2
MNB-01076,Hope Mills Branch,Hope Mills,Cumberland County,NC,28348,34.94551,-78.93822,full_service,4910,1979,leased,triple_net,bank,direct_utility_meter,rtu_gas_heat,natural_gas,2023,R-410A,led,4,False,0,False,n/a,0,45,2
MNB-01077,Katy Branch,Katy,Harris County,TX,77449,29.82375,-95.75364,full_service,4750,2000,leased,full_gross,landlord,landlord_submeter,rtu_gas_heat,natural_gas,2011,R-410A,led,4,True,3,True,diesel,0,53,3
MNB-01078,Lake Branch,Lake,Scott County,MS,39092,32.33535,-89.35341,full_service,2200,1951,leased,full_gross,landlord,shared_unmetered,heat_pump,electricity,2016,R-410A,led,3,False,2,False,n/a,0,54,3
MNB-01079,Sedona Branch,Sedona,Yavapai County,AZ,86336,34.85398,-111.75533,in_store,600,1987,leased,modified_gross,bank,direct_utility_meter,host_building_system,unknown,,unknown,led,1,False,0,False,n/a,0,66,1
MNB-01080,Breckenridge Branch,Breckenridge,Stephens County,TX,76424,32.75677,-98.92593,in_store,790,2015,leased,full_gross,landlord,landlord_submeter,host_building_system,unknown,,unknown,led,0,False,0,False,n/a,0,67,3
MNB-01081,Monrovia Branch,Monrovia,Los Angeles County,CA,91016,34.15464,-117.99684,full_service,4390,1993,leased,triple_net,bank,direct_utility_meter,rtu_gas_heat,natural_gas,2017,R-410A,led,3,False,3,False,n/a,0,46,1
MNB-01082,Onia Branch,Onia,Stone County,AR,72663,35.93443,-92.33702,full_service,4380,1996,leased,modified_gross,bank,direct_utility_meter,rtu_electric_heat,electricity,2000,R-22,led,1,True,2,False,n/a,0,49,1
MNB-01083,Somerville Branch,Somerville,Middlesex County,MA,02143,42.38067,-71.10939,full_service,3760,2004,leased,triple_net,bank,direct_utility_meter,rtu_gas_heat,natural_gas,2023,R-410A,led,1,False,1,False,n/a,0,45,1
MNB-01084,Palmyra Branch,Palmyra,Wayne County,NY,14522,43.05364,-77.22704,flagship,9160,1991,leased,modified_gross,landlord,landlord_submeter,rtu_gas_heat,natural_gas,2024,R-410A,led,4,True,0,True,diesel,0,57,3
MNB-01085,Madison Branch,Madison,Dane County,WI,53719,43.00028,-89.49285,drive_thru_only,990,2018,leased,triple_net,bank,direct_utility_meter,rtu_gas_heat,natural_gas,2018,R-410A,led,4,True,2,False,n/a,0,49,2
MNB-01086,Miami Branch,Miami,Miami County,IN,46959,40.59816,-86.11497,full_service,4260,1989,leased,triple_net,bank,direct_utility_meter,split_ac_gas_furnace,natural_gas,2000,R-22,led,4,True,0,False,n/a,0,51,2
MNB-01087,Moro Branch,Moro,Lee County,AR,72368,34.78127,-91.01539,full_service,5050,2022,owned,n/a,bank,direct_utility_meter,heat_pump,electricity,2022,R-410A,mixed,3,False,0,False,n/a,0,43,1
MNB-01088,Jacksonville Branch #2,Jacksonville,Duval County,FL,32208,30.3667,-81.67454,in_store,770,2018,leased,full_gross,landlord,shared_unmetered,host_building_system,unknown,,unknown,mixed,1,False,0,False,n/a,0,66,3
MNB-01089,New York Branch #4,New York,New York County,NY,10023,40.76206,-73.97209,full_service,4300,1991,leased,triple_net,bank,direct_utility_meter,split_ac_gas_furnace,natural_gas,2012,R-410A,led,3,False,1,False,n/a,0,47,2
MNB-01090,Bridgeport Branch,Bridgeport,Douglas County,WA,98813,48.0241,-119.66398,flagship,21690,1986,owned,n/a,bank,landlord_submeter,rtu_gas_heat,natural_gas,2008,R-22,led,1,True,0,True,diesel,0,54,3
MNB-01091,Zephyrhills Branch,Zephyrhills,Pasco County,FL,33542,28.22977,-82.16679,full_service,3750,2007,leased,triple_net,bank,direct_utility_meter,heat_pump,electricity,2010,R-410A,led,2,True,3,False,n/a,0,50,1
MNB-01092,Fresno Branch #4,Fresno,Fresno County,CA,93702,36.75549,-119.77693,full_service,2720,2012,owned,n/a,bank,direct_utility_meter,split_ac_gas_furnace,natural_gas,2023,R-410A,led,4,False,2,False,n/a,0,52,2
MNB-01093,Appleton Branch,Appleton,Outagamie County,WI,54915,44.24743,-88.34015,full_service,4840,1971,leased,triple_net,bank,direct_utility_meter,rtu_gas_heat,natural_gas,2012,R-410A,led,4,False,1,False,n/a,0,43,1
MNB-01094,Jacksonville Branch #3,Jacksonville,Duval County,FL,32225,30.36039,-81.5014,full_service,4360,1976,owned,n/a,bank,direct_utility_meter,heat_pump,electricity,2003,R-22,fluorescent,2,False,1,False,n/a,0,54,1
MNB-01095,Upland Branch,Upland,San Bernardino County,CA,91786,34.10359,-117.64617,full_service,4870,1967,leased,triple_net,bank,direct_utility_meter,rtu_gas_heat,natural_gas,2016,R-410A,mixed,1,False,0,False,n/a,0,46,2
MNB-01096,Ghent Branch,Ghent,Columbia County,NY,12075,42.30989,-73.64395,in_store,470,2012,leased,modified_gross,bank,landlord_submeter,host_building_system,unknown,,unknown,led,0,False,0,False,n/a,0,68,1
MNB-01097,Phoenix Branch #4,Phoenix,Maricopa County,AZ,85014,33.51904,-112.05501,full_service,7180,2009,owned,n/a,bank,direct_utility_meter,heat_pump,electricity,2009,R-22,fluorescent,4,True,3,True,diesel,0,52,1
MNB-01098,Cleveland Branch,Cleveland,Bolivar County,MS,38732,33.73608,-90.7342,full_service,5190,1972,owned,n/a,bank,direct_utility_meter,heat_pump,electricity,2012,R-410A,fluorescent,3,False,0,False,n/a,0,49,1
MNB-01099,Valley Park Branch,Valley Park,St. Louis County,MO,63088,38.56431,-90.48799,in_store,600,1998,leased,modified_gross,landlord,shared_unmetered,host_building_system,unknown,,unknown,led,0,False,0,False,n/a,0,76,3
MNB-01100,Holland Branch,Holland,Hampden County,MA,01521,42.04709,-72.15814,drive_thru_only,790,2012,owned,n/a,bank,direct_utility_meter,rtu_gas_heat,natural_gas,2018,R-410A,fluorescent,4,True,0,False,n/a,0,49,1
MNB-01101,Maiden Branch,Maiden,Catawba County,NC,28650,35.56931,-81.16409,full_service,5800,2022,leased,triple_net,bank,direct_utility_meter,heat_pump,electricity,2022,R-410A,led,4,False,2,False,n/a,0,51,1
MNB-01102,Eglin Afb Branch,Eglin AFB,Okaloosa County,FL,32542,30.54613,-86.72574,full_service,3010,1971,owned,n/a,bank,landlord_submeter,rtu_gas_heat,natural_gas,2003,R-22,led,1,False,3,False,n/a,0,45,3
MNB-01103,Scituate Branch,Scituate,Plymouth County,MA,02066,42.18899,-70.759,full_service,8000,1982,owned,n/a,bank,direct_utility_meter,split_ac_gas_furnace,natural_gas,2014,R-410A,led,2,True,2,False,n/a,0,44,1
MNB-01104,Phelan Branch,Phelan,San Bernardino County,CA,92371,34.44594,-117.49506,full_service,3490,1985,owned,n/a,bank,direct_utility_meter,split_ac_gas_furnace,natural_gas,2001,R-22,mixed,2,False,2,False,n/a,0,44,3
MNB-01105,Margate City Branch,Margate City,Atlantic County,NJ,08402,39.33252,-74.51651,in_store,990,2004,leased,full_gross,landlord,landlord_submeter,host_building_system,unknown,,unknown,mixed,0,False,0,False,n/a,0,76,3
MNB-01106,Donalsonville Branch,Donalsonville,Seminole County,GA,39845,31.04099,-84.88296,full_service,3970,1966,owned,n/a,bank,direct_utility_meter,rtu_electric_heat,electricity,2004,R-22,mixed,2,False,1,False,n/a,0,50,1
MNB-01107,Minneapolis Branch #2,Minneapolis,Anoka County,MN,55434,45.16842,-93.26099,full_service,6740,1972,leased,triple_net,bank,direct_utility_meter,rtu_gas_heat,natural_gas,2024,R-410A,mixed,1,True,3,False,n/a,0,49,1
MNB-01108,Wheatland Branch,Wheatland,Hickory County,MO,65779,37.91715,-93.39407,in_store,540,2013,leased,full_gross,landlord,shared_unmetered,host_building_system,unknown,,unknown,led,1,False,0,False,n/a,0,73,3
MNB-01109,Glendale Branch,Glendale,Los Angeles County,CA,91203,34.15912,-118.27244,full_service,4220,1999,owned,n/a,bank,direct_utility_meter,rtu_gas_heat,natural_gas,2018,R-410A,led,2,True,3,True,diesel,0,50,1
MNB-01110,Pahrump Branch,Pahrump,Nye County,NV,89048,36.18472,-116.00603,full_service,5340,1969,leased,modified_gross,landlord,landlord_submeter,rtu_gas_heat,natural_gas,1998,R-22,mixed,1,True,3,False,n/a,0,43,3
MNB-01111,Wales Branch,Wales,Sanpete County,UT,84667,39.50372,-111.62391,full_service,5120,1988,owned,n/a,bank,direct_utility_meter,split_ac_gas_furnace,natural_gas,2009,R-22,mixed,4,True,1,False,n/a,0,44,1
MNB-01112,Lewis Branch,Lewis,Cass County,IA,51544,41.28428,-95.07039,express,2370,1966,leased,triple_net,bank,direct_utility_meter,rtu_gas_heat,natural_gas,2016,R-410A,led,4,False,0,False,n/a,0,48,1
MNB-01113,Decker Branch,Decker,Sanilac County,MI,48426,43.4977,-83.05434,in_store,570,1986,leased,modified_gross,landlord,shared_unmetered,host_building_system,unknown,,unknown,led,1,False,0,False,n/a,0,77,3
MNB-01114,Woodland Park Branch,Woodland Park,Teller County,CO,80863,38.99053,-105.05243,full_service,4300,1989,owned,n/a,bank,landlord_submeter,rtu_gas_heat,natural_gas,2000,R-22,led,4,True,1,False,n/a,0,46,2
MNB-01115,Beverly Hills Branch,Beverly Hills,Los Angeles County,CA,90212,34.07444,-118.38684,in_store,880,1964,leased,full_gross,landlord,shared_unmetered,host_building_system,unknown,,unknown,mixed,0,False,0,False,n/a,0,62,3
MNB-01116,Dripping Springs Branch,Dripping Springs,Hays County,TX,78620,30.22762,-98.10121,full_service,3390,1958,leased,modified_gross,bank,direct_utility_meter,heat_pump,electricity,2015,R-410A,mixed,4,False,0,False,n/a,0,53,1
MNB-01117,Truman Branch,Truman,Martin County,MN,56088,43.81505,-94.393,full_service,4980,2018,owned,n/a,bank,direct_utility_meter,rtu_gas_heat,natural_gas,2018,R-410A,fluorescent,4,True,2,False,n/a,0,45,1
MNB-01118,Williamsburg Branch,Williamsburg,James City County,VA,23185,37.25151,-76.71975,full_service,3930,2019,owned,n/a,bank,direct_utility_meter,rtu_gas_heat,natural_gas,2019,R-410A,led,1,False,3,False,n/a,0,52,3
MNB-01119,Patterson Branch,Patterson,Pierce County,GA,31557,31.38824,-82.1235,full_service,4460,1950,leased,triple_net,bank,direct_utility_meter,rtu_gas_heat,natural_gas,2013,R-410A,led,3,True,1,False,n/a,0,43,2
MNB-01120,Dundee Branch,Dundee,Delaware County,IA,52038,42.57529,-91.55821,full_service,4300,2005,leased,triple_net,bank,direct_utility_meter,rtu_gas_heat,natural_gas,2022,R-410A,led,3,True,3,False,n/a,0,47,2
MNB-01121,New Hope Branch,New Hope,Madison County,AL,35760,34.56101,-86.39726,express,1470,1962,owned,n/a,bank,direct_utility_meter,rtu_electric_heat,electricity,2023,R-410A,led,2,True,0,False,n/a,0,42,2
MNB-01122,Hopedale Branch,Hopedale,Tazewell County,IL,61747,40.4455,-89.40428,full_service,3880,2015,leased,triple_net,bank,direct_utility_meter,rtu_gas_heat,natural_gas,2015,R-410A,led,2,False,3,False,n/a,0,53,3
MNB-01123,Davenport Branch,Davenport,Polk County,FL,33897,28.30164,-81.64379,drive_thru_only,1030,2018,owned,n/a,bank,direct_utility_meter,heat_pump,electricity,2018,R-410A,fluorescent,1,False,0,False,n/a,0,50,1
MNB-01124,Dallas Branch #4,Dallas,Dallas County,TX,75249,32.63962,-96.93156,in_store,630,2003,leased,modified_gross,bank,landlord_submeter,host_building_system,unknown,,unknown,mixed,1,False,0,False,n/a,0,64,3
MNB-01125,Mosca Branch,Mosca,Alamosa County,CO,81146,37.6271,-105.79748,full_service,6730,2003,leased,triple_net,bank,direct_utility_meter,heat_pump,electricity,2003,R-22,led,2,False,2,False,n/a,0,51,2
MNB-01126,Daisy Branch,Daisy,Cape Girardeau County,MO,63743,37.50756,-89.83637,full_service,5680,1987,leased,triple_net,bank,direct_utility_meter,heat_pump,electricity,2013,R-410A,led,3,True,2,False,n/a,0,48,2
MNB-01127,Des Moines Branch,Des Moines,Union County,NM,88418,36.73839,-103.86805,full_service,4580,1977,leased,triple_net,bank,direct_utility_meter,rtu_gas_heat,natural_gas,2018,R-410A,mixed,3,False,2,False,n/a,0,45,1
MNB-01128,Rushville Branch,Rushville,Rush County,IN,46173,39.61874,-85.447,full_service,3340,1996,leased,triple_net,bank,direct_utility_meter,heat_pump,electricity,2003,R-22,mixed,4,False,2,False,n/a,0,52,1
MNB-01129,Fort Worth Branch #2,Fort Worth,Tarrant County,TX,76177,32.96568,-97.33025,full_service,3280,1966,leased,triple_net,bank,direct_utility_meter,heat_pump,electricity,2005,R-22,mixed,2,True,0,False,n/a,0,51,1
MNB-01130,Westminster Branch,Westminster,Carroll County,MD,21157,39.55841,-76.97783,flagship,30000,2007,leased,triple_net,bank,direct_utility_meter,rtu_gas_heat,natural_gas,2020,R-410A,led,3,True,0,True,diesel,0,54,2
MNB-01131,Winthrop Harbor Branch,Winthrop Harbor,Lake County,IL,60096,42.49129,-87.82552,express,1390,1994,leased,modified_gross,landlord,landlord_submeter,rtu_gas_heat,natural_gas,2002,R-22,led,2,True,0,False,n/a,0,44,3
MNB-01132,Avera Branch,Avera,Jefferson County,GA,30803,33.14217,-82.50416,full_service,4340,1970,owned,n/a,bank,direct_utility_meter,heat_pump,electricity,2006,R-22,mixed,3,False,3,False,n/a,0,51,2
MNB-01133,Saginaw Branch,Saginaw,Saginaw County,MI,48602,43.43435,-83.96853,full_service,4680,2002,leased,triple_net,bank,direct_utility_meter,rtu_gas_heat,natural_gas,2020,R-410A,led,1,False,3,False,n/a,0,44,2
MNB-01134,Honokaa Branch,Honokaa,Hawaii County,HI,96727,20.07733,-155.48162,full_service,3820,2014,owned,n/a,bank,direct_utility_meter,heat_pump,electricity,2014,R-410A,led,4,True,3,False,n/a,0,51,1
MNB-01135,Reedsville Branch,Reedsville,Manitowoc County,WI,54230,44.15701,-87.97782,flagship,9370,2002,leased,triple_net,bank,direct_utility_meter,rtu_gas_heat,natural_gas,2015,R-410A,mixed,3,True,0,True,diesel,0,57,1
MNB-01136,Springville Branch,Springville,Erie County,NY,14141,42.51861,-78.68596,full_service,3310,1998,owned,n/a,bank,landlord_submeter,split_ac_gas_furnace,natural_gas,2012,R-410A,mixed,4,False,0,False,n/a,0,52,1
MNB-01137,Mantoloking Branch,Mantoloking,Ocean County,NJ,08738,40.01607,-74.07429,full_service,3560,2017,leased,modified_gross,bank,direct_utility_meter,rtu_gas_heat,natural_gas,2017,R-410A,led,3,True,3,False,n/a,0,51,1
MNB-01138,Bellville Branch,Bellville,Richland County,OH,44813,40.62154,-82.54154,full_service,3390,1951,leased,modified_gross,bank,direct_utility_meter,rtu_gas_heat,natural_gas,2019,R-410A,led,1,False,0,False,n/a,0,47,1
MNB-01139,Pisgah Forest Branch,Pisgah Forest,Transylvania County,NC,28768,35.2677,-82.66061,full_service,6250,2003,leased,full_gross,landlord,landlord_submeter,heat_pump,electricity,2005,R-22,led,3,False,0,False,n/a,0,48,1
MNB-01140,Dade City Branch #2,Dade City,Pasco County,FL,33523,28.43182,-82.22754,full_service,4180,1990,owned,n/a,bank,direct_utility_meter,heat_pump,electricity,2004,R-22,led,3,False,0,False,n/a,0,51,2
MNB-01141,Yorktown Branch,Yorktown,York County,VA,23692,37.18704,-76.44763,in_store,570,1972,leased,modified_gross,bank,direct_utility_meter,host_building_system,unknown,,unknown,led,1,False,0,False,n/a,0,66,3
MNB-01142,Orwell Branch,Orwell,Ashtabula County,OH,44076,41.54669,-80.8075,full_service,4330,2023,leased,triple_net,bank,direct_utility_meter,heat_pump,electricity,2023,R-410A,led,4,False,3,False,n/a,0,48,3
MNB-01143,Climax Branch,Climax,Greene County,NY,12042,42.3614,-73.85843,full_service,5130,1989,leased,triple_net,bank,landlord_submeter,split_ac_gas_furnace,natural_gas,2015,R-410A,led,1,False,1,False,n/a,0,46,1
MNB-01144,North Richland Hills Branch,North Richland Hills,Tarrant County,TX,76180,32.84448,-97.21792,full_service,3780,1984,leased,triple_net,bank,direct_utility_meter,rtu_gas_heat,natural_gas,2022,R-410A,led,4,True,3,False,n/a,0,53,3
MNB-01145,Dameron Branch,Dameron,St. Mary's County,MD,20628,38.14582,-76.36543,full_service,5500,1970,owned,n/a,bank,direct_utility_meter,boiler_with_split_ac,natural_gas,2017,R-410A,led,3,False,2,False,n/a,0,46,1
MNB-01146,Northampton Branch,Northampton,Northampton County,PA,18067,40.70008,-75.50955,flagship,8410,2024,owned,n/a,bank,direct_utility_meter,split_ac_gas_furnace,natural_gas,2024,R-410A,mixed,4,True,0,True,diesel,0,50,3
MNB-01147,Imlay Branch,Imlay,Pershing County,NV,89418,40.5412,-118.03292,full_service,5960,2017,leased,triple_net,bank,direct_utility_meter,heat_pump,electricity,2017,R-410A,led,2,False,0,False,n/a,0,53,1
MNB-01148,Unadilla Branch,Unadilla,Dooly County,GA,31091,32.27524,-83.75035,in_store,640,1959,leased,modified_gross,bank,landlord_submeter,host_building_system,unknown,,unknown,mixed,0,False,0,False,n/a,0,74,2
MNB-01149,Latrobe Branch,Latrobe,Westmoreland County,PA,15650,40.29696,-79.41558,full_service,4130,2000,leased,triple_net,bank,landlord_submeter,rtu_gas_heat,natural_gas,2012,R-410A,mixed,1,False,0,False,n/a,45,42,1
MNB-01150,Gorham Branch,Gorham,Coos County,NH,03581,44.40218,-71.1311,in_store,540,1967,leased,full_gross,landlord,landlord_submeter,host_building_system,unknown,,unknown,fluorescent,0,False,0,False,n/a,0,77,3
MNB-01151,Paisley Branch,Paisley,Lake County,OR,97636,42.71742,-120.57151,flagship,8560,2009,owned,n/a,bank,direct_utility_meter,rtu_gas_heat,natural_gas,2011,R-410A,led,1,False,0,True,diesel,0,54,1
MNB-01152,Washington Branch,Washington,Beaufort County,NC,27889,35.56235,-77.13581,full_service,2540,1995,owned,n/a,bank,direct_utility_meter,heat_pump,electricity,2000,R-22,mixed,1,False,1,False,n/a,0,51,2
MNB-01153,Hiawatha Branch,Hiawatha,Brown County,KS,66434,39.76723,-95.61234,flagship,10310,1964,owned,n/a,bank,direct_utility_meter,rtu_gas_heat,natural_gas,2022,R-410A,led,2,False,0,True,diesel,0,55,2
MNB-01154,Hurleyville Branch,Hurleyville,Sullivan County,NY,12747,41.74515,-74.6634,full_service,5000,2000,leased,triple_net,bank,landlord_submeter,split_ac_gas_furnace,natural_gas,2005,R-22,led,2,False,3,False,n/a,0,43,1
MNB-01155,Loda Branch,Loda,Iroquois County,IL,60948,40.52483,-88.08912,in_store,510,2020,leased,modified_gross,bank,direct_utility_meter,host_building_system,unknown,,unknown,led,0,False,0,False,n/a,0,73,1
MNB-01156,Packwood Branch,Packwood,Lewis County,WA,98361,46.65301,-121.65075,full_service,2630,1985,owned,n/a,bank,landlord_submeter,split_ac_gas_furnace,natural_gas,2000,R-22,fluorescent,3,False,3,False,n/a,0,46,1
MNB-01157,Brinkhaven Branch,Brinkhaven,Holmes County,OH,43006,40.44238,-82.16664,in_store,510,1957,leased,full_gross,landlord,shared_unmetered,host_building_system,unknown,,unknown,mixed,1,False,0,False,n/a,0,60,3
MNB-01158,Haughton Branch,Haughton,Bossier Parish,LA,71037,32.55042,-93.57489,full_service,3740,2022,owned,n/a,bank,direct_utility_meter,rtu_electric_heat,electricity,2022,R-410A,led,4,False,0,False,n/a,0,46,1
MNB-01159,West Palm Beach Branch,West Palm Beach,Palm Beach County,FL,33411,26.68844,-80.16297,express,1650,1967,leased,modified_gross,bank,direct_utility_meter,rtu_electric_heat,electricity,1999,R-22,mixed,3,True,0,False,n/a,0,53,3
MNB-01160,Sun City Center Branch,Sun City Center,Hillsborough County,FL,33573,27.72459,-82.33255,express,1740,1994,leased,full_gross,landlord,landlord_submeter,split_ac_gas_furnace,natural_gas,2023,R-410A,led,2,True,0,False,n/a,0,50,3
MNB-01161,Smoaks Branch,Smoaks,Colleton County,SC,29481,33.09834,-80.80724,full_service,5720,1999,owned,n/a,bank,direct_utility_meter,heat_pump,electricity,2019,R-410A,mixed,2,False,3,False,n/a,0,43,1
MNB-01162,Edgewater Branch,Edgewater,Volusia County,FL,32141,28.94023,-80.90767,express,2450,1976,leased,triple_net,bank,direct_utility_meter,rtu_electric_heat,electricity,2022,R-410A,mixed,3,False,0,False,n/a,0,43,1
MNB-01163,Reedsville Branch,Reedsville,Mifflin County,PA,17084,40.66747,-77.60753,express,2800,1970,leased,modified_gross,bank,direct_utility_meter,boiler_with_split_ac,natural_gas,2004,R-22,fluorescent,4,False,0,False,n/a,0,51,1
MNB-01164,Bridgewater Branch,Bridgewater,Plymouth County,MA,02324,41.95175,-70.94317,full_service,2570,1964,owned,n/a,bank,direct_utility_meter,heat_pump,electricity,2007,R-22,led,3,True,2,False,n/a,0,53,1
MNB-01165,Warthen Branch,Warthen,Washington County,GA,31094,33.12859,-82.80267,full_service,3240,1959,owned,n/a,bank,direct_utility_meter,heat_pump,electricity,2011,R-410A,mixed,2,True,0,False,n/a,0,54,2
MNB-01166,Mode Branch,Mode,Shelby County,IL,62444,39.27655,-88.71616,full_service,5170,1997,leased,triple_net,bank,direct_utility_meter,rtu_gas_heat,natural_gas,2010,R-410A,led,1,False,0,False,n/a,0,47,1
MNB-01167,Salina Branch,Salina,Sevier County,UT,84654,38.93709,-111.88998,full_service,3660,2016,leased,modified_gross,landlord,landlord_submeter,heat_pump,electricity,2017,R-410A,led,1,True,0,False,n/a,0,47,3
MNB-01168,Knoxville Branch,Knoxville,Johnson County,AR,72845,35.36696,-93.36231,full_service,5430,1965,leased,full_gross,landlord,shared_unmetered,heat_pump,electricity,2022,R-410A,fluorescent,2,False,2,False,n/a,0,42,3
MNB-01169,East Troy Branch,East Troy,Walworth County,WI,53120,42.78961,-88.40177,flagship,15200,2008,owned,n/a,bank,direct_utility_meter,rtu_gas_heat,natural_gas,2021,R-410A,led,4,False,0,True,diesel,0,52,1
MNB-01170,Lester Branch,Lester,Limestone County,AL,35647,34.94802,-87.09583,full_service,6740,1990,leased,triple_net,bank,direct_utility_meter,rtu_gas_heat,natural_gas,2021,R-410A,fluorescent,2,False,1,False,n/a,0,54,3
MNB-01171,Fruitland Branch,Fruitland,Duchesne County,UT,84027,40.15814,-110.8318,in_store,840,1955,leased,modified_gross,landlord,shared_unmetered,host_building_system,unknown,,unknown,mixed,1,False,0,False,n/a,0,60,3
MNB-01172,Salisbury Branch,Salisbury,Rowan County,NC,28144,35.62649,-80.49861,full_service,5770,1998,owned,n/a,bank,direct_utility_meter,rtu_gas_heat,natural_gas,1998,R-22,fluorescent,4,True,2,False,n/a,0,49,3
MNB-01173,Paynesville Branch,Paynesville,McDowell County,WV,24873,37.33887,-81.87964,full_service,3710,1977,leased,full_gross,landlord,shared_unmetered,rtu_gas_heat,natural_gas,2002,R-22,mixed,4,True,0,False,n/a,0,43,3
MNB-01174,Gillett Branch,Gillett,Oconto County,WI,54124,44.91085,-88.3099,full_service,4070,2003,owned,n/a,bank,direct_utility_meter,split_ac_gas_furnace,natural_gas,2003,R-22,led,3,False,3,False,n/a,0,44,1
MNB-01175,Anton Branch,Anton,Washington County,CO,80801,39.68789,-103.11915,full_service,3830,1985,leased,full_gross,landlord,shared_unmetered,split_ac_gas_furnace,natural_gas,2019,R-410A,mixed,1,False,1,False,n/a,0,50,3
MNB-01176,Laredo Branch,Laredo,Grundy County,MO,64652,39.98463,-93.41905,full_service,2670,2006,owned,n/a,bank,direct_utility_meter,split_ac_gas_furnace,natural_gas,2009,R-22,led,2,False,1,False,n/a,0,52,3
MNB-01177,Whites Creek Branch,Whites Creek,Davidson County,TN,37189,36.26244,-86.82758,full_service,6530,2020,owned,n/a,bank,direct_utility_meter,split_ac_gas_furnace,natural_gas,2020,R-410A,led,3,False,0,False,n/a,0,44,3
MNB-01178,Columbus Branch,Columbus,Muscogee County,GA,31901,32.48779,-84.98323,full_service,5250,1977,leased,full_gross,landlord,shared_unmetered,rtu_gas_heat,natural_gas,2018,R-410A,led,4,False,3,False,n/a,0,52,2
MNB-01179,La Grange Branch,La Grange,Lenoir County,NC,28551,35.27206,-77.75239,in_store,590,2021,leased,full_gross,landlord,shared_unmetered,host_building_system,unknown,,unknown,led,0,False,0,False,n/a,0,74,3
MNB-01180,Reva Branch,Reva,Culpeper County,VA,22735,38.45623,-78.14864,full_service,6210,1973,owned,n/a,bank,direct_utility_meter,rtu_gas_heat,natural_gas,2008,R-22,led,2,False,3,False,n/a,0,53,1
MNB-01181,Benton Branch,Benton,Yazoo County,MS,39039,32.80164,-90.29329,full_service,3470,1959,leased,triple_net,bank,landlord_submeter,rtu_gas_heat,natural_gas,2008,R-22,mixed,3,False,3,False,n/a,0,53,1
MNB-01182,Greenwood Branch,Greenwood,Leflore County,MS,38930,33.52555,-90.185,full_service,2410,1972,owned,n/a,bank,direct_utility_meter,rtu_gas_heat,natural_gas,2003,R-22,mixed,3,False,0,False,n/a,0,49,3
MNB-01183,Dunsmuir Branch,Dunsmuir,Siskiyou County,CA,96025,41.2043,-122.2675,full_service,5680,2015,owned,n/a,bank,direct_utility_meter,split_ac_gas_furnace,natural_gas,2015,R-410A,led,4,False,2,False,n/a,0,53,3
MNB-01184,Forsyth Branch,Forsyth,Taney County,MO,65653,36.70035,-93.11713,drive_thru_only,720,2007,leased,triple_net,bank,direct_utility_meter,split_ac_gas_furnace,propane,2020,R-410A,led,1,False,0,False,n/a,0,51,2
MNB-01185,Weatherford Branch,Weatherford,Parker County,TX,76086,32.76169,-97.79022,full_service,3960,2023,leased,modified_gross,bank,direct_utility_meter,heat_pump,electricity,2023,R-410A,led,4,False,2,False,n/a,0,42,1
MNB-01186,North Zulch Branch,North Zulch,Madison County,TX,77872,30.95053,-96.07963,express,1890,2009,leased,triple_net,bank,direct_utility_meter,heat_pump,electricity,2009,R-22,led,2,True,0,False,n/a,0,53,3
MNB-01187,Fort Myers Branch,Fort Myers,Lee County,FL,33912,26.49476,-81.81549,express,1980,1990,leased,triple_net,bank,direct_utility_meter,split_ac_gas_furnace,natural_gas,2021,R-410A,led,4,True,0,False,n/a,0,43,2
MNB-01188,Ellijay Branch,Ellijay,Gilmer County,GA,30536,34.65951,-84.33944,full_service,5410,2019,leased,modified_gross,landlord,shared_unmetered,heat_pump,electricity,2019,R-410A,led,4,True,2,False,n/a,0,50,3
MNB-01189,Midway Branch,Midway,Baxter County,AR,72651,36.37548,-92.51128,full_service,4990,2022,leased,triple_net,bank,landlord_submeter,heat_pump,electricity,2022,R-410A,led,3,True,0,True,diesel,0,44,2
MNB-01190,Carbondale Branch,Carbondale,Lackawanna County,PA,18407,41.59738,-75.50256,full_service,4950,2014,owned,n/a,bank,direct_utility_meter,split_ac_gas_furnace,propane,2015,R-410A,led,2,False,2,True,diesel,0,42,1
MNB-01191,Long Valley Branch,Long Valley,Morris County,NJ,07853,40.77867,-74.77866,express,1470,2000,owned,n/a,bank,landlord_submeter,split_ac_gas_furnace,natural_gas,2003,R-22,led,2,True,0,False,n/a,22,52,2
MNB-01192,Southport Branch,Southport,Brunswick County,NC,28461,33.95867,-78.05422,full_service,4580,2015,owned,n/a,bank,direct_utility_meter,split_ac_gas_furnace,natural_gas,2021,R-410A,fluorescent,3,True,2,False,n/a,0,50,1
MNB-01193,Waltersburg Branch,Waltersburg,Fayette County,PA,15488,39.97603,-79.77676,full_service,2670,1971,leased,triple_net,bank,direct_utility_meter,split_ac_gas_furnace,natural_gas,2001,R-22,led,2,False,3,False,n/a,0,48,1
MNB-01194,Bellingham Branch,Bellingham,Whatcom County,WA,98229,48.67645,-122.42249,full_service,6710,2019,leased,full_gross,landlord,shared_unmetered,rtu_gas_heat,propane,2019,R-410A,led,2,False,2,False,n/a,0,54,3
MNB-01195,Baton Rouge Branch,Baton Rouge,East Baton Rouge Parish,LA,70820,30.38225,-91.16684,full_service,2750,2024,owned,n/a,bank,direct_utility_meter,rtu_electric_heat,electricity,2024,R-410A,led,1,True,0,True,diesel,0,46,1
MNB-01196,Moses Lake Branch,Moses Lake,Grant County,WA,98837,47.14901,-119.26957,full_service,3780,2006,owned,n/a,bank,direct_utility_meter,split_ac_gas_furnace,natural_gas,2024,R-410A,led,1,False,1,False,n/a,0,48,1
MNB-01197,Death Valley Branch,Death Valley,Inyo County,CA,92328,36.47072,-116.86943,full_service,2820,1972,owned,n/a,bank,direct_utility_meter,rtu_gas_heat,natural_gas,2003,R-22,fluorescent,4,True,0,False,n/a,0,51,1
MNB-01198,Benton Branch,Benton,Bossier Parish,LA,71006,32.67853,-93.70077,full_service,3370,1967,leased,triple_net,bank,direct_utility_meter,rtu_gas_heat,natural_gas,2021,R-410A,fluorescent,4,False,1,False,n/a,0,44,1
MNB-01199,Gerber Branch,Gerber,Tehama County,CA,96035,40.04151,-122.15858,drive_thru_only,1000,2022,leased,triple_net,bank,direct_utility_meter,rtu_gas_heat,natural_gas,2022,R-410A,fluorescent,3,True,1,False,n/a,0,48,1
MNB-01200,Evans Branch,Evans,Stevens County,WA,99126,48.739,-117.93979,full_service,3580,2018,leased,triple_net,bank,direct_utility_meter,split_ac_gas_furnace,natural_gas,2018,R-410A,led,3,False,0,False,n/a,0,54,1
MNB-01201,Cordesville Branch,Cordesville,Berkeley County,SC,29434,33.11366,-79.87795,full_service,5920,2011,leased,triple_net,bank,landlord_submeter,rtu_electric_heat,electricity,2011,R-410A,mixed,1,True,1,True,diesel,0,52,2
MNB-01202,Garrett Branch,Garrett,Somerset County,PA,15542,39.8517,-79.05681,full_service,4490,2022,owned,n/a,bank,direct_utility_meter,split_ac_gas_furnace,natural_gas,2022,R-410A,led,3,False,3,False,n/a,0,48,1
MNB-01203,Ferndale Branch,Ferndale,Humboldt County,CA,95536,40.53642,-124.24776,flagship,11630,1996,owned,n/a,bank,direct_utility_meter,rtu_gas_heat,natural_gas,2017,R-410A,led,4,False,0,True,diesel,0,53,1
MNB-01204,Loraine Branch,Loraine,Mitchell County,TX,79532,32.41444,-100.69205,full_service,4030,2019,owned,n/a,bank,direct_utility_meter,heat_pump,electricity,2019,R-410A,led,4,False,0,False,n/a,0,46,1
MNB-01205,East Elmhurst Branch,East Elmhurst,Queens County,NY,11370,40.76604,-73.87837,express,2440,1969,owned,n/a,bank,direct_utility_meter,rtu_gas_heat,natural_gas,1999,R-22,fluorescent,1,True,0,False,n/a,0,48,1
MNB-01206,Florence Branch,Florence,Hampshire County,MA,01062,42.34421,-72.70552,full_service,5510,1971,leased,modified_gross,landlord,shared_unmetered,split_ac_gas_furnace,natural_gas,2013,R-410A,mixed,3,False,1,False,n/a,0,53,2
MNB-01207,Flomot Branch,Flomot,Motley County,TX,79234,34.23772,-100.99425,drive_thru_only,750,1997,leased,modified_gross,bank,direct_utility_meter,rtu_electric_heat,electricity,1998,R-22,led,2,True,0,False,n/a,0,48,2
MNB-01208,Felicity Branch,Felicity,Clermont County,OH,45120,38.83409,-84.08789,full_service,3420,1984,owned,n/a,bank,direct_utility_meter,split_ac_gas_furnace,natural_gas,2015,R-410A,led,1,True,2,True,diesel,0,50,1
MNB-01209,Summerfield Branch,Summerfield,Marion County,FL,34491,29.04373,-82.02872,in_store,730,1991,leased,modified_gross,landlord,landlord_submeter,host_building_system,unknown,,unknown,led,0,False,0,False,n/a,0,75,2
MNB-01210,Trumann Branch,Trumann,Poinsett County,AR,72472,35.58563,-90.54842,full_service,4660,2014,leased,triple_net,bank,direct_utility_meter,rtu_gas_heat,natural_gas,2018,R-410A,mixed,3,True,3,False,n/a,0,47,1
MNB-01211,Dundee Branch,Dundee,Monroe County,MI,48131,41.94183,-83.64994,flagship,9190,1957,leased,modified_gross,bank,direct_utility_meter,split_ac_gas_furnace,natural_gas,2000,R-22,mixed,2,True,0,True,diesel,0,58,1
MNB-01212,San Francisco Branch #2,San Francisco,San Francisco County,CA,94133,37.80533,-122.40669,express,2170,2010,leased,modified_gross,landlord,shared_unmetered,split_ac_gas_furnace,natural_gas,2012,R-410A,led,3,True,0,False,n/a,0,46,3
MNB-01213,California City Branch,California City,Kern County,CA,93505,35.13307,-117.96365,full_service,3210,1961,owned,n/a,bank,direct_utility_meter,split_ac_gas_furnace,propane,2006,R-22,led,2,True,3,False,n/a,0,46,1
MNB-01214,San Jose Branch,San Jose,Santa Clara County,CA,95138,37.25388,-121.79512,full_service,6210,2017,leased,triple_net,bank,direct_utility_meter,heat_pump,electricity,2017,R-410A,fluorescent,1,False,2,False,n/a,0,53,2
MNB-01215,Newberry Springs Branch,Newberry Springs,San Bernardino County,CA,92365,34.87261,-116.74736,full_service,4920,1973,owned,n/a,bank,direct_utility_meter,rtu_gas_heat,natural_gas,2002,R-22,led,2,True,2,False,n/a,0,53,1
MNB-01216,Lyons Branch,Lyons,Cook County,IL,60534,41.84072,-87.83162,full_service,2990,2010,owned,n/a,bank,direct_utility_meter,rtu_gas_heat,natural_gas,2010,R-410A,led,3,False,3,False,n/a,0,46,1
MNB-01217,Naples Branch #3,Naples,Collier County,FL,34102,26.13792,-81.80954,in_store,560,2002,leased,full_gross,landlord,shared_unmetered,host_building_system,unknown,,unknown,fluorescent,1,False,0,False,n/a,0,62,1
MNB-01218,Sisseton Branch,Sisseton,Roberts County,SD,57262,45.66441,-97.05429,in_store,560,1988,leased,full_gross,landlord,landlord_submeter,host_building_system,unknown,,unknown,led,1,False,0,False,n/a,0,61,2
MNB-01219,Fulton Branch,Fulton,Howard County,MD,20759,39.16119,-76.92395,full_service,4400,1979,leased,triple_net,bank,direct_utility_meter,boiler_with_split_ac,propane,2000,R-22,fluorescent,2,True,2,False,n/a,0,50,1
MNB-01220,Chino Valley Branch,Chino Valley,Yavapai County,AZ,86323,34.77439,-112.47346,full_service,3950,1957,leased,modified_gross,bank,direct_utility_meter,heat_pump,electricity,2005,R-22,mixed,3,False,3,False,n/a,0,47,2
MNB-01221,Coats Branch,Coats,Harnett County,NC,27521,35.40517,-78.66948,express,1350,1985,leased,triple_net,bank,direct_utility_meter,heat_pump,electricity,2002,R-22,led,1,False,0,False,n/a,0,42,1
MNB-01222,Scottdale Branch,Scottdale,DeKalb County,GA,30079,33.80015,-84.25495,full_service,2760,1973,leased,modified_gross,bank,direct_utility_meter,rtu_gas_heat,natural_gas,1999,R-22,mixed,1,True,3,False,n/a,0,54,2
MNB-01223,Kintyre Branch,Kintyre,Emmons County,ND,58549,46.5581,-99.9586,full_service,4950,1966,leased,modified_gross,bank,direct_utility_meter,rtu_gas_heat,natural_gas,2021,R-410A,mixed,3,True,2,False,n/a,0,44,2
MNB-01224,Lakefield Branch,Lakefield,Jackson County,MN,56150,43.65873,-95.19472,full_service,4570,2011,leased,full_gross,landlord,shared_unmetered,rtu_gas_heat,natural_gas,2022,R-410A,led,3,True,0,False,n/a,0,53,3
MNB-01225,Saint Germain Branch,Saint Germain,Vilas County,WI,54558,45.94126,-89.48666,full_service,4330,1974,owned,n/a,bank,direct_utility_meter,rtu_gas_heat,natural_gas,1999,R-22,mixed,3,False,2,True,diesel,0,48,1
MNB-01226,Trappe Branch,Trappe,Talbot County,MD,21673,38.67029,-76.04028,full_service,4550,1975,owned,n/a,bank,direct_utility_meter,split_ac_gas_furnace,natural_gas,2012,R-410A,led,1,False,2,True,diesel,0,51,1
MNB-01227,Strathmore Branch,Strathmore,Tulare County,CA,93267,36.14269,-119.10243,full_service,3480,1984,leased,modified_gross,bank,direct_utility_meter,split_ac_gas_furnace,natural_gas,2021,R-410A,mixed,2,True,2,False,n/a,0,52,2
MNB-01228,Edgar Springs Branch,Edgar Springs,Phelps County,MO,65462,37.73041,-91.89129,full_service,4430,1993,leased,modified_gross,bank,direct_utility_meter,rtu_gas_heat,natural_gas,2014,R-410A,mixed,1,True,3,False,n/a,0,49,2
MNB-01229,Hanover Branch,Hanover,Hanover County,VA,23069,37.76518,-77.32675,full_service,8000,1997,owned,n/a,bank,direct_utility_meter,split_ac_gas_furnace,natural_gas,2007,R-22,led,3,True,1,False,n/a,0,54,2
MNB-01230,Yarmouth Port Branch,Yarmouth Port,Barnstable County,MA,02675,41.70205,-70.22861,in_store,870,2006,leased,full_gross,landlord,shared_unmetered,host_building_system,unknown,,unknown,mixed,1,False,0,False,n/a,0,66,3
MNB-01231,Eagleville Branch,Eagleville,Rutherford County,TN,37060,35.74467,-86.63872,in_store,600,2002,leased,full_gross,landlord,shared_unmetered,host_building_system,unknown,,unknown,fluorescent,0,False,0,False,n/a,0,74,3
MNB-01232,Gilberts Branch,Gilberts,Kane County,IL,60136,42.1094,-88.36745,full_service,3580,1995,owned,n/a,bank,direct_utility_meter,split_ac_gas_furnace,natural_gas,2022,R-410A,led,2,False,1,False,n/a,0,43,2
MNB-01233,Clifton Forge Branch,Clifton Forge,Alleghany County,VA,24422,37.7995,-79.78232,full_service,2200,1989,owned,n/a,bank,direct_utility_meter,rtu_gas_heat,natural_gas,2015,R-410A,mixed,2,False,2,False,n/a,0,53,3
MNB-01234,Castella Branch,Castella,Shasta County,CA,96017,41.12064,-122.31999,full_service,5780,1978,owned,n/a,bank,direct_utility_meter,split_ac_gas_furnace,natural_gas,2021,R-410A,led,3,True,1,False,n/a,0,53,1
MNB-01235,Cornville Branch,Cornville,Yavapai County,AZ,86325,34.72104,-111.9051,in_store,790,2009,leased,full_gross,landlord,shared_unmetered,host_building_system,unknown,,unknown,led,1,False,0,False,n/a,0,74,3
MNB-01236,Warner Robins Branch,Warner Robins,Houston County,GA,31093,32.64132,-83.61556,full_service,3560,1983,leased,triple_net,bank,direct_utility_meter,rtu_gas_heat,natural_gas,2008,R-22,fluorescent,2,True,3,False,n/a,0,54,2
MNB-01237,Gainesville Branch,Gainesville,Hall County,GA,30504,34.25878,-83.8859,full_service,2730,2017,leased,full_gross,landlord,shared_unmetered,rtu_gas_heat,natural_gas,2017,R-410A,fluorescent,2,False,1,False,n/a,0,45,3
MNB-01238,Long Island City Branch,Long Island City,Queens County,NY,11109,40.76134,-73.93572,drive_thru_only,740,2002,owned,n/a,bank,direct_utility_meter,split_ac_gas_furnace,natural_gas,2003,R-22,mixed,3,True,2,False,n/a,0,53,1
MNB-01239,Carrabelle Branch,Carrabelle,Franklin County,FL,32322,29.88415,-84.63574,full_service,4790,2004,owned,n/a,bank,direct_utility_meter,rtu_electric_heat,electricity,2016,R-410A,mixed,1,True,3,False,n/a,0,54,1
MNB-01240,Port Lavaca Branch,Port Lavaca,Calhoun County,TX,77979,28.61262,-96.60452,full_service,4080,1997,leased,triple_net,bank,direct_utility_meter,rtu_electric_heat,electricity,2019,R-410A,led,1,True,1,False,n/a,0,45,1
MNB-01241,Goshen Branch,Goshen,Pike County,AL,36035,31.77642,-86.1187,full_service,5160,2021,owned,n/a,bank,direct_utility_meter,rtu_gas_heat,natural_gas,2021,R-410A,led,2,True,0,False,n/a,0,51,1
MNB-01242,Millville Branch,Millville,Wabasha County,MN,55957,44.24585,-92.26351,in_store,660,1991,leased,modified_gross,bank,direct_utility_meter,host_building_system,unknown,,unknown,led,0,False,0,False,n/a,0,65,3
MNB-01243,Ontario Branch,Ontario,Malheur County,OR,97914,44.04646,-116.97909,full_service,5610,1991,leased,modified_gross,bank,direct_utility_meter,rtu_gas_heat,natural_gas,2010,R-410A,led,3,True,0,False,n/a,0,51,2
MNB-01244,Livingston Branch,Livingston,Livingston Parish,LA,70754,30.45484,-90.77479,in_store,710,2019,leased,modified_gross,bank,direct_utility_meter,host_building_system,unknown,,unknown,led,0,False,0,False,n/a,0,68,1
MNB-01245,Orange Branch,Orange,Orange County,CA,92862,33.79121,-117.71309,full_service,5380,2003,owned,n/a,bank,direct_utility_meter,rtu_gas_heat,natural_gas,2011,R-410A,fluorescent,3,False,3,False,n/a,0,45,1
MNB-01246,Encino Branch,Encino,Los Angeles County,CA,91316,34.16987,-118.50673,full_service,2240,1992,leased,triple_net,bank,direct_utility_meter,split_ac_gas_furnace,natural_gas,2011,R-410A,led,2,False,1,False,n/a,0,52,1
MNB-01247,Oconomowoc Branch,Oconomowoc,Waukesha County,WI,53066,43.11617,-88.48636,full_service,2900,1978,leased,full_gross,landlord,shared_unmetered,rtu_gas_heat,natural_gas,2008,R-22,mixed,3,True,1,False,n/a,0,50,3
MNB-01248,Whittier Branch #3,Whittier,Los Angeles County,CA,90601,34.00323,-118.0409,in_store,590,1977,leased,full_gross,landlord,landlord_submeter,host_building_system,unknown,,unknown,mixed,0,False,0,False,n/a,0,60,2
MNB-01249,Wesley Chapel Branch,Wesley Chapel,Pasco County,FL,33545,28.27319,-82.29331,full_service,5800,2014,leased,triple_net,bank,direct_utility_meter,heat_pump,electricity,2014,R-410A,led,4,False,1,False,n/a,0,52,3
MNB-01250,Peoria Branch #2,Peoria,Maricopa County,AZ,85345,33.59118,-112.24769,full_service,7380,1980,leased,full_gross,landlord,landlord_submeter,rtu_gas_heat,natural_gas,2017,R-410A,led,3,False,0,False,n/a,0,50,3
MNB-01251,Garden Grove Branch,Garden Grove,Orange County,CA,92844,33.78081,-117.9591,in_store,620,1950,leased,modified_gross,bank,direct_utility_meter,host_building_system,unknown,,unknown,led,1,False,0,False,n/a,0,66,1
MNB-01252,Sayre Branch,Sayre,Bradford County,PA,18840,41.9498,-76.52981,full_service,3490,1952,leased,triple_net,bank,direct_utility_meter,rtu_gas_heat,natural_gas,2007,R-22,mixed,1,False,1,False,n/a,0,54,1
MNB-01253,Pittsfield Branch,Pittsfield,Pike County,IL,62363,39.59749,-90.81532,full_service,2330,2023,leased,triple_net,bank,direct_utility_meter,rtu_gas_heat,natural_gas,2023,R-410A,led,2,True,2,False,n/a,0,49,3
MNB-01254,Monticello Branch,Monticello,White County,IN,47960,40.76062,-86.75045,drive_thru_only,1240,2000,leased,full_gross,landlord,shared_unmetered,split_ac_gas_furnace,natural_gas,2018,R-410A,led,1,False,2,False,n/a,0,45,3
MNB-01255,Grays River Branch,Grays River,Wahkiakum County,WA,98621,46.33247,-123.57047,drive_thru_only,870,1995,owned,n/a,bank,direct_utility_meter,heat_pump,electricity,2007,R-22,mixed,2,True,0,False,n/a,0,52,1
MNB-01256,Kissee Mills Branch,Kissee Mills,Taney County,MO,65680,36.67153,-93.02395,drive_thru_only,1600,2020,leased,triple_net,bank,direct_utility_meter,split_ac_gas_furnace,natural_gas,2020,R-410A,led,1,True,3,False,n/a,0,53,2
MNB-01257,Saint Cloud Branch,Saint Cloud,Osceola County,FL,34773,28.14429,-81.03262,full_service,3360,1985,owned,n/a,bank,direct_utility_meter,heat_pump,electricity,2024,R-410A,led,2,True,1,True,diesel,0,46,1
MNB-01258,San Francisco Branch #3,San Francisco,San Francisco County,CA,94118,37.76816,-122.46457,full_service,7890,2014,owned,n/a,bank,landlord_submeter,rtu_gas_heat,natural_gas,2014,R-410A,led,3,True,3,True,diesel,0,48,1
MNB-01259,Tynan Branch,Tynan,Bee County,TX,78391,28.17334,-97.76607,in_store,780,2010,leased,full_gross,landlord,shared_unmetered,host_building_system,unknown,,unknown,led,1,False,0,False,n/a,0,67,3
MNB-01260,Norfolk Branch,Norfolk,Norfolk city,VA,23518,36.90921,-76.21921,full_service,3080,1994,owned,n/a,bank,direct_utility_meter,rtu_gas_heat,natural_gas,2008,R-22,led,2,False,1,False,n/a,0,51,2
MNB-01261,West Lafayette Branch,West Lafayette,Tippecanoe County,IN,47907,40.41684,-86.89695,in_store,680,2013,leased,full_gross,landlord,landlord_submeter,host_building_system,unknown,,unknown,led,0,False,0,False,n/a,0,70,3
MNB-01262,Houston Branch #4,Houston,Harris County,TX,77034,29.65413,-95.23867,full_service,5290,2023,leased,triple_net,bank,direct_utility_meter,rtu_gas_heat,natural_gas,2023,R-410A,fluorescent,4,False,2,False,n/a,0,42,2
MNB-01263,Bowman Branch,Bowman,Orangeburg County,SC,29018,33.34099,-80.69033,express,1700,1973,leased,modified_gross,bank,direct_utility_meter,heat_pump,electricity,2007,R-22,mixed,2,True,0,False,n/a,0,42,1
MNB-01264,Huntsville Branch,Huntsville,Logan County,OH,43324,40.44685,-83.80264,full_service,5400,1952,leased,triple_net,bank,direct_utility_meter,boiler_with_split_ac,natural_gas,2017,R-410A,mixed,1,False,1,False,n/a,0,53,2
MNB-01265,Burlington Branch,Burlington,Bell County,TX,76519,30.95115,-96.96075,full_service,5360,2015,owned,n/a,bank,landlord_submeter,heat_pump,electricity,2020,R-410A,mixed,1,False,0,False,n/a,0,54,1
MNB-01266,Poy Sippi Branch,Poy Sippi,Waushara County,WI,54967,44.15335,-88.97615,full_service,5020,1989,owned,n/a,bank,direct_utility_meter,heat_pump,electricity,2004,R-22,led,2,True,0,True,diesel,0,43,1
MNB-01267,Randlett Branch,Randlett,Cotton County,OK,73562,34.18123,-98.45475,full_service,4170,1999,leased,triple_net,bank,direct_utility_meter,rtu_electric_heat,electricity,2023,R-410A,mixed,2,False,0,False,n/a,0,48,1
MNB-01268,Castor Branch,Castor,Bienville Parish,LA,71016,32.24301,-93.07949,full_service,2950,1975,leased,triple_net,bank,direct_utility_meter,split_ac_gas_furnace,natural_gas,2006,R-22,led,1,False,0,False,n/a,0,53,1
MNB-01269,Farmland Branch,Farmland,Randolph County,IN,47340,40.20141,-85.14656,in_store,630,2016,leased,full_gross,landlord,landlord_submeter,host_building_system,unknown,,unknown,led,1,False,0,False,n/a,0,60,3
MNB-01270,Rockport Branch,Rockport,Wood County,WV,26169,39.06288,-81.55704,full_service,4420,2010,leased,full_gross,landlord,landlord_submeter,rtu_gas_heat,natural_gas,2011,R-410A,led,3,True,3,False,n/a,0,54,3
MNB-01271,Dumont Branch,Dumont,Bergen County,NJ,07628,40.95889,-73.99585,full_service,2390,2022,leased,full_gross,landlord,landlord_submeter,rtu_gas_heat,natural_gas,2022,R-410A,mixed,2,False,0,False,n/a,0,44,3
MNB-01272,Miami Branch #7,Miami,Miami-Dade County,FL,33179,25.95321,-80.17262,full_service,4410,1994,leased,triple_net,bank,direct_utility_meter,rtu_electric_heat,electricity,2005,R-22,mixed,1,False,0,False,n/a,0,42,1
MNB-01273,Audubon Branch,Audubon,Camden County,NJ,08106,39.88855,-75.08828,in_store,630,2023,leased,full_gross,landlord,shared_unmetered,host_building_system,unknown,,unknown,mixed,0,False,0,False,n/a,0,68,2
MNB-01274,Weirton Branch,Weirton,Hancock County,WV,26062,40.4078,-80.56824,full_service,2840,1997,owned,n/a,bank,direct_utility_meter,heat_pump,electricity,2001,R-22,mixed,3,False,0,False,n/a,0,54,2
MNB-01275,Georgetown Branch,Georgetown,Grant Parish,LA,71432,31.73803,-92.39236,full_service,3800,2004,leased,modified_gross,bank,direct_utility_meter,rtu_electric_heat,electricity,2004,R-22,led,2,True,3,False,n/a,0,52,2
MNB-01276,Hampstead Branch,Hampstead,Rockingham County,NH,03841,42.89034,-71.16193,express,1660,2007,leased,triple_net,bank,direct_utility_meter,rtu_gas_heat,natural_gas,2016,R-410A,led,3,False,0,False,n/a,0,44,2
MNB-01277,Essex Fells Branch,Essex Fells,Essex County,NJ,07021,40.83097,-74.29872,full_service,7490,1995,owned,n/a,bank,direct_utility_meter,rtu_gas_heat,natural_gas,2014,R-410A,led,4,False,3,False,n/a,0,50,2
MNB-01278,Tempe Branch #2,Tempe,Maricopa County,AZ,85281,33.43052,-111.92573,full_service,4480,2000,owned,n/a,bank,direct_utility_meter,rtu_electric_heat,electricity,2014,R-410A,led,4,True,1,False,n/a,0,48,2
MNB-01279,Ocoee Branch,Ocoee,Orange County,FL,34761,28.58359,-81.54562,flagship,21180,1975,owned,n/a,bank,direct_utility_meter,heat_pump,electricity,2023,R-410A,led,1,True,0,True,diesel,0,56,2
MNB-01280,Galloway Branch,Galloway,Franklin County,OH,43119,39.94276,-83.17773,full_service,4050,1986,leased,modified_gross,bank,direct_utility_meter,split_ac_gas_furnace,natural_gas,2023,R-410A,led,1,True,0,False,n/a,0,43,1
MNB-01281,Sherman Oaks Branch,Sherman Oaks,Los Angeles County,CA,91403,34.14637,-118.45097,express,1120,2009,leased,triple_net,bank,direct_utility_meter,rtu_gas_heat,natural_gas,2011,R-410A,mixed,1,True,0,False,n/a,0,46,1
MNB-01282,Gold Beach Branch,Gold Beach,Curry County,OR,97444,42.43406,-124.40635,in_store,760,1955,leased,full_gross,landlord,shared_unmetered,host_building_system,unknown,,unknown,mixed,0,False,0,False,n/a,0,64,3
MNB-01283,Stratford Branch,Stratford,Kings County,CA,93266,36.16018,-119.83002,full_service,3440,2008,owned,n/a,bank,direct_utility_meter,split_ac_gas_furnace,natural_gas,2008,R-22,mixed,3,False,0,False,n/a,0,54,1
MNB-01284,Hayden Branch,Hayden,Routt County,CO,81639,40.50963,-107.24597,full_service,3790,1982,leased,modified_gross,bank,direct_utility_meter,split_ac_gas_furnace,natural_gas,2013,R-410A,fluorescent,2,False,3,True,diesel,0,45,1
MNB-01285,Jackpot Branch,Jackpot,Elko County,NV,89825,41.90461,-114.70697,full_service,3060,1979,owned,n/a,bank,direct_utility_meter,heat_pump,electricity,2009,R-22,led,1,True,0,False,n/a,0,53,3
MNB-01286,Radcliff Branch,Radcliff,Hardin County,KY,40160,37.81647,-85.96012,full_service,4290,2008,owned,n/a,bank,direct_utility_meter,split_ac_gas_furnace,natural_gas,2008,R-22,led,2,True,1,False,n/a,0,44,1
MNB-01287,Millis Branch,Millis,Norfolk County,MA,02054,42.19365,-71.35335,full_service,5780,1974,leased,triple_net,bank,direct_utility_meter,split_ac_gas_furnace,natural_gas,2008,R-22,led,1,False,0,False,n/a,0,42,1
MNB-01288,Pasco Branch,Pasco,Franklin County,WA,99301,46.26115,-119.0929,full_service,5550,2023,leased,triple_net,bank,direct_utility_meter,rtu_gas_heat,natural_gas,2023,R-410A,led,4,False,2,False,n/a,0,52,1
MNB-01289,Momence Branch,Momence,Kankakee County,IL,60954,41.17095,-87.6606,full_service,6750,2024,leased,modified_gross,landlord,shared_unmetered,heat_pump,electricity,2024,R-410A,mixed,2,False,2,False,n/a,0,48,3
MNB-01290,Breckenridge Branch,Breckenridge,Caldwell County,MO,64625,39.75854,-93.82133,in_store,1000,1993,leased,full_gross,landlord,shared_unmetered,host_building_system,unknown,,unknown,fluorescent,1,False,0,False,n/a,0,72,1
MNB-01291,Carmichael Branch,Carmichael,Sacramento County,CA,95608,38.62579,-121.31738,full_service,2270,1989,leased,triple_net,bank,direct_utility_meter,boiler_with_split_ac,natural_gas,2001,R-22,fluorescent,4,True,0,False,n/a,0,44,2
MNB-01292,Cutchogue Branch,Cutchogue,Suffolk County,NY,11935,41.01139,-72.49469,in_store,480,1960,leased,modified_gross,landlord,shared_unmetered,host_building_system,unknown,,unknown,led,0,False,0,False,n/a,0,60,3
MNB-01293,Los Angeles Branch #5,Los Angeles,Los Angeles County,CA,90042,34.11919,-118.19504,express,1140,2013,leased,triple_net,bank,direct_utility_meter,rtu_gas_heat,natural_gas,2013,R-410A,fluorescent,1,False,0,False,n/a,0,54,1
MNB-01294,Yuba City Branch #2,Yuba City,Sutter County,CA,95991,39.12191,-121.62068,in_store,760,1969,leased,full_gross,landlord,shared_unmetered,host_building_system,unknown,,unknown,fluorescent,0,False,0,False,n/a,0,73,3
MNB-01295,Carthage Branch,Carthage,Smith County,TN,37030,36.27848,-85.94311,in_store,540,2021,leased,modified_gross,bank,direct_utility_meter,host_building_system,unknown,,unknown,led,0,False,0,False,n/a,0,77,1
MNB-01296,Leonard Branch,Leonard,Oakland County,MI,48367,42.83276,-83.14812,in_store,570,2024,leased,modified_gross,bank,direct_utility_meter,host_building_system,unknown,,unknown,led,0,False,0,False,n/a,0,63,1
MNB-01297,Dana Point Branch,Dana Point,Orange County,CA,92629,33.48419,-117.70462,full_service,3930,1965,owned,n/a,bank,landlord_submeter,split_ac_gas_furnace,natural_gas,2015,R-410A,mixed,3,True,0,False,n/a,0,47,1
MNB-01298,Metairie Branch #2,Metairie,Jefferson Parish,LA,70005,30.01155,-90.13191,full_service,4710,2007,owned,n/a,bank,direct_utility_meter,heat_pump,electricity,2007,R-22,led,2,False,0,False,n/a,0,54,1
MNB-01299,Saginaw Branch #2,Saginaw,Saginaw County,MI,48607,43.43796,-83.91982,express,1240,1994,owned,n/a,bank,direct_utility_meter,rtu_gas_heat,natural_gas,2023,R-410A,led,3,True,0,False,n/a,0,43,2
MNB-01300,Rebersburg Branch,Rebersburg,Centre County,PA,16872,40.96385,-77.37785,in_store,470,1999,leased,full_gross,landlord,shared_unmetered,host_building_system,unknown,,unknown,led,0,False,0,False,n/a,0,63,3
MNB-01301,Lake Branch,Lake,Clare County,MI,48632,43.85425,-85.03999,in_store,650,1971,leased,full_gross,landlord,shared_unmetered,host_building_system,unknown,,unknown,led,0,False,0,False,n/a,0,67,3
MNB-01302,Los Angeles Branch #6,Los Angeles,Los Angeles County,CA,90057,34.05105,-118.27252,flagship,22610,2010,leased,triple_net,bank,direct_utility_meter,split_ac_gas_furnace,natural_gas,2010,R-410A,led,4,True,0,True,diesel,0,58,1
MNB-01303,Schaghticoke Branch,Schaghticoke,Rensselaer County,NY,12154,42.90398,-73.62844,full_service,4160,1969,owned,n/a,bank,direct_utility_meter,boiler_with_split_ac,fuel_oil,2020,R-410A,fluorescent,2,True,2,False,n/a,0,52,3
MNB-01304,Donna Branch,Donna,Hidalgo County,TX,78537,26.14747,-98.04067,full_service,3310,2019,leased,triple_net,bank,direct_utility_meter,split_ac_gas_furnace,natural_gas,2019,R-410A,led,3,True,0,False,n/a,0,45,1
MNB-01305,Brandon Branch,Brandon,Rutland County,VT,05733,43.80934,-73.09946,in_store,370,1993,leased,full_gross,landlord,shared_unmetered,host_building_system,unknown,,unknown,led,0,False,0,False,n/a,0,75,3
MNB-01306,Indianapolis Branch #5,Indianapolis,Marion County,IN,46239,39.7255,-86.0086,full_service,5580,2005,leased,modified_gross,landlord,shared_unmetered,split_ac_gas_furnace,natural_gas,2013,R-410A,mixed,2,False,1,True,diesel,0,48,3
MNB-01307,Burton Branch,Burton,Genesee County,MI,48519,42.98062,-83.62057,full_service,3360,2021,leased,full_gross,landlord,shared_unmetered,heat_pump,electricity,2021,R-410A,led,2,False,3,False,n/a,0,42,2
MNB-01308,Fairfax Branch,Fairfax,Fairfax County,VA,22030,38.81033,-77.32511,drive_thru_only,750,2011,leased,full_gross,landlord,landlord_submeter,rtu_gas_heat,natural_gas,2016,R-410A,led,1,False,3,False,n/a,0,46,3
MNB-01309,Bloomingdale Branch,Bloomingdale,Passaic County,NJ,07403,40.99783,-74.32992,full_service,2510,1999,leased,triple_net,bank,direct_utility_meter,rtu_gas_heat,natural_gas,2002,R-22,mixed,1,False,2,False,n/a,0,51,1
MNB-01310,Mesa Branch,Mesa,Maricopa County,AZ,85208,33.41185,-111.6455,full_service,2720,1989,leased,triple_net,bank,direct_utility_meter,heat_pump,electricity,2017,R-410A,mixed,4,False,1,False,n/a,0,53,1
MNB-01311,Gainesville Branch,Gainesville,Prince William County,VA,20155,38.80772,-77.62167,in_store,510,1993,leased,full_gross,landlord,shared_unmetered,host_building_system,unknown,,unknown,led,1,False,0,False,n/a,0,61,3
MNB-01312,Sanibel Branch,Sanibel,Lee County,FL,33957,26.45573,-82.10276,full_service,3900,1985,leased,triple_net,bank,direct_utility_meter,heat_pump,electricity,2016,R-410A,fluorescent,2,False,0,False,n/a,0,50,1
MNB-01313,Jacksonville Branch #4,Jacksonville,Duval County,FL,32212,30.19651,-81.68127,express,1330,2022,leased,modified_gross,landlord,shared_unmetered,heat_pump,electricity,2022,R-410A,led,2,False,0,False,n/a,0,51,3
MNB-01314,Jurupa Valley Branch,Jurupa Valley,Riverside County,CA,92509,34.02056,-117.44564,full_service,4440,1977,owned,n/a,bank,direct_utility_meter,rtu_gas_heat,natural_gas,2019,R-410A,led,3,True,0,False,n/a,0,45,2
MNB-01315,San Antonio Branch #3,San Antonio,Bexar County,TX,78218,29.49517,-98.38926,drive_thru_only,940,1990,leased,modified_gross,landlord,shared_unmetered,rtu_electric_heat,electricity,2012,R-410A,led,3,True,1,False,n/a,0,50,3
MNB-01316,Riverside Branch #2,Riverside,Riverside County,CA,92507,33.97958,-117.34739,full_service,8000,2013,leased,full_gross,landlord,shared_unmetered,rtu_gas_heat,natural_gas,2013,R-410A,led,1,False,1,False,n/a,0,43,3
MNB-01317,Ama Branch,Ama,St. Charles Parish,LA,70031,29.97141,-90.31173,full_service,2510,1986,leased,triple_net,bank,direct_utility_meter,rtu_electric_heat,electricity,2021,R-410A,led,1,True,0,False,n/a,51,44,1
MNB-01318,Glenwood Branch,Glenwood,Sussex County,NJ,07418,41.2538,-74.48891,full_service,4400,2019,leased,full_gross,landlord,shared_unmetered,rtu_gas_heat,natural_gas,2021,R-410A,led,1,False,3,False,n/a,0,52,3
MNB-01319,Kinston Branch,Kinston,Lenoir County,NC,28501,35.27462,-77.57045,full_service,4420,1976,leased,triple_net,bank,direct_utility_meter,rtu_gas_heat,natural_gas,2006,R-22,led,3,True,3,False,n/a,0,45,1
MNB-01320,Gillette Branch,Gillette,Morris County,NJ,07933,40.68058,-74.46617,full_service,3080,1954,leased,full_gross,landlord,shared_unmetered,split_ac_gas_furnace,natural_gas,2008,R-22,mixed,2,True,2,False,n/a,0,42,3
MNB-01321,Irvine Branch #2,Irvine,Orange County,CA,92603,33.62059,-117.7964,drive_thru_only,1020,2004,owned,n/a,bank,direct_utility_meter,split_ac_gas_furnace,natural_gas,2004,R-22,mixed,3,True,3,False,n/a,0,48,1
MNB-01322,Knippa Branch,Knippa,Uvalde County,TX,78870,29.29722,-99.64764,drive_thru_only,1210,1997,leased,triple_net,bank,direct_utility_meter,heat_pump,electricity,2016,R-410A,fluorescent,1,False,2,False,n/a,0,53,1
MNB-01323,Beech Creek Branch,Beech Creek,Clinton County,PA,16822,41.08324,-77.56401,full_service,4320,2021,owned,n/a,bank,direct_utility_meter,rtu_gas_heat,natural_gas,2021,R-410A,led,2,True,1,True,diesel,0,48,2
MNB-01324,Cleveland Branch,Cleveland,Cuyahoga County,OH,44130,41.37786,-81.80876,in_store,910,1991,leased,modified_gross,bank,landlord_submeter,host_building_system,unknown,,unknown,led,1,False,0,False,n/a,0,61,1
MNB-01325,Wind Ridge Branch,Wind Ridge,Greene County,PA,15380,39.91471,-80.4734,drive_thru_only,600,1966,leased,modified_gross,landlord,shared_unmetered,rtu_gas_heat,natural_gas,2015,R-410A,led,2,False,2,False,n/a,0,50,1
MNB-01326,Olney Springs Branch,Olney Springs,Crowley County,CO,81062,38.20053,-103.93416,drive_thru_only,810,1984,owned,n/a,bank,direct_utility_meter,rtu_gas_heat,natural_gas,2004,R-22,mixed,1,True,3,False,n/a,0,52,3
MNB-01327,Sparland Branch,Sparland,Marshall County,IL,61565,41.041,-89.47937,full_service,6530,1988,owned,n/a,bank,direct_utility_meter,rtu_gas_heat,natural_gas,2004,R-22,led,4,True,3,False,n/a,0,44,2
MNB-01328,Gerry Branch,Gerry,Chautauqua County,NY,14740,42.21579,-79.1496,full_service,5520,2001,owned,n/a,bank,direct_utility_meter,rtu_gas_heat,natural_gas,2023,R-410A,mixed,3,False,0,False,n/a,37,43,2
MNB-01329,Arlington Branch,Arlington,Tarrant County,TX,76018,32.67622,-97.08451,express,2060,1979,leased,full_gross,landlord,shared_unmetered,rtu_electric_heat,electricity,2018,R-410A,fluorescent,3,False,0,False,n/a,0,46,3
MNB-01330,Levittown Branch,Levittown,Bucks County,PA,19057,40.14769,-74.85061,full_service,6080,1999,leased,triple_net,bank,direct_utility_meter,rtu_gas_heat,natural_gas,2001,R-22,led,2,False,0,False,n/a,0,50,2
MNB-01331,Glenhaven Branch,Glenhaven,Lake County,CA,95443,39.03786,-122.7263,full_service,2360,2020,leased,modified_gross,bank,landlord_submeter,split_ac_gas_furnace,natural_gas,2020,R-410A,led,2,False,0,True,diesel,0,48,1
MNB-01332,Thatcher Branch,Thatcher,Franklin County,ID,83283,42.3707,-111.68603,in_store,790,1991,leased,modified_gross,landlord,landlord_submeter,host_building_system,unknown,,unknown,led,0,False,0,False,n/a,0,63,3
MNB-01333,Auburn Branch,Auburn,Sac County,IA,51433,42.26605,-94.88386,full_service,5770,2006,owned,n/a,bank,direct_utility_meter,rtu_gas_heat,natural_gas,2006,R-22,mixed,1,False,2,False,n/a,0,52,1
MNB-01334,Spring Valley Branch,Spring Valley,San Diego County,CA,91977,32.72952,-116.99928,drive_thru_only,840,1975,owned,n/a,bank,direct_utility_meter,rtu_gas_heat,natural_gas,2000,R-22,led,4,True,1,False,n/a,0,54,2
MNB-01335,Payson Branch,Payson,Adams County,IL,62360,39.82716,-91.2744,full_service,8000,2014,owned,n/a,bank,landlord_submeter,split_ac_gas_furnace,natural_gas,2021,R-410A,led,4,True,2,False,n/a,0,52,1
MNB-01336,San Jose Branch #2,San Jose,Santa Clara County,CA,95126,37.32538,-121.90947,in_store,680,1979,leased,full_gross,landlord,shared_unmetered,host_building_system,unknown,,unknown,led,0,False,0,False,n/a,0,63,2
MNB-01337,Cairo Branch,Cairo,Alexander County,IL,62914,36.99686,-89.17142,flagship,8000,2001,owned,n/a,bank,direct_utility_meter,rtu_gas_heat,natural_gas,2014,R-410A,mixed,1,True,0,True,diesel,0,52,1
MNB-01338,Bakersfield Branch,Bakersfield,Kern County,CA,93307,35.31118,-118.96618,flagship,16300,1981,owned,n/a,bank,direct_utility_meter,split_ac_gas_furnace,natural_gas,2024,R-410A,fluorescent,4,True,0,True,diesel,0,57,3
MNB-01339,Henrico Branch,Henrico,Northampton County,NC,27842,36.51027,-77.85014,express,1500,1959,leased,full_gross,landlord,shared_unmetered,heat_pump,electricity,2008,R-22,mixed,4,False,0,False,n/a,0,43,3
MNB-01340,Fort Myer Branch,Fort Myer,Arlington County,VA,22211,38.87089,-77.06831,express,2400,1983,leased,full_gross,landlord,shared_unmetered,boiler_with_split_ac,natural_gas,2015,R-410A,led,1,False,0,False,n/a,0,51,2
MNB-01341,Plano Branch,Plano,Collin County,TX,75023,33.05631,-96.74007,full_service,4950,1974,leased,modified_gross,bank,direct_utility_meter,rtu_electric_heat,electricity,2009,R-22,mixed,4,False,2,False,n/a,0,53,3
MNB-01342,Fullerton Branch,Fullerton,Orange County,CA,92832,33.8815,-117.93224,flagship,11020,2019,owned,n/a,bank,direct_utility_meter,split_ac_gas_furnace,natural_gas,2019,R-410A,led,2,False,0,True,diesel,0,57,1
MNB-01343,North Vernon Branch,North Vernon,Jennings County,IN,47265,39.00164,-85.62152,express,2620,1978,leased,triple_net,bank,direct_utility_meter,rtu_gas_heat,natural_gas,2005,R-22,led,4,True,0,False,n/a,0,42,1
MNB-01344,Brownsville Branch #2,Brownsville,Cameron County,TX,78526,25.94458,-97.47454,full_service,5560,2023,leased,full_gross,landlord,shared_unmetered,heat_pump,electricity,2023,R-410A,fluorescent,2,False,2,True,diesel,0,53,3
MNB-01345,Garland Branch,Garland,Box Elder County,UT,84312,41.73901,-112.14837,full_service,3270,1995,leased,modified_gross,bank,direct_utility_meter,rtu_gas_heat,natural_gas,2013,R-410A,mixed,3,False,1,False,n/a,0,49,2
MNB-01346,Lake Worth Branch,Lake Worth,Palm Beach County,FL,33467,26.60845,-80.18103,full_service,4010,1975,leased,modified_gross,bank,direct_utility_meter,rtu_electric_heat,electricity,2002,R-22,fluorescent,4,True,0,False,n/a,0,47,1
MNB-01347,Saint Joseph Branch,Saint Joseph,Berrien County,MI,49085,42.08915,-86.48888,full_service,4900,1988,owned,n/a,bank,direct_utility_meter,split_ac_gas_furnace,natural_gas,2013,R-410A,led,1,True,3,False,n/a,0,45,1
MNB-01348,Orlinda Branch,Orlinda,Robertson County,TN,37141,36.59351,-86.69138,in_store,590,1971,leased,full_gross,landlord,shared_unmetered,host_building_system,unknown,,unknown,led,0,False,0,False,n/a,0,65,1
MNB-01349,Sells Branch,Sells,Pima County,AZ,85634,32.02681,-111.99586,full_service,3790,2016,leased,modified_gross,bank,direct_utility_meter,rtu_gas_heat,natural_gas,2024,R-410A,led,3,False,2,False,n/a,0,45,1
MNB-01350,Girard Branch,Girard,Crawford County,KS,66743,37.52957,-94.86873,full_service,4240,1965,leased,modified_gross,landlord,landlord_submeter,boiler_with_split_ac,natural_gas,2004,R-22,mixed,1,False,0,False,n/a,0,49,1
MNB-01351,Mantee Branch,Mantee,Webster County,MS,39751,33.7106,-89.09705,full_service,3050,2018,leased,full_gross,landlord,shared_unmetered,rtu_gas_heat,natural_gas,2018,R-410A,led,1,True,2,False,n/a,0,44,3
MNB-01352,Sunflower Branch,Sunflower,Sunflower County,MS,38778,33.56346,-90.55149,full_service,2200,1956,leased,modified_gross,bank,direct_utility_meter,heat_pump,electricity,2005,R-22,fluorescent,3,False,3,False,n/a,0,44,1
MNB-01353,Flora Vista Branch,Flora Vista,San Juan County,NM,87415,36.80418,-108.0825,express,1910,1981,leased,triple_net,bank,direct_utility_meter,rtu_electric_heat,electricity,2019,R-410A,fluorescent,4,True,0,False,n/a,0,48,1
MNB-01354,New Boston Branch,New Boston,Wayne County,MI,48164,42.14886,-83.3419,full_service,2310,1967,leased,triple_net,bank,direct_utility_meter,rtu_gas_heat,natural_gas,2009,R-22,mixed,3,False,3,False,n/a,0,51,1
MNB-01355,Miami Branch #8,Miami,Miami-Dade County,FL,33177,25.60613,-80.39491,full_service,3110,2008,owned,n/a,bank,direct_utility_meter,rtu_gas_heat,natural_gas,2008,R-22,led,3,True,1,False,n/a,0,42,1
MNB-01356,Hayward Branch,Hayward,Sawyer County,WI,54843,45.94549,-91.26875,full_service,2460,1997,owned,n/a,bank,landlord_submeter,rtu_gas_heat,natural_gas,2004,R-22,mixed,2,True,3,False,n/a,0,49,1
MNB-01357,Anchorage Branch #2,Anchorage,Municipality of Anchorage,AK,99529,61.19394,-149.96529,drive_thru_only,660,2021,leased,triple_net,bank,landlord_submeter,split_ac_gas_furnace,natural_gas,2021,R-410A,fluorescent,4,False,0,False,n/a,0,50,1
MNB-01358,Geneva Branch,Geneva,Seminole County,FL,32732,28.73382,-81.11985,drive_thru_only,1110,1986,leased,full_gross,landlord,landlord_submeter,rtu_gas_heat,natural_gas,2023,R-410A,fluorescent,3,True,2,False,n/a,0,49,2
MNB-01359,Ward Branch,Ward,Lonoke County,AR,72176,34.95714,-91.91223,full_service,3920,1955,owned,n/a,bank,direct_utility_meter,rtu_electric_heat,electricity,2002,R-22,fluorescent,2,False,3,False,n/a,0,54,1
MNB-01360,Big Creek Branch,Big Creek,Calhoun County,MS,38914,33.85354,-89.44647,full_service,3880,2012,owned,n/a,bank,direct_utility_meter,rtu_gas_heat,natural_gas,2013,R-410A,led,3,True,1,False,n/a,0,42,3
MNB-01361,Franklin Branch,Franklin,St. Mary Parish,LA,70538,29.7783,-91.50565,full_service,2830,2001,leased,full_gross,landlord,landlord_submeter,heat_pump,electricity,2024,R-410A,mixed,4,True,2,True,diesel,0,44,2
MNB-01362,Jewett City Branch,Jewett City,New London County,CT,06351,41.60493,-72.00905,full_service,3440,2016,leased,modified_gross,bank,direct_utility_meter,rtu_gas_heat,natural_gas,2016,R-410A,led,1,False,2,False,n/a,0,52,1
MNB-01363,North Java Branch,North Java,Wyoming County,NY,14113,42.67013,-78.34049,in_store,710,1991,leased,full_gross,landlord,landlord_submeter,host_building_system,unknown,,unknown,led,0,False,0,False,n/a,0,74,3
MNB-01364,Charlotteville Branch,Charlotteville,Schoharie County,NY,12036,42.52014,-74.68843,full_service,4130,2011,owned,n/a,bank,direct_utility_meter,rtu_gas_heat,natural_gas,2011,R-410A,mixed,1,False,3,False,n/a,0,48,1
MNB-01365,Britt Branch,Britt,St. Louis County,MN,55710,47.65076,-92.62269,full_service,5370,1970,owned,n/a,bank,direct_utility_meter,split_ac_gas_furnace,natural_gas,1999,R-22,mixed,2,True,0,False,n/a,0,45,3
MNB-01366,Enid Branch,Enid,Garfield County,OK,73701,36.38955,-97.85807,full_service,5610,2024,leased,triple_net,bank,direct_utility_meter,rtu_gas_heat,natural_gas,2024,R-410A,mixed,3,False,2,False,n/a,0,51,1
MNB-01367,El Sobrante Branch,El Sobrante,Contra Costa County,CA,94803,37.97317,-122.29731,full_service,3890,1970,owned,n/a,bank,direct_utility_meter,split_ac_gas_furnace,natural_gas,2016,R-410A,led,4,True,0,True,diesel,0,53,1
MNB-01368,Hillsdale Branch,Hillsdale,Vermillion County,IN,47854,39.7574,-87.39702,full_service,2400,2016,leased,triple_net,bank,direct_utility_meter,split_ac_gas_furnace,natural_gas,2016,R-410A,mixed,3,False,3,False,n/a,0,48,1
MNB-01369,Sauk Centre Branch,Sauk Centre,Stearns County,MN,56378,45.73664,-94.95952,full_service,3340,1974,leased,modified_gross,bank,direct_utility_meter,rtu_gas_heat,natural_gas,2022,R-410A,mixed,4,False,1,False,n/a,0,43,1
MNB-01370,Carmine Branch,Carmine,Fayette County,TX,78932,30.12622,-96.69532,full_service,4070,2013,owned,n/a,bank,direct_utility_meter,rtu_electric_heat,electricity,2021,R-410A,led,1,False,0,True,diesel,0,52,3
MNB-01371,Etowah Branch,Etowah,Henderson County,NC,28729,35.3104,-82.60362,full_service,3320,2017,leased,triple_net,bank,direct_utility_meter,rtu_gas_heat,natural_gas,2017,R-410A,fluorescent,1,False,0,False,n/a,0,52,1
MNB-01372,Mays Landing Branch,Mays Landing,Atlantic County,NJ,08330,39.4245,-74.7229,full_service,3060,2018,owned,n/a,bank,direct_utility_meter,rtu_gas_heat,natural_gas,2018,R-410A,fluorescent,2,False,2,False,n/a,0,44,1
MNB-01373,Schenectady Branch,Schenectady,Schenectady County,NY,12309,42.825,-73.88239,flagship,14390,1994,leased,modified_gross,landlord,shared_unmetered,rtu_gas_heat,natural_gas,2000,R-22,mixed,3,False,0,True,diesel,0,50,3
MNB-01374,Spencerville Branch,Spencerville,Choctaw County,OK,74760,34.15476,-95.38601,full_service,8000,1991,leased,modified_gross,bank,direct_utility_meter,rtu_electric_heat,electricity,2004,R-22,mixed,1,False,3,True,diesel,0,43,2
MNB-01375,Frierson Branch,Frierson,De Soto Parish,LA,71027,32.24246,-93.69061,full_service,3620,2016,leased,triple_net,bank,landlord_submeter,heat_pump,electricity,2024,R-410A,fluorescent,1,True,3,False,n/a,0,47,3
MNB-01376,Everett Branch #2,Everett,Snohomish County,WA,98201,47.99438,-122.21194,full_service,4190,2001,leased,triple_net,bank,direct_utility_meter,split_ac_gas_furnace,natural_gas,2012,R-410A,led,4,True,2,False,n/a,0,47,2
MNB-01377,Bogart Branch,Bogart,Oconee County,GA,30622,33.90871,-83.51166,in_store,460,2004,leased,full_gross,landlord,landlord_submeter,host_building_system,unknown,,unknown,led,0,False,0,False,n/a,0,73,1
MNB-01378,Lubbock Branch #3,Lubbock,Lubbock County,TX,79404,33.52548,-101.848,express,2450,1976,leased,modified_gross,bank,direct_utility_meter,rtu_gas_heat,natural_gas,2017,R-410A,mixed,2,True,0,False,n/a,0,48,1
MNB-01379,Junction City Branch,Junction City,Union County,AR,71749,33.04027,-92.72225,in_store,800,1992,leased,modified_gross,bank,direct_utility_meter,host_building_system,unknown,,unknown,led,0,False,0,False,n/a,0,75,1
MNB-01380,Glendale Branch #3,Glendale,Maricopa County,AZ,85302,33.56909,-112.17019,full_service,5340,1987,leased,modified_gross,landlord,shared_unmetered,split_ac_gas_furnace,natural_gas,2006,R-22,fluorescent,3,False,1,False,n/a,0,50,3
MNB-01381,Elkton Branch,Elkton,Douglas County,OR,97436,43.63861,-123.58517,drive_thru_only,1400,2006,owned,n/a,bank,landlord_submeter,rtu_gas_heat,natural_gas,2008,R-22,led,1,True,1,False,n/a,0,54,1
MNB-01382,West Jordan Branch,West Jordan,Salt Lake County,UT,84084,40.63198,-111.96755,full_service,3690,1972,leased,triple_net,bank,direct_utility_meter,rtu_gas_heat,natural_gas,2021,R-410A,fluorescent,1,True,0,True,diesel,0,45,1
MNB-01383,Jackson Springs Branch,Jackson Springs,Moore County,NC,27281,35.23665,-79.68699,drive_thru_only,920,1989,owned,n/a,bank,direct_utility_meter,rtu_gas_heat,natural_gas,2010,R-410A,mixed,2,True,2,False,n/a,0,52,2
MNB-01384,Kalamazoo Branch,Kalamazoo,Kalamazoo County,MI,49004,42.32783,-85.56954,drive_thru_only,1530,2017,owned,n/a,bank,direct_utility_meter,rtu_gas_heat,natural_gas,2017,R-410A,fluorescent,2,True,3,False,n/a,0,52,1
MNB-01385,Wallkill Branch,Wallkill,Ulster County,NY,12589,41.59581,-74.14879,full_service,5070,1999,owned,n/a,bank,direct_utility_meter,rtu_gas_heat,natural_gas,2010,R-410A,mixed,3,False,3,False,n/a,0,53,1
MNB-01386,Bethlehem Branch,Bethlehem,Grafton County,NH,03574,44.28332,-71.68774,full_service,2200,2019,owned,n/a,bank,direct_utility_meter,rtu_gas_heat,natural_gas,2019,R-410A,led,4,True,2,True,diesel,0,51,1
MNB-01387,Canyon Branch,Canyon,Randall County,TX,79015,34.96862,-101.9238,full_service,4810,1976,owned,n/a,bank,direct_utility_meter,split_ac_gas_furnace,propane,2010,R-410A,mixed,2,True,0,False,n/a,0,45,3
MNB-01388,Sprague Branch,Sprague,Lincoln County,WA,99032,47.34044,-117.97259,full_service,3520,1992,owned,n/a,bank,direct_utility_meter,rtu_gas_heat,natural_gas,2023,R-410A,fluorescent,4,True,3,False,n/a,11,48,1
MNB-01389,Hawley Branch,Hawley,Pike County,PA,18428,41.47492,-75.18805,drive_thru_only,1250,1996,leased,full_gross,landlord,landlord_submeter,split_ac_gas_furnace,natural_gas,2006,R-22,mixed,1,True,1,False,n/a,0,45,3
MNB-01390,Peekskill Branch,Peekskill,Westchester County,NY,10566,41.26599,-73.93025,full_service,4740,1989,leased,modified_gross,bank,direct_utility_meter,rtu_gas_heat,natural_gas,2005,R-22,fluorescent,2,False,0,False,n/a,0,48,3
MNB-01391,Wabasha Branch,Wabasha,Wabasha County,MN,55981,44.35508,-92.02796,in_store,420,2007,leased,modified_gross,landlord,landlord_submeter,host_building_system,unknown,,unknown,led,0,False,0,False,n/a,0,76,3
MNB-01392,West Jefferson Branch,West Jefferson,Madison County,OH,43162,39.9094,-83.27762,flagship,15580,1968,leased,modified_gross,bank,direct_utility_meter,split_ac_gas_furnace,natural_gas,2000,R-22,mixed,4,True,0,True,diesel,0,51,1
MNB-01393,Fife Branch,Fife,Pierce County,WA,98424,47.22969,-122.36907,full_service,4470,1997,leased,triple_net,bank,direct_utility_meter,rtu_gas_heat,propane,2003,R-22,led,4,False,0,False,n/a,0,44,1
MNB-01394,Nashville Branch,Nashville,Barry County,MI,49073,42.59144,-85.11181,full_service,4680,1967,owned,n/a,bank,direct_utility_meter,rtu_gas_heat,natural_gas,1999,R-22,led,2,False,2,False,n/a,0,54,1
MNB-01395,Farmington Branch,Farmington,Marion County,WV,26571,39.49781,-80.25852,full_service,4990,2004,owned,n/a,bank,direct_utility_meter,rtu_gas_heat,natural_gas,2022,R-410A,led,4,True,2,False,n/a,0,46,1
MNB-01396,Granville Summit Branch,Granville Summit,Bradford County,PA,16926,41.71025,-76.73872,drive_thru_only,1450,2016,owned,n/a,bank,direct_utility_meter,split_ac_gas_furnace,natural_gas,2018,R-410A,led,3,False,0,False,n/a,0,49,1
MNB-01397,North Falmouth Branch,North Falmouth,Barnstable County,MA,02556,41.65608,-70.61754,full_service,4750,1952,leased,triple_net,bank,direct_utility_meter,split_ac_gas_furnace,natural_gas,2002,R-22,fluorescent,2,True,2,False,n/a,0,49,1
MNB-01398,Fort Worth Branch #3,Fort Worth,Tarrant County,TX,76112,32.74726,-97.2155,full_service,4220,1993,leased,triple_net,bank,direct_utility_meter,heat_pump,electricity,2007,R-22,mixed,2,True,2,False,n/a,0,45,3
MNB-01399,Ocala Branch,Ocala,Marion County,FL,34472,29.09968,-82.01133,full_service,5920,1995,leased,triple_net,bank,direct_utility_meter,heat_pump,electricity,2000,R-22,fluorescent,1,True,3,False,n/a,0,47,2
MNB-01400,Vidal Branch,Vidal,San Bernardino County,CA,92280,34.16351,-114.56605,express,2800,2010,leased,triple_net,bank,direct_utility_meter,rtu_gas_heat,natural_gas,2018,R-410A,led,3,False,0,False,n/a,0,48,1
MNB-01401,Vail Branch,Vail,Crawford County,IA,51465,42.04046,-95.18643,full_service,5520,1959,leased,modified_gross,landlord,shared_unmetered,rtu_gas_heat,natural_gas,2001,R-22,mixed,2,True,0,False,n/a,0,42,2
MNB-01402,Hunters Branch,Hunters,Stevens County,WA,99137,48.13701,-118.14518,full_service,4460,1989,leased,modified_gross,bank,direct_utility_meter,rtu_gas_heat,natural_gas,2015,R-410A,mixed,3,False,0,False,n/a,0,45,1
MNB-01403,Waldo Branch,Waldo,Sheboygan County,WI,53093,43.66888,-87.97272,flagship,16640,2013,owned,n/a,bank,direct_utility_meter,split_ac_gas_furnace,natural_gas,2013,R-410A,fluorescent,2,False,0,True,diesel,0,52,1
MNB-01404,Bertrand Branch,Bertrand,Phelps County,NE,68927,40.54682,-99.5739,full_service,4530,1998,leased,triple_net,bank,direct_utility_meter,split_ac_gas_furnace,natural_gas,2018,R-410A,led,1,True,1,False,n/a,0,42,1
MNB-01405,Idaho Falls Branch,Idaho Falls,Bonneville County,ID,83402,43.51751,-112.05351,full_service,4220,2011,leased,full_gross,landlord,landlord_submeter,split_ac_gas_furnace,propane,2021,R-410A,mixed,4,False,1,False,n/a,0,54,3
MNB-01406,Woodhull Branch,Woodhull,Steuben County,NY,14898,42.06209,-77.43416,full_service,8000,1986,leased,triple_net,bank,direct_utility_meter,rtu_gas_heat,natural_gas,2022,R-410A,led,4,False,3,False,n/a,0,54,1
MNB-01407,Bryan Branch,Bryan,Brazos County,TX,77807,30.68009,-96.49063,full_service,3350,2020,owned,n/a,bank,landlord_submeter,rtu_electric_heat,electricity,2020,R-410A,fluorescent,2,False,2,False,n/a,0,48,3
MNB-01408,Jonesboro Branch,Jonesboro,Craighead County,AR,72405,35.75895,-90.79252,full_service,5930,1960,owned,n/a,bank,direct_utility_meter,heat_pump,electricity,2019,R-410A,mixed,2,False,2,False,n/a,0,46,1
MNB-01409,Merritt Island Branch,Merritt Island,Brevard County,FL,32953,28.37764,-80.72332,full_service,4040,1961,owned,n/a,bank,direct_utility_meter,rtu_gas_heat,natural_gas,2002,R-22,mixed,3,True,3,False,n/a,0,49,1
MNB-01410,Longview Branch,Longview,Cowlitz County,WA,98632,46.1696,-122.97795,in_store,440,1998,leased,modified_gross,bank,direct_utility_meter,host_building_system,unknown,,unknown,led,0,False,0,False,n/a,0,61,1
MNB-01411,Jacksonville Branch #5,Jacksonville,Duval County,FL,32220,30.32587,-81.81601,full_service,3960,1994,leased,triple_net,bank,direct_utility_meter,rtu_gas_heat,natural_gas,2021,R-410A,led,2,True,0,False,n/a,0,53,1
MNB-01412,Melrose Branch,Melrose,Middlesex County,MA,02176,42.46818,-71.05875,full_service,3560,2005,leased,triple_net,bank,direct_utility_meter,split_ac_gas_furnace,natural_gas,2022,R-410A,led,4,True,3,True,diesel,0,43,3
MNB-01413,Sunbury Branch,Sunbury,Delaware County,OH,43074,40.26834,-82.84387,full_service,4990,1975,owned,n/a,bank,direct_utility_meter,rtu_gas_heat,natural_gas,2016,R-410A,led,3,True,2,True,diesel,0,54,1
MNB-01414,Walsenburg Branch,Walsenburg,Huerfano County,CO,81089,37.67494,-104.76645,in_store,660,1975,leased,full_gross,landlord,shared_unmetered,host_building_system,unknown,,unknown,mixed,0,False,0,False,n/a,0,62,2
MNB-01415,Arlington Branch,Arlington,Arlington County,VA,22204,38.87537,-77.10048,drive_thru_only,770,2011,owned,n/a,bank,direct_utility_meter,rtu_gas_heat,natural_gas,2011,R-410A,led,3,True,2,False,n/a,0,51,1
MNB-01416,Bristol Branch,Bristol,Bucks County,PA,19007,40.11306,-74.83356,drive_thru_only,1440,1981,leased,triple_net,bank,landlord_submeter,rtu_gas_heat,natural_gas,2019,R-410A,mixed,4,False,2,False,n/a,0,51,1
MNB-01417,Lawndale Branch,Lawndale,Cleveland County,NC,28090,35.42353,-81.51303,in_store,850,2010,leased,full_gross,landlord,landlord_submeter,host_building_system,unknown,,unknown,mixed,0,False,0,False,n/a,0,75,3
MNB-01418,Honolulu Branch #2,Honolulu,Honolulu County,HI,96814,21.29016,-157.83205,express,2670,2005,owned,n/a,bank,direct_utility_meter,split_ac_gas_furnace,natural_gas,2012,R-410A,led,4,True,0,False,n/a,0,44,3
MNB-01419,Occidental Branch,Occidental,Sonoma County,CA,95465,38.41531,-122.99135,drive_thru_only,1060,1961,owned,n/a,bank,landlord_submeter,rtu_gas_heat,natural_gas,2008,R-22,mixed,4,False,0,False,n/a,0,52,1
MNB-01420,Garden Grove Branch #2,Garden Grove,Orange County,CA,92841,33.78645,-117.98866,full_service,4150,2009,leased,modified_gross,bank,direct_utility_meter,rtu_gas_heat,natural_gas,2009,R-22,led,3,False,0,True,diesel,0,45,1
MNB-01421,Adah Branch,Adah,Fayette County,PA,15410,39.8777,-79.91338,express,2140,2018,leased,triple_net,bank,direct_utility_meter,heat_pump,electricity,2018,R-410A,fluorescent,4,True,0,False,n/a,0,42,1
MNB-01422,Sumterville Branch,Sumterville,Sumter County,FL,33585,28.72691,-82.0635,express,1550,2015,leased,modified_gross,bank,direct_utility_meter,rtu_gas_heat,propane,2016,R-410A,mixed,1,False,0,False,n/a,0,50,1
MNB-01423,Kings Mills Branch,Kings Mills,Warren County,OH,45034,39.35102,-84.24057,full_service,4360,1951,owned,n/a,bank,direct_utility_meter,rtu_gas_heat,natural_gas,2004,R-22,fluorescent,1,False,0,False,n/a,0,45,1
MNB-01424,Mesquite Branch,Mesquite,Dallas County,TX,75150,32.81101,-96.63829,full_service,3980,1999,owned,n/a,bank,direct_utility_meter,split_ac_gas_furnace,natural_gas,2016,R-410A,led,2,False,0,False,n/a,0,53,1
MNB-01425,Pico Rivera Branch,Pico Rivera,Los Angeles County,CA,90660,33.97209,-118.09038,full_service,2700,2020,leased,triple_net,bank,direct_utility_meter,split_ac_gas_furnace,natural_gas,2022,R-410A,mixed,4,True,3,True,diesel,0,44,2
MNB-01426,Union Branch,Union,Hardin County,IA,50258,42.24456,-93.05423,full_service,4360,2002,owned,n/a,bank,direct_utility_meter,rtu_gas_heat,natural_gas,2022,R-410A,led,2,True,0,False,n/a,0,43,3
MNB-01427,Elbert Branch,Elbert,El Paso County,CO,80106,39.08816,-104.57164,in_store,580,1980,leased,full_gross,landlord,shared_unmetered,host_building_system,unknown,,unknown,mixed,1,False,0,False,n/a,0,62,3
MNB-01428,Lake Junaluska Branch,Lake Junaluska,Haywood County,NC,28745,35.53506,-82.96448,full_service,3900,1972,leased,full_gross,landlord,landlord_submeter,heat_pump,electricity,2009,R-22,fluorescent,4,False,3,False,n/a,0,44,3
MNB-01429,Fessenden Branch,Fessenden,Wells County,ND,58438,47.67711,-99.60145,full_service,4680,2008,owned,n/a,bank,direct_utility_meter,split_ac_gas_furnace,natural_gas,2016,R-410A,led,2,True,3,False,n/a,0,53,1
MNB-01430,Raymond Branch,Raymond,Madera County,CA,93653,37.27725,-119.89272,full_service,6150,2012,leased,modified_gross,bank,direct_utility_meter,heat_pump,electricity,2017,R-410A,fluorescent,2,False,2,False,n/a,0,53,1
MNB-01431,Scottsdale Branch,Scottsdale,Maricopa County,AZ,85258,33.56,-111.8736,express,1450,2020,leased,full_gross,landlord,shared_unmetered,heat_pump,electricity,2024,R-410A,mixed,4,True,0,False,n/a,0,49,3
MNB-01432,Gilby Branch,Gilby,Grand Forks County,ND,58235,48.08698,-97.44073,full_service,3790,2020,leased,triple_net,bank,direct_utility_meter,rtu_gas_heat,natural_gas,2020,R-410A,led,2,True,2,False,n/a,0,51,1
MNB-01433,Hampton Branch,Hampton,Hampton city,VA,23669,37.0338,-76.33723,in_store,530,1984,leased,full_gross,landlord,shared_unmetered,host_building_system,unknown,,unknown,led,0,False,0,False,n/a,0,65,3
MNB-01434,Manchester Branch,Manchester,Essex County,MA,01944,42.56584,-70.78329,full_service,3270,2003,leased,full_gross,landlord,shared_unmetered,rtu_gas_heat,natural_gas,2012,R-410A,led,2,True,2,False,n/a,0,54,3
MNB-01435,Woodstock Valley Branch,Woodstock Valley,Windham County,CT,06282,41.90402,-72.10298,full_service,3510,1963,owned,n/a,bank,landlord_submeter,split_ac_gas_furnace,natural_gas,2020,R-410A,mixed,3,False,1,False,n/a,0,51,1
MNB-01436,Huntingburg Branch,Huntingburg,Dubois County,IN,47542,38.29028,-86.94719,full_service,3950,1962,leased,triple_net,bank,direct_utility_meter,rtu_gas_heat,natural_gas,2007,R-22,mixed,4,True,1,False,n/a,0,44,1
MNB-01437,Chana Branch,Chana,Ogle County,IL,61015,41.97934,-89.19561,full_service,5000,1959,leased,full_gross,landlord,landlord_submeter,split_ac_gas_furnace,natural_gas,1999,R-22,fluorescent,1,True,2,False,n/a,0,48,3
MNB-01438,Scottsdale Branch #2,Scottsdale,Maricopa County,AZ,85256,33.48774,-111.86785,in_store,700,2021,leased,full_gross,landlord,shared_unmetered,host_building_system,unknown,,unknown,led,0,False,0,False,n/a,0,64,3
MNB-01439,Houston Branch #5,Houston,Harris County,TX,77075,29.63106,-95.26149,in_store,490,1968,leased,full_gross,landlord,landlord_submeter,host_building_system,unknown,,unknown,led,0,False,0,False,n/a,0,73,3
MNB-01440,Magnolia Branch,Magnolia,Putnam County,IL,61336,41.09735,-89.22465,full_service,6190,1995,leased,modified_gross,bank,direct_utility_meter,split_ac_gas_furnace,natural_gas,2019,R-410A,fluorescent,2,False,1,False,n/a,0,45,1
MNB-01441,East Berkshire Branch,East Berkshire,Franklin County,VT,05447,44.9313,-72.69243,full_service,5570,1991,leased,modified_gross,bank,direct_utility_meter,rtu_gas_heat,natural_gas,2016,R-410A,led,4,False,0,True,diesel,0,42,1
MNB-01442,Nazareth Branch,Nazareth,Northampton County,PA,18064,40.74236,-75.32402,in_store,510,1983,leased,modified_gross,bank,direct_utility_meter,host_building_system,unknown,,unknown,led,1,False,0,False,n/a,0,75,1
MNB-01443,Rockwood Branch,Rockwood,Coleman County,TX,76873,31.5078,-99.39337,in_store,880,1998,leased,modified_gross,bank,direct_utility_meter,host_building_system,unknown,,unknown,mixed,0,False,0,False,n/a,0,64,1
MNB-01444,Crawfordville Branch,Crawfordville,Taliaferro County,GA,30631,33.57064,-82.87975,full_service,4630,1950,leased,full_gross,landlord,shared_unmetered,heat_pump,electricity,2016,R-410A,mixed,2,True,1,False,n/a,0,49,3
MNB-01445,Bluejacket Branch,Bluejacket,Craig County,OK,74333,36.78006,-95.0883,in_store,620,1988,leased,full_gross,landlord,landlord_submeter,host_building_system,unknown,,unknown,mixed,0,False,0,False,n/a,0,71,3
MNB-01446,Adams Run Branch,Adams Run,Charleston County,SC,29426,32.76385,-80.32979,full_service,4670,1995,owned,n/a,bank,direct_utility_meter,rtu_electric_heat,electricity,2023,R-410A,led,4,False,3,False,n/a,0,46,1
MNB-01447,Greenville Branch,Greenville,Greenville County,SC,29611,34.85365,-82.44444,full_service,4160,2014,leased,triple_net,bank,direct_utility_meter,heat_pump,electricity,2014,R-410A,led,3,True,1,False,n/a,0,45,1
MNB-01448,Austinburg Branch,Austinburg,Ashtabula County,OH,44010,41.76775,-80.86409,in_store,740,2008,leased,full_gross,landlord,shared_unmetered,host_building_system,unknown,,unknown,fluorescent,0,False,0,False,n/a,0,61,3
MNB-01449,Wood Dale Branch,Wood Dale,DuPage County,IL,60191,41.93363,-87.99115,in_store,680,2017,leased,full_gross,landlord,landlord_submeter,host_building_system,unknown,,unknown,led,1,False,0,False,n/a,0,66,3
MNB-01450,Parkers Lake Branch,Parkers Lake,McCreary County,KY,42634,36.83885,-84.43128,drive_thru_only,910,1987,leased,full_gross,landlord,shared_unmetered,rtu_gas_heat,natural_gas,2017,R-410A,fluorescent,2,True,0,False,n/a,0,48,3
MNB-01451,Allred Branch,Allred,Overton County,TN,38542,36.33828,-85.19845,full_service,2280,1967,owned,n/a,bank,direct_utility_meter,rtu_electric_heat,electricity,2019,R-410A,fluorescent,2,False,2,False,n/a,0,48,1
MNB-01452,Towanda Branch,Towanda,Bradford County,PA,18848,41.76196,-76.45862,full_service,4910,1989,leased,triple_net,bank,direct_utility_meter,rtu_gas_heat,natural_gas,2018,R-410A,fluorescent,1,True,3,False,n/a,0,51,2
MNB-01453,Loxahatchee Branch,Loxahatchee,Palm Beach County,FL,33470,26.7449,-80.25797,in_store,590,2023,leased,full_gross,landlord,shared_unmetered,host_building_system,unknown,,unknown,led,1,False,0,False,n/a,0,60,1
MNB-01454,Newhall Branch,Newhall,Los Angeles County,CA,91321,34.37106,-118.53566,full_service,5300,1974,owned,n/a,bank,direct_utility_meter,rtu_gas_heat,natural_gas,2009,R-22,mixed,3,False,1,False,n/a,0,45,1
MNB-01455,Westhoff Branch,Westhoff,DeWitt County,TX,77994,29.17777,-97.46662,full_service,4850,1970,leased,modified_gross,bank,direct_utility_meter,rtu_gas_heat,natural_gas,1998,R-22,fluorescent,3,False,2,False,n/a,0,53,1
MNB-01456,Government Camp Branch,Government Camp,Clackamas County,OR,97028,45.27775,-121.7371,full_service,3780,2022,leased,full_gross,landlord,shared_unmetered,rtu_gas_heat,natural_gas,2022,R-410A,led,4,False,2,False,n/a,0,42,3
MNB-01457,Racine Branch,Racine,Meigs County,OH,45771,38.95047,-81.93257,full_service,5700,2022,owned,n/a,bank,landlord_submeter,rtu_gas_heat,natural_gas,2022,R-410A,led,2,False,2,False,n/a,0,49,1
MNB-01458,Rancho Mirage Branch,Rancho Mirage,Riverside County,CA,92270,33.77561,-116.4131,full_service,4460,1968,leased,full_gross,landlord,shared_unmetered,split_ac_gas_furnace,natural_gas,2024,R-410A,mixed,2,True,1,True,diesel,0,52,3
MNB-01459,Falls Church Branch,Falls Church,Fairfax County,VA,22042,38.85168,-77.19615,full_service,4410,2012,leased,triple_net,bank,direct_utility_meter,rtu_gas_heat,natural_gas,2012,R-410A,led,1,False,0,False,n/a,0,51,2
MNB-01460,Benton Harbor Branch,Benton Harbor,Berrien County,MI,49022,42.10313,-86.43531,express,1730,1991,leased,triple_net,bank,direct_utility_meter,heat_pump,electricity,2013,R-410A,mixed,4,False,0,False,n/a,0,53,2
MNB-01461,Marfa Branch,Marfa,Presidio County,TX,79843,30.27636,-104.08401,full_service,6950,1995,owned,n/a,bank,direct_utility_meter,heat_pump,electricity,2004,R-22,mixed,1,False,0,True,diesel,0,46,1
MNB-01462,North Fort Myers Branch,North Fort Myers,Lee County,FL,33917,26.71878,-81.84146,full_service,3390,1996,owned,n/a,bank,direct_utility_meter,rtu_electric_heat,electricity,2008,R-22,mixed,3,False,0,False,n/a,0,52,1
MNB-01463,Lawrenceburg Branch,Lawrenceburg,Anderson County,KY,40342,38.01681,-84.91868,full_service,3810,2023,leased,modified_gross,bank,direct_utility_meter,rtu_gas_heat,natural_gas,2023,R-410A,led,3,False,3,False,n/a,0,53,1
MNB-01464,Kansasville Branch,Kansasville,Racine County,WI,53139,42.69245,-88.11328,full_service,2890,1971,leased,triple_net,bank,direct_utility_meter,rtu_gas_heat,natural_gas,1999,R-22,led,4,False,1,False,n/a,0,47,1
MNB-01465,Visalia Branch,Visalia,Tulare County,CA,93292,36.33474,-119.28657,full_service,5220,2013,owned,n/a,bank,direct_utility_meter,rtu_gas_heat,natural_gas,2013,R-410A,led,1,True,3,False,n/a,0,48,3
MNB-01466,Roanoke Rapids Branch,Roanoke Rapids,Halifax County,NC,27870,36.45153,-77.66926,full_service,3520,1950,leased,modified_gross,bank,direct_utility_meter,rtu_electric_heat,electricity,2003,R-22,mixed,1,False,3,False,n/a,0,47,1
MNB-01467,Wellington Branch,Wellington,Carbon County,UT,84542,39.54615,-110.73726,full_service,3640,2004,owned,n/a,bank,direct_utility_meter,heat_pump,electricity,2004,R-22,led,4,False,3,True,diesel,0,46,1
MNB-01468,Needville Branch,Needville,Fort Bend County,TX,77461,29.41456,-95.83589,full_service,3590,2006,leased,triple_net,bank,direct_utility_meter,rtu_gas_heat,natural_gas,2019,R-410A,led,3,True,3,False,n/a,0,46,1
MNB-01469,Sturbridge Branch,Sturbridge,Worcester County,MA,01566,42.13153,-72.08073,full_service,4270,2011,leased,triple_net,bank,direct_utility_meter,heat_pump,electricity,2011,R-410A,led,1,False,1,False,n/a,0,44,1
MNB-01470,West Milton Branch,West Milton,Union County,PA,17886,41.00509,-76.8748,full_service,2880,2021,owned,n/a,bank,direct_utility_meter,split_ac_gas_furnace,natural_gas,2023,R-410A,mixed,4,False,0,False,n/a,0,48,3
MNB-01471,Hughesville Branch,Hughesville,Lycoming County,PA,17737,41.25534,-76.69382,full_service,2200,2011,leased,modified_gross,bank,landlord_submeter,split_ac_gas_furnace,natural_gas,2024,R-410A,led,3,True,3,False,n/a,0,54,1
MNB-01472,Rossiter Branch,Rossiter,Indiana County,PA,15772,40.89819,-78.92529,full_service,4810,2010,leased,triple_net,bank,direct_utility_meter,heat_pump,electricity,2019,R-410A,led,2,True,2,False,n/a,0,42,1
MNB-01473,Houston Branch #6,Houston,Harris County,TX,77051,29.67307,-95.36121,in_store,380,1977,leased,modified_gross,bank,direct_utility_meter,host_building_system,unknown,,unknown,mixed,0,False,0,False,n/a,0,75,2
MNB-01474,Tampa Branch #3,Tampa,Hillsborough County,FL,33619,27.92114,-82.37106,in_store,800,2024,leased,modified_gross,landlord,shared_unmetered,host_building_system,unknown,,unknown,mixed,0,False,0,False,n/a,0,63,3
MNB-01475,Emeryville Branch,Emeryville,Alameda County,CA,94608,37.83275,-122.28146,full_service,6700,1994,owned,n/a,bank,direct_utility_meter,split_ac_gas_furnace,natural_gas,2002,R-22,mixed,4,False,1,False,n/a,0,51,1
MNB-01476,Winslow Branch,Winslow,Navajo County,AZ,86047,35.0405,-110.71253,drive_thru_only,950,1990,owned,n/a,bank,direct_utility_meter,rtu_electric_heat,electricity,2021,R-410A,mixed,3,False,1,False,n/a,0,54,1
MNB-01477,Waco Branch,Waco,McLennan County,TX,76705,31.6464,-97.09889,in_store,890,1996,leased,full_gross,landlord,landlord_submeter,host_building_system,unknown,,unknown,fluorescent,1,False,0,False,n/a,0,75,3
MNB-01478,Danville Branch,Danville,Montour County,PA,17821,40.98224,-76.62168,full_service,4160,1989,leased,triple_net,bank,direct_utility_meter,rtu_gas_heat,natural_gas,2010,R-410A,mixed,2,False,3,False,n/a,0,52,1
MNB-01479,Makawao Branch,Makawao,Maui County,HI,96768,20.84429,-156.32995,full_service,6780,2002,owned,n/a,bank,landlord_submeter,rtu_gas_heat,natural_gas,2022,R-410A,mixed,4,True,1,False,n/a,0,42,1
MNB-01480,Riceboro Branch,Riceboro,Liberty County,GA,31323,31.73109,-81.46147,in_store,570,1985,leased,full_gross,landlord,shared_unmetered,host_building_system,unknown,,unknown,fluorescent,1,False,0,False,n/a,0,61,3
MNB-01481,Cherry Point Branch,Cherry Point,Craven County,NC,28533,34.90076,-76.89804,full_service,2200,1976,owned,n/a,bank,direct_utility_meter,heat_pump,electricity,2000,R-22,mixed,1,False,2,True,diesel,0,54,1
MNB-01482,Quincy Branch,Quincy,Norfolk County,MA,02169,42.24607,-71.00611,full_service,4100,2021,owned,n/a,bank,direct_utility_meter,rtu_gas_heat,natural_gas,2021,R-410A,led,2,False,1,False,n/a,0,44,1
MNB-01483,Cliffwood Branch,Cliffwood,Monmouth County,NJ,07721,40.43479,-74.244,full_service,7010,2021,leased,modified_gross,bank,direct_utility_meter,split_ac_gas_furnace,propane,2024,R-410A,fluorescent,4,False,0,False,n/a,0,54,1
MNB-01484,Norfolk Branch,Norfolk,Norfolk County,MA,02056,42.11864,-71.30949,full_service,4930,1996,leased,full_gross,landlord,landlord_submeter,rtu_gas_heat,natural_gas,2022,R-410A,mixed,2,False,3,False,n/a,0,53,3
MNB-01485,Wisner Branch,Wisner,Cuming County,NE,68791,41.98986,-96.90775,flagship,11390,2023,owned,n/a,bank,direct_utility_meter,heat_pump,electricity,2024,R-410A,mixed,2,True,0,True,diesel,0,57,1
MNB-01486,Dallas Branch #5,Dallas,Dallas County,TX,75223,32.80059,-96.75219,full_service,4630,1990,owned,n/a,bank,direct_utility_meter,rtu_gas_heat,natural_gas,2010,R-410A,led,3,True,0,False,n/a,0,46,1
MNB-01487,Orange Branch,Orange,Franklin County,MA,01364,42.64787,-72.29369,full_service,5620,1988,owned,n/a,bank,direct_utility_meter,rtu_gas_heat,natural_gas,2014,R-410A,led,1,False,0,False,n/a,0,45,2
MNB-01488,Vero Beach Branch,Vero Beach,Indian River County,FL,32963,27.66848,-80.37693,full_service,4090,2020,owned,n/a,bank,direct_utility_meter,heat_pump,electricity,2020,R-410A,led,1,False,1,True,diesel,0,50,3
MNB-01489,Sardis Branch,Sardis,Monroe County,OH,43946,39.65649,-80.92392,full_service,8000,2004,leased,triple_net,bank,direct_utility_meter,rtu_gas_heat,natural_gas,2004,R-22,mixed,1,False,1,True,diesel,0,52,1
MNB-01490,Quincy Branch #2,Quincy,Norfolk County,MA,02171,42.27338,-71.01843,express,1580,2012,leased,modified_gross,bank,landlord_submeter,rtu_gas_heat,natural_gas,2021,R-410A,fluorescent,4,False,0,False,n/a,0,44,1
MNB-01491,Cape Canaveral Branch,Cape Canaveral,Brevard County,FL,32920,28.39723,-80.57388,drive_thru_only,1280,1990,owned,n/a,bank,direct_utility_meter,heat_pump,electricity,2020,R-410A,mixed,1,False,3,False,n/a,0,50,2
MNB-01492,Gentryville Branch,Gentryville,Spencer County,IN,47537,38.08606,-87.04182,express,2170,1989,leased,triple_net,bank,landlord_submeter,rtu_gas_heat,natural_gas,2000,R-22,led,1,False,0,False,n/a,0,47,2
MNB-01493,Dequincy Branch,Dequincy,Calcasieu Parish,LA,70633,30.43024,-93.40715,full_service,3400,1961,leased,triple_net,bank,direct_utility_meter,rtu_electric_heat,electricity,2010,R-410A,led,3,False,0,False,n/a,0,44,1
MNB-01494,Palm Springs Branch,Palm Springs,Riverside County,CA,92262,33.85551,-116.55494,full_service,3690,2023,owned,n/a,bank,direct_utility_meter,rtu_gas_heat,natural_gas,2023,R-410A,mixed,4,True,2,False,n/a,0,50,2
MNB-01495,Marengo Branch,Marengo,Iowa County,IA,52301,41.78861,-92.07782,full_service,5700,1975,owned,n/a,bank,direct_utility_meter,rtu_gas_heat,natural_gas,2019,R-410A,led,1,False,1,False,n/a,0,47,2
MNB-01496,Oradell Branch,Oradell,Bergen County,NJ,07649,40.96708,-74.01875,full_service,4380,1996,leased,triple_net,bank,direct_utility_meter,heat_pump,electricity,2010,R-410A,led,3,False,2,False,n/a,0,50,1
MNB-01497,Columbus Branch #2,Columbus,Muscogee County,GA,31903,32.39637,-84.94327,express,1950,1964,owned,n/a,bank,direct_utility_meter,heat_pump,electricity,2023,R-410A,mixed,4,False,0,False,n/a,0,50,1
MNB-01498,Chippewa Lake Branch,Chippewa Lake,Medina County,OH,44215,41.08439,-81.95437,full_service,2570,2005,owned,n/a,bank,direct_utility_meter,rtu_gas_heat,natural_gas,2009,R-22,led,3,True,0,False,n/a,0,45,1
MNB-01499,Marshallberg Branch,Marshallberg,Carteret County,NC,28553,34.731,-76.50921,full_service,5110,1988,owned,n/a,bank,direct_utility_meter,rtu_gas_heat,natural_gas,2011,R-410A,led,3,False,0,False,n/a,0,46,1
MNB-01500,Valentine Branch,Valentine,Mohave County,AZ,86437,35.39173,-113.59108,full_service,4570,2012,leased,triple_net,bank,direct_utility_meter,rtu_gas_heat,natural_gas,2012,R-410A,led,4,False,3,False,n/a,0,49,1
MNB-01501,Mahwah Branch,Mahwah,Bergen County,NJ,07495,41.08926,-74.18835,drive_thru_only,980,1998,leased,modified_gross,bank,direct_utility_meter,split_ac_gas_furnace,natural_gas,2020,R-410A,led,1,False,3,False,n/a,0,52,1
MNB-01502,Dalton Branch,Dalton,Berkshire County,MA,01226,42.46503,-73.14207,full_service,4680,1966,leased,modified_gross,bank,direct_utility_meter,boiler_with_split_ac,natural_gas,2011,R-410A,mixed,4,True,3,False,n/a,0,42,2
MNB-01503,Loomis Branch,Loomis,Placer County,CA,95650,38.80885,-121.20306,in_store,580,1951,leased,full_gross,landlord,shared_unmetered,host_building_system,unknown,,unknown,mixed,1,False,0,False,n/a,0,76,3
MNB-01504,Ocean Grove Branch,Ocean Grove,Monmouth County,NJ,07756,40.2114,-73.99804,in_store,560,1974,leased,modified_gross,bank,direct_utility_meter,host_building_system,unknown,,unknown,led,1,False,0,False,n/a,0,62,2
MNB-01505,Quitman Branch,Quitman,Wood County,TX,75783,32.8083,-95.4303,drive_thru_only,940,2010,owned,n/a,bank,landlord_submeter,split_ac_gas_furnace,natural_gas,2018,R-410A,led,4,False,0,False,n/a,0,46,1
MNB-01506,Mount Victory Branch,Mount Victory,Hardin County,OH,43340,40.53621,-83.5224,full_service,3650,2016,leased,triple_net,bank,direct_utility_meter,rtu_gas_heat,natural_gas,2016,R-410A,led,4,True,2,False,n/a,0,53,1
MNB-01507,Saint Francis Branch,Saint Francis,Cheyenne County,KS,67756,39.65922,-101.90395,full_service,8000,1985,leased,triple_net,bank,direct_utility_meter,split_ac_gas_furnace,natural_gas,2002,R-22,led,2,False,1,False,n/a,0,52,1
MNB-01508,Daytona Beach Branch,Daytona Beach,Volusia County,FL,32118,29.23359,-80.99569,full_service,5520,1998,leased,modified_gross,bank,direct_utility_meter,rtu_gas_heat,natural_gas,2023,R-410A,mixed,3,True,2,False,n/a,0,48,1
MNB-01509,Elgin Branch,Elgin,Wabasha County,MN,55932,44.1359,-92.24913,drive_thru_only,780,1976,owned,n/a,bank,direct_utility_meter,rtu_gas_heat,natural_gas,2020,R-410A,led,3,False,1,False,n/a,0,46,1
MNB-01510,Bethesda Branch,Bethesda,Montgomery County,MD,20814,38.99785,-77.09518,flagship,30000,2018,leased,triple_net,bank,landlord_submeter,split_ac_gas_furnace,natural_gas,2018,R-410A,led,1,False,0,True,diesel,0,57,2
MNB-01511,Dallas Branch,Dallas,Marshall County,WV,26036,39.96065,-80.55574,full_service,3680,2023,owned,n/a,bank,direct_utility_meter,rtu_gas_heat,natural_gas,2023,R-410A,led,4,False,2,True,diesel,0,53,1
MNB-01512,Gales Creek Branch,Gales Creek,Washington County,OR,97117,45.60174,-123.25634,full_service,4230,2011,owned,n/a,bank,direct_utility_meter,rtu_gas_heat,natural_gas,2018,R-410A,led,2,True,0,False,n/a,0,48,1
MNB-01513,Lopeno Branch,Lopeno,Zapata County,TX,78564,26.68243,-99.1017,full_service,5490,1961,leased,modified_gross,landlord,shared_unmetered,heat_pump,electricity,2017,R-410A,led,3,True,1,False,n/a,0,53,2
MNB-01514,Glen Cove Branch,Glen Cove,Nassau County,NY,11542,40.87278,-73.6067,full_service,2320,1992,owned,n/a,bank,direct_utility_meter,heat_pump,electricity,2005,R-22,led,3,False,2,False,n/a,0,43,1
MNB-01515,Jefferson Branch,Jefferson,Coos County,NH,03583,44.38199,-71.43825,full_service,3910,2024,owned,n/a,bank,direct_utility_meter,rtu_gas_heat,propane,2024,R-410A,mixed,1,False,2,False,n/a,0,47,1
MNB-01516,Pittsburg Branch,Pittsburg,Coos County,NH,03592,45.08724,-71.38745,full_service,3530,1975,leased,full_gross,landlord,shared_unmetered,rtu_gas_heat,natural_gas,1998,R-22,mixed,1,True,2,False,n/a,0,47,3
MNB-01517,Twin City Branch,Twin City,Emanuel County,GA,30471,32.61147,-82.21608,drive_thru_only,1050,2007,leased,modified_gross,bank,direct_utility_meter,heat_pump,electricity,2007,R-22,led,4,True,1,False,n/a,0,48,1
MNB-01518,Fork Branch,Fork,Dillon County,SC,29543,34.30133,-79.26025,full_service,4690,2021,leased,modified_gross,landlord,landlord_submeter,heat_pump,electricity,2021,R-410A,led,3,False,2,False,n/a,0,52,3
MNB-01519,Chewelah Branch,Chewelah,Stevens County,WA,99109,48.28546,-117.79452,full_service,4100,2013,owned,n/a,bank,direct_utility_meter,rtu_gas_heat,natural_gas,2018,R-410A,led,2,False,3,False,n/a,0,47,3
MNB-01520,Cedar Branch,Cedar,Leelanau County,MI,49621,44.85217,-85.81327,full_service,4040,2003,leased,triple_net,bank,direct_utility_meter,split_ac_gas_furnace,natural_gas,2019,R-410A,led,3,False,0,False,n/a,0,54,1
MNB-01521,Rabun Gap Branch,Rabun Gap,Rabun County,GA,30568,34.94732,-83.40558,full_service,5780,1996,owned,n/a,bank,direct_utility_meter,heat_pump,electricity,2020,R-410A,led,3,False,3,True,diesel,0,47,1
MNB-01522,Evanston Branch,Evanston,Spencer County,IN,47531,38.03767,-86.85356,in_store,700,2021,leased,modified_gross,bank,direct_utility_meter,host_building_system,unknown,,unknown,led,0,False,0,False,n/a,0,70,1
MNB-01523,Ripon Branch,Ripon,San Joaquin County,CA,95366,37.75554,-121.11907,full_service,4250,1989,owned,n/a,bank,direct_utility_meter,boiler_with_split_ac,natural_gas,2012,R-410A,mixed,4,False,0,False,n/a,0,54,3
MNB-01524,Fremont Branch,Fremont,Alameda County,CA,94539,37.51297,-121.92149,full_service,4390,2019,owned,n/a,bank,direct_utility_meter,rtu_gas_heat,natural_gas,2019,R-410A,led,3,False,3,False,n/a,0,51,1
MNB-01525,Alpine Branch,Alpine,Talladega County,AL,35014,33.40116,-86.24048,full_service,7280,1991,leased,modified_gross,bank,direct_utility_meter,rtu_gas_heat,natural_gas,1998,R-22,led,1,True,0,True,diesel,0,48,1
MNB-01526,Ashfield Branch,Ashfield,Franklin County,MA,01330,42.50439,-72.81307,full_service,4420,2012,owned,n/a,bank,direct_utility_meter,rtu_gas_heat,natural_gas,2014,R-410A,led,4,True,0,False,n/a,0,48,2
MNB-01527,Nineveh Branch,Nineveh,Broome County,NY,13813,42.16716,-75.5718,in_store,570,2020,leased,full_gross,landlord,shared_unmetered,host_building_system,unknown,,unknown,led,0,False,0,False,n/a,0,72,3
MNB-01528,Omaha Branch,Omaha,Douglas County,NE,68164,41.27438,-96.10479,full_service,2360,1999,owned,n/a,bank,direct_utility_meter,rtu_gas_heat,natural_gas,2006,R-22,led,2,False,3,False,n/a,0,54,1
MNB-01529,Carson City Branch,Carson City,Montcalm County,MI,48811,43.17852,-84.86521,full_service,2730,1982,owned,n/a,bank,direct_utility_meter,rtu_gas_heat,natural_gas,2013,R-410A,led,1,True,1,True,diesel,0,53,1
MNB-01530,Benicia Branch,Benicia,Solano County,CA,94510,38.07004,-122.15938,full_service,3650,1957,owned,n/a,bank,direct_utility_meter,boiler_with_split_ac,natural_gas,2007,R-22,mixed,3,False,2,False,n/a,0,47,1
MNB-01531,Fort Stewart Branch,Fort Stewart,Liberty County,GA,31314,31.89874,-81.62725,full_service,4060,2015,owned,n/a,bank,landlord_submeter,rtu_gas_heat,natural_gas,2015,R-410A,led,4,False,3,False,n/a,0,51,2
MNB-01532,Chicago Branch,Chicago,Cook County,IL,60649,41.7488,-87.56737,full_service,3550,2004,owned,n/a,bank,direct_utility_meter,rtu_gas_heat,natural_gas,2016,R-410A,mixed,3,False,1,False,n/a,0,44,1
MNB-01533,Elwell Branch,Elwell,Gratiot County,MI,48832,43.40937,-84.76627,full_service,4660,1978,owned,n/a,bank,direct_utility_meter,split_ac_gas_furnace,natural_gas,2011,R-410A,mixed,1,False,3,True,diesel,0,47,1
MNB-01534,Myrtle Beach Branch,Myrtle Beach,Horry County,SC,29579,33.75928,-78.97527,express,1560,2018,owned,n/a,bank,direct_utility_meter,rtu_electric_heat,electricity,2018,R-410A,led,2,False,0,False,n/a,0,42,1
MNB-01535,Mount Croghan Branch,Mount Croghan,Chesterfield County,SC,29727,34.7582,-80.23078,full_service,3190,2020,leased,triple_net,bank,direct_utility_meter,rtu_electric_heat,electricity,2020,R-410A,fluorescent,1,False,3,False,n/a,0,46,1
MNB-01536,Atlanta Branch,Atlanta,Hamilton County,IN,46031,40.20195,-86.02015,full_service,5040,2019,leased,modified_gross,landlord,shared_unmetered,heat_pump,electricity,2019,R-410A,led,3,True,3,False,n/a,0,51,3
MNB-01537,Wilton Branch,Wilton,Sacramento County,CA,95693,38.40099,-121.22649,full_service,6330,2002,owned,n/a,bank,direct_utility_meter,rtu_gas_heat,natural_gas,2007,R-22,mixed,2,True,0,False,n/a,0,46,3
MNB-01538,Boyce Branch,Boyce,Clarke County,VA,22620,39.06982,-78.02253,in_store,490,2023,leased,full_gross,landlord,shared_unmetered,host_building_system,unknown,,unknown,led,1,False,0,False,n/a,0,72,3
MNB-01539,Nashville Branch,Nashville,Davidson County,TN,37214,36.16668,-86.66866,full_service,4510,2018,owned,n/a,bank,direct_utility_meter,rtu_electric_heat,electricity,2018,R-410A,led,4,False,0,False,n/a,0,54,3
MNB-01540,Maplewood Branch,Maplewood,Essex County,NJ,07040,40.71952,-74.25933,express,1110,1963,owned,n/a,bank,direct_utility_meter,rtu_gas_heat,natural_gas,1999,R-22,fluorescent,4,True,0,False,n/a,0,54,1
MNB-01541,Charlotte Branch #3,Charlotte,Mecklenburg County,NC,28203,35.20703,-80.86496,full_service,2690,2024,leased,modified_gross,bank,direct_utility_meter,split_ac_gas_furnace,natural_gas,2024,R-410A,led,3,False,2,False,n/a,0,46,1
MNB-01542,Shelby Branch #2,Shelby,Cleveland County,NC,28150,35.29282,-81.55217,drive_thru_only,860,1999,owned,n/a,bank,direct_utility_meter,rtu_gas_heat,natural_gas,2012,R-410A,led,4,True,3,False,n/a,0,54,1
MNB-01543,Washington Branch #4,Washington,District of Columbia,DC,20015,38.96742,-77.06766,in_store,860,2020,leased,modified_gross,landlord,shared_unmetered,host_building_system,unknown,,unknown,fluorescent,1,False,0,False,n/a,0,74,1
MNB-01544,Longview Branch #2,Longview,Gregg County,TX,75603,32.4318,-94.71535,full_service,3320,2012,leased,modified_gross,landlord,landlord_submeter,split_ac_gas_furnace,natural_gas,2023,R-410A,led,2,True,1,False,n/a,0,54,3
MNB-01545,Fort Duchesne Branch,Fort Duchesne,Uintah County,UT,84026,40.29867,-109.86764,full_service,3280,2005,owned,n/a,bank,direct_utility_meter,rtu_gas_heat,propane,2013,R-410A,mixed,2,False,2,False,n/a,0,54,1
MNB-01546,Transfer Branch,Transfer,Mercer County,PA,16154,41.30502,-80.4258,full_service,4240,1983,owned,n/a,bank,direct_utility_meter,split_ac_gas_furnace,natural_gas,2000,R-22,mixed,3,False,3,False,n/a,0,44,3
MNB-01547,Jeromesville Branch,Jeromesville,Ashland County,OH,44840,40.82526,-82.20585,drive_thru_only,1000,1953,owned,n/a,bank,direct_utility_meter,split_ac_gas_furnace,propane,2019,R-410A,mixed,2,False,0,False,n/a,0,47,3
MNB-01548,Santa Ana Branch,Santa Ana,Orange County,CA,92706,33.77347,-117.88091,drive_thru_only,820,1979,owned,n/a,bank,direct_utility_meter,rtu_gas_heat,natural_gas,2011,R-410A,fluorescent,4,True,0,False,n/a,0,53,1
MNB-01549,Eckerman Branch,Eckerman,Chippewa County,MI,49728,46.40009,-85.01082,full_service,7620,2008,leased,triple_net,bank,direct_utility_meter,rtu_gas_heat,natural_gas,2014,R-410A,led,2,True,0,False,n/a,0,50,2
MNB-01550,Denver Branch #2,Denver,Denver County,CO,80210,39.67563,-104.9529,full_service,3870,2017,owned,n/a,bank,direct_utility_meter,rtu_gas_heat,natural_gas,2018,R-410A,led,3,False,2,False,n/a,0,49,2
MNB-01551,Kalamazoo Branch #2,Kalamazoo,Kalamazoo County,MI,49006,42.27419,-85.63938,full_service,4340,1950,owned,n/a,bank,landlord_submeter,rtu_gas_heat,natural_gas,2015,R-410A,led,1,True,1,False,n/a,0,42,1
MNB-01552,Saratoga Branch,Saratoga,Santa Clara County,CA,95070,37.259,-121.99996,full_service,3720,1973,owned,n/a,bank,direct_utility_meter,rtu_gas_heat,natural_gas,2009,R-22,led,2,True,0,False,n/a,0,42,2
MNB-01553,Allen Branch,Allen,Hillsdale County,MI,49227,41.95055,-84.77226,in_store,720,2007,leased,full_gross,landlord,shared_unmetered,host_building_system,unknown,,unknown,led,1,False,0,False,n/a,0,66,3
MNB-01554,Meredith Branch,Meredith,Belknap County,NH,03253,43.64584,-71.5102,full_service,6080,1980,owned,n/a,bank,direct_utility_meter,rtu_gas_heat,natural_gas,2007,R-22,led,3,False,2,False,n/a,0,50,1
MNB-01555,Charlotte Branch #4,Charlotte,Mecklenburg County,NC,28280,35.21943,-80.85502,full_service,6910,1967,leased,triple_net,bank,direct_utility_meter,rtu_electric_heat,electricity,2015,R-410A,mixed,4,True,0,False,n/a,0,45,1
MNB-01556,Fanwood Branch,Fanwood,Union County,NJ,07023,40.64958,-74.40761,drive_thru_only,820,1960,owned,n/a,bank,direct_utility_meter,boiler_with_split_ac,fuel_oil,2013,R-410A,mixed,2,False,0,False,n/a,0,45,1
MNB-01557,Eckert Branch,Eckert,Delta County,CO,81418,38.83854,-107.94411,in_store,850,2005,leased,full_gross,landlord,shared_unmetered,host_building_system,unknown,,unknown,led,0,False,0,False,n/a,0,75,3
MNB-01558,Laredo Branch,Laredo,Webb County,TX,78040,27.51148,-99.48715,in_store,740,2002,leased,full_gross,landlord,shared_unmetered,host_building_system,unknown,,unknown,led,0,False,0,False,n/a,0,62,2
MNB-01559,Buena Vista Branch,Buena Vista,Carroll County,TN,38318,35.9414,-88.28539,full_service,5620,2017,leased,triple_net,bank,direct_utility_meter,heat_pump,electricity,2017,R-410A,fluorescent,2,False,1,False,n/a,0,48,1
MNB-01560,Leicester Branch,Leicester,Buncombe County,NC,28748,35.66028,-82.72135,express,1750,1982,leased,triple_net,bank,landlord_submeter,heat_pump,electricity,2021,R-410A,led,4,True,0,False,n/a,0,48,3
MNB-01561,Chesnee Branch,Chesnee,Spartanburg County,SC,29323,35.10898,-81.84606,full_service,3970,1966,leased,triple_net,bank,direct_utility_meter,rtu_gas_heat,natural_gas,2013,R-410A,mixed,1,True,0,True,diesel,0,45,3
MNB-01562,San Antonio Branch #4,San Antonio,Bexar County,TX,78284,29.42373,-98.49552,full_service,5560,2014,owned,n/a,bank,landlord_submeter,rtu_electric_heat,electricity,2014,R-410A,led,2,True,3,False,n/a,0,42,3
MNB-01563,Cross River Branch,Cross River,Westchester County,NY,10518,41.25562,-73.60523,full_service,5590,2024,owned,n/a,bank,direct_utility_meter,split_ac_gas_furnace,natural_gas,2024,R-410A,led,1,True,2,False,n/a,0,51,1
MNB-01564,Phoenix Branch,Phoenix,Baltimore County,MD,21131,39.47692,-76.56035,express,2660,1986,owned,n/a,bank,landlord_submeter,rtu_gas_heat,propane,2024,R-410A,led,4,False,0,False,n/a,0,49,1
MNB-01565,Southfield Branch,Southfield,Oakland County,MI,48033,42.45731,-83.28609,full_service,4450,2018,leased,modified_gross,bank,direct_utility_meter,split_ac_gas_furnace,natural_gas,2018,R-410A,led,4,False,2,False,n/a,0,44,2
MNB-01566,Fayetteville Branch #2,Fayetteville,Cumberland County,NC,28312,34.95982,-78.71439,drive_thru_only,970,2012,leased,triple_net,bank,direct_utility_meter,heat_pump,electricity,2012,R-410A,fluorescent,3,True,2,False,n/a,0,49,1
MNB-01567,Columbus Branch #2,Columbus,Franklin County,OH,43231,40.07541,-82.93532,in_store,350,2020,leased,modified_gross,bank,direct_utility_meter,host_building_system,unknown,,unknown,led,0,False,0,False,n/a,0,76,2
MNB-01568,Stoughton Branch,Stoughton,Norfolk County,MA,02072,42.1538,-71.11216,drive_thru_only,660,1991,leased,triple_net,bank,landlord_submeter,rtu_gas_heat,natural_gas,2003,R-22,mixed,2,False,1,False,n/a,0,45,2
MNB-01569,Easton Branch,Easton,Mason County,IL,62633,40.20705,-89.89764,in_store,580,1963,leased,full_gross,landlord,landlord_submeter,host_building_system,unknown,,unknown,mixed,0,False,0,False,n/a,0,72,3
MNB-01570,Hartford Branch,Hartford,Cocke County,TN,37753,35.82804,-83.12176,express,1360,1964,leased,modified_gross,bank,direct_utility_meter,heat_pump,electricity,2016,R-410A,mixed,4,False,0,False,n/a,0,51,1
MNB-01571,Maple Lake Branch,Maple Lake,Wright County,MN,55358,45.20666,-93.96714,full_service,5360,2012,owned,n/a,bank,direct_utility_meter,split_ac_gas_furnace,natural_gas,2012,R-410A,mixed,1,False,2,True,diesel,0,44,1
MNB-01572,Cairo Branch,Cairo,Grady County,GA,39828,30.87088,-84.19536,full_service,2830,2017,leased,triple_net,bank,direct_utility_meter,rtu_electric_heat,electricity,2021,R-410A,led,1,True,1,False,n/a,0,53,3
MNB-01573,Angwin Branch,Angwin,Napa County,CA,94508,38.5786,-122.44051,in_store,570,1993,leased,full_gross,landlord,shared_unmetered,host_building_system,unknown,,unknown,mixed,0,False,0,False,n/a,0,63,3
MNB-01574,San Luis Obispo Branch,San Luis Obispo,San Luis Obispo County,CA,93410,35.3192,-120.45506,full_service,3650,1958,owned,n/a,bank,direct_utility_meter,rtu_gas_heat,natural_gas,2003,R-22,fluorescent,4,True,3,False,n/a,0,51,1
MNB-01575,Fort Worth Branch #4,Fort Worth,Tarrant County,TX,76114,32.78244,-97.40474,full_service,6020,1959,owned,n/a,bank,direct_utility_meter,heat_pump,electricity,2006,R-22,mixed,3,False,3,False,n/a,0,46,1
MNB-01576,Owego Branch,Owego,Tioga County,NY,13827,42.13663,-76.25008,in_store,550,2002,leased,full_gross,landlord,shared_unmetered,host_building_system,unknown,,unknown,led,1,False,0,False,n/a,0,61,3
MNB-01577,Upton Branch,Upton,Hardin County,KY,42784,37.45136,-85.89645,full_service,4810,2020,owned,n/a,bank,direct_utility_meter,rtu_gas_heat,natural_gas,2020,R-410A,mixed,2,False,2,False,n/a,0,50,1
MNB-01578,Jerome Branch,Jerome,Phelps County,MO,65529,37.92932,-91.97253,in_store,680,1989,leased,modified_gross,bank,direct_utility_meter,host_building_system,unknown,,unknown,fluorescent,1,False,0,False,n/a,0,65,3
MNB-01579,Chipley Branch,Chipley,Washington County,FL,32428,30.723,-85.5466,full_service,5500,2005,leased,triple_net,bank,direct_utility_meter,split_ac_gas_furnace,natural_gas,2018,R-410A,mixed,1,False,3,True,diesel,0,50,1
MNB-01580,Wheatfield Branch,Wheatfield,Jasper County,IN,46392,41.17593,-87.07946,drive_thru_only,1230,1999,owned,n/a,bank,direct_utility_meter,rtu_gas_heat,natural_gas,2010,R-410A,mixed,2,True,2,False,n/a,0,50,1
MNB-01581,San Antonio Branch #5,San Antonio,Bexar County,TX,78250,29.49843,-98.65839,full_service,4150,2019,owned,n/a,bank,direct_utility_meter,rtu_electric_heat,electricity,2019,R-410A,led,4,True,3,False,n/a,0,45,1
MNB-01582,Bluffton Branch,Bluffton,Llano County,TX,78607,30.79829,-98.55258,full_service,2520,2016,owned,n/a,bank,direct_utility_meter,heat_pump,electricity,2016,R-410A,mixed,4,False,0,False,n/a,0,48,1
MNB-01583,Clearwater Branch,Clearwater,Pinellas County,FL,33756,27.95469,-82.78971,express,1690,1973,leased,triple_net,bank,direct_utility_meter,heat_pump,electricity,2004,R-22,led,3,True,0,False,n/a,0,49,2
MNB-01584,Staten Island Branch #2,Staten Island,Richmond County,NY,10301,40.63024,-74.06186,full_service,4170,2007,leased,triple_net,bank,direct_utility_meter,rtu_gas_heat,natural_gas,2013,R-410A,led,4,True,2,False,n/a,0,45,1
MNB-01585,Woodlake Branch,Woodlake,Tulare County,CA,93286,36.41915,-119.1099,full_service,4570,2017,leased,triple_net,bank,direct_utility_meter,split_ac_gas_furnace,natural_gas,2017,R-410A,led,2,True,2,True,diesel,0,48,1
MNB-01586,Lothian Branch,Lothian,Anne Arundel County,MD,20711,38.80442,-76.6657,full_service,3360,2021,owned,n/a,bank,direct_utility_meter,rtu_gas_heat,natural_gas,2021,R-410A,led,3,False,0,False,n/a,0,51,1
MNB-01587,Ceres Branch,Ceres,Stanislaus County,CA,95307,37.5763,-120.94969,full_service,5910,2002,owned,n/a,bank,landlord_submeter,rtu_gas_heat,natural_gas,2020,R-410A,fluorescent,2,False,1,False,n/a,0,42,2
MNB-01588,Anaheim Branch,Anaheim,Orange County,CA,92804,33.81226,-117.97845,full_service,4210,1970,owned,n/a,bank,direct_utility_meter,heat_pump,electricity,2005,R-22,led,4,False,3,False,n/a,0,43,3
MNB-01589,Bertrand Branch,Bertrand,Mississippi County,MO,63823,36.89998,-89.43586,full_service,3180,2000,leased,triple_net,bank,direct_utility_meter,split_ac_gas_furnace,natural_gas,2005,R-22,led,1,False,3,False,n/a,0,48,3
MNB-01590,Otter Lake Branch,Otter Lake,Lapeer County,MI,48464,43.20224,-83.41853,express,1600,2006,leased,triple_net,bank,landlord_submeter,rtu_gas_heat,natural_gas,2018,R-410A,led,3,False,0,False,n/a,0,42,1
MNB-01591,Lincoln Branch,Lincoln,Lancaster County,NE,68516,40.76937,-96.65047,full_service,7490,1979,leased,modified_gross,bank,landlord_submeter,split_ac_gas_furnace,natural_gas,2008,R-22,led,2,True,0,False,n/a,0,42,1
MNB-01592,Bronx Branch #2,Bronx,Bronx County,NY,10465,40.80933,-73.81003,full_service,5120,2023,owned,n/a,bank,direct_utility_meter,rtu_gas_heat,natural_gas,2023,R-410A,led,3,False,3,False,n/a,0,54,1
MNB-01593,Mansfield Branch,Mansfield,Richland County,OH,44906,40.75475,-82.5591,full_service,5750,1975,leased,modified_gross,bank,direct_utility_meter,rtu_gas_heat,natural_gas,2018,R-410A,led,3,True,2,False,n/a,0,44,3
MNB-01594,Flushing Branch,Flushing,Queens County,NY,11354,40.78978,-73.78594,full_service,3070,2020,owned,n/a,bank,direct_utility_meter,rtu_gas_heat,natural_gas,2020,R-410A,led,3,True,3,False,n/a,0,53,1
MNB-01595,Port Aransas Branch,Port Aransas,Nueces County,TX,78373,27.78423,-97.10328,full_service,3410,1991,owned,n/a,bank,direct_utility_meter,rtu_electric_heat,electricity,2010,R-410A,led,3,True,0,True,diesel,0,47,3
MNB-01596,Arlington Branch #2,Arlington,Tarrant County,TX,76013,32.72107,-97.14186,flagship,10650,1950,owned,n/a,bank,direct_utility_meter,rtu_electric_heat,electricity,2008,R-22,fluorescent,1,True,0,True,diesel,0,59,1
MNB-01597,Hamilton Branch,Hamilton,Steuben County,IN,46742,41.54531,-84.91563,in_store,680,1999,leased,modified_gross,bank,direct_utility_meter,host_building_system,unknown,,unknown,led,1,False,0,False,n/a,0,73,1
MNB-01598,Calais Branch,Calais,Washington County,ME,04619,45.16515,-67.27062,full_service,3980,2004,leased,triple_net,bank,direct_utility_meter,split_ac_gas_furnace,natural_gas,2013,R-410A,led,1,True,2,False,n/a,0,42,1
MNB-01599,Kansas City Branch #2,Kansas City,Jackson County,MO,64109,39.06718,-94.55363,drive_thru_only,880,2018,owned,n/a,bank,direct_utility_meter,rtu_gas_heat,natural_gas,2018,R-410A,led,3,False,3,False,n/a,0,51,3
MNB-01600,Tucson Branch #3,Tucson,Pima County,AZ,85737,32.41465,-110.96263,full_service,3760,1999,leased,full_gross,landlord,shared_unmetered,split_ac_gas_furnace,natural_gas,2022,R-410A,fluorescent,3,False,1,False,n/a,0,45,3
MNB-01601,Woodburn Branch,Woodburn,Clarke County,IA,50275,40.99891,-93.63419,full_service,3300,1962,owned,n/a,bank,direct_utility_meter,rtu_gas_heat,natural_gas,2014,R-410A,mixed,1,False,3,False,n/a,0,42,1
MNB-01602,San Simeon Branch,San Simeon,San Luis Obispo County,CA,93452,35.66643,-121.14361,in_store,620,2021,leased,full_gross,landlord,shared_unmetered,host_building_system,unknown,,unknown,led,1,False,0,False,n/a,0,73,2
MNB-01603,Castleford Branch,Castleford,Twin Falls County,ID,83321,42.51843,-114.85695,full_service,5860,2000,owned,n/a,bank,direct_utility_meter,rtu_gas_heat,natural_gas,2000,R-22,led,1,False,0,False,n/a,0,46,1
MNB-01604,Irvine Branch #3,Irvine,Orange County,CA,92618,33.6901,-117.70489,full_service,2660,1979,owned,n/a,bank,landlord_submeter,rtu_gas_heat,natural_gas,2007,R-22,mixed,4,False,1,False,n/a,0,51,1
MNB-01605,Ovalo Branch,Ovalo,Taylor County,TX,79541,32.1491,-99.82693,express,1960,2019,leased,triple_net,bank,direct_utility_meter,rtu_gas_heat,natural_gas,2019,R-410A,mixed,2,True,0,False,n/a,0,47,1
MNB-01606,Sammamish Branch,Sammamish,King County,WA,98074,47.63638,-122.0685,full_service,6350,1965,owned,n/a,bank,direct_utility_meter,rtu_gas_heat,natural_gas,2021,R-410A,fluorescent,3,True,3,True,diesel,0,48,1
MNB-01607,Asbury Park Branch,Asbury Park,Monmouth County,NJ,07712,40.23428,-74.04317,full_service,3970,1962,owned,n/a,bank,direct_utility_meter,rtu_gas_heat,natural_gas,2018,R-410A,mixed,2,True,2,False,n/a,0,44,1
MNB-01608,Manassas Branch,Manassas,Manassas city,VA,20110,38.74693,-77.47986,full_service,3580,1998,owned,n/a,bank,direct_utility_meter,split_ac_gas_furnace,natural_gas,2017,R-410A,mixed,1,True,0,False,n/a,0,49,1
MNB-01609,Deep Run Branch,Deep Run,Lenoir County,NC,28525,35.15316,-77.71418,in_store,810,2004,leased,modified_gross,bank,direct_utility_meter,host_building_system,unknown,,unknown,led,0,False,0,False,n/a,0,68,3
MNB-01610,Buena Vista Branch,Buena Vista,Buena Vista city,VA,24416,37.74094,-79.33869,in_store,500,1997,leased,full_gross,landlord,shared_unmetered,host_building_system,unknown,,unknown,led,0,False,0,False,n/a,0,75,2
MNB-01611,Huntsville Branch,Huntsville,Madison County,AL,35806,34.74014,-86.66121,express,1780,2021,leased,triple_net,bank,direct_utility_meter,rtu_gas_heat,propane,2021,R-410A,led,2,True,0,False,n/a,0,54,1
MNB-01612,Pittsburgh Branch #5,Pittsburgh,Allegheny County,PA,15222,40.46543,-79.97971,full_service,3070,1978,owned,n/a,bank,direct_utility_meter,rtu_gas_heat,natural_gas,1998,R-22,led,3,False,3,True,diesel,0,47,1
MNB-01613,Alpine Branch,Alpine,Lincoln County,WY,83128,43.16958,-111.011,in_store,400,2024,leased,full_gross,landlord,shared_unmetered,host_building_system,unknown,,unknown,mixed,1,False,0,False,n/a,0,70,3
MNB-01614,Wynona Branch,Wynona,Osage County,OK,74084,36.53046,-96.31936,full_service,4010,1952,owned,n/a,bank,landlord_submeter,rtu_gas_heat,natural_gas,2010,R-410A,fluorescent,3,True,3,False,n/a,0,42,3
MNB-01615,Mount Alto Branch,Mount Alto,Jackson County,WV,25264,38.87195,-81.87215,full_service,2870,1964,leased,triple_net,bank,direct_utility_meter,split_ac_gas_furnace,natural_gas,2004,R-22,mixed,1,False,0,False,n/a,0,47,2
MNB-01616,Niantic Branch,Niantic,Macon County,IL,62551,39.8489,-89.15968,full_service,4180,1971,owned,n/a,bank,direct_utility_meter,rtu_gas_heat,natural_gas,2024,R-410A,led,4,False,1,True,diesel,0,54,1
MNB-01617,Rhome Branch,Rhome,Wise County,TX,76078,33.04708,-97.50353,drive_thru_only,1320,1960,leased,modified_gross,bank,direct_utility_meter,heat_pump,electricity,2020,R-410A,led,3,False,1,False,n/a,0,49,3
MNB-01618,Arcade Branch,Arcade,Wyoming County,NY,14009,42.56677,-78.43141,full_service,7320,1992,leased,triple_net,bank,direct_utility_meter,rtu_gas_heat,natural_gas,2016,R-410A,mixed,3,False,2,False,n/a,0,48,1
MNB-01619,Riverdale Branch,Riverdale,Morris County,NJ,07457,40.9872,-74.31763,full_service,4310,2018,leased,full_gross,landlord,landlord_submeter,rtu_gas_heat,natural_gas,2018,R-410A,led,4,True,3,False,n/a,0,54,2
MNB-01620,Eagle Lake Branch,Eagle Lake,Colorado County,TX,77434,29.59491,-96.33696,full_service,5700,2015,leased,triple_net,bank,direct_utility_meter,rtu_gas_heat,natural_gas,2020,R-410A,mixed,4,True,2,False,n/a,0,43,1
MNB-01621,Roy Branch,Roy,Pierce County,WA,98580,46.94671,-122.44364,full_service,4730,2011,owned,n/a,bank,direct_utility_meter,rtu_gas_heat,natural_gas,2011,R-410A,led,2,True,1,True,diesel,0,52,3
MNB-01622,Dearborn Heights Branch,Dearborn Heights,Wayne County,MI,48127,42.32787,-83.2825,flagship,12010,1951,owned,n/a,bank,direct_utility_meter,rtu_gas_heat,natural_gas,2011,R-410A,led,3,False,0,True,diesel,0,52,3
MNB-01623,Gloucester City Branch,Gloucester City,Camden County,NJ,08030,39.88322,-75.10359,drive_thru_only,610,2018,owned,n/a,bank,direct_utility_meter,rtu_gas_heat,natural_gas,2018,R-410A,led,1,False,0,False,n/a,0,48,3
MNB-01624,Stevensville Branch,Stevensville,Berrien County,MI,49127,42.01521,-86.49812,full_service,6840,1989,owned,n/a,bank,direct_utility_meter,rtu_gas_heat,propane,2007,R-22,led,4,False,1,False,n/a,0,44,2
MNB-01625,Cottonwood Branch,Cottonwood,Tehama County,CA,96022,40.38229,-122.34797,in_store,500,2010,leased,full_gross,landlord,landlord_submeter,host_building_system,unknown,,unknown,mixed,0,False,0,False,n/a,0,62,3
MNB-01626,Meadow Vista Branch,Meadow Vista,Placer County,CA,95722,39.01065,-121.02634,full_service,6350,2010,leased,triple_net,bank,direct_utility_meter,rtu_gas_heat,natural_gas,2010,R-410A,led,2,True,1,False,n/a,0,51,2
MNB-01627,Shreveport Branch,Shreveport,Caddo Parish,LA,71101,32.52422,-93.75887,in_store,740,1970,leased,full_gross,landlord,shared_unmetered,host_building_system,unknown,,unknown,led,1,False,0,False,n/a,0,63,3
MNB-01628,Hayfork Branch,Hayfork,Trinity County,CA,96041,40.57761,-123.16566,full_service,3130,1997,leased,full_gross,landlord,landlord_submeter,rtu_gas_heat,natural_gas,2019,R-410A,fluorescent,2,False,0,True,diesel,0,46,2
MNB-01629,Statesboro Branch,Statesboro,Bulloch County,GA,30461,32.43763,-81.71194,full_service,4610,2021,owned,n/a,bank,direct_utility_meter,heat_pump,electricity,2024,R-410A,led,4,True,0,False,n/a,0,42,2
MNB-01630,Mchenry Branch,Mchenry,McHenry County,IL,60050,42.33195,-88.3364,full_service,7960,1978,owned,n/a,bank,landlord_submeter,rtu_gas_heat,natural_gas,2010,R-410A,led,3,False,0,False,n/a,0,54,1
MNB-01631,Jackson Branch,Jackson,Amador County,CA,95642,38.34039,-120.72837,full_service,6650,2009,owned,n/a,bank,direct_utility_meter,rtu_gas_heat,natural_gas,2009,R-22,led,4,False,1,False,n/a,0,52,1
MNB-01632,Glennallen Branch,Glennallen,Copper River Census Area,AK,99588,62.03617,-145.0338,full_service,3600,2022,owned,n/a,bank,direct_utility_meter,split_ac_gas_furnace,natural_gas,2022,R-410A,led,4,False,2,False,n/a,0,49,1
MNB-01633,Shokan Branch,Shokan,Ulster County,NY,12481,41.96914,-74.21905,full_service,3390,1986,leased,triple_net,bank,direct_utility_meter,split_ac_gas_furnace,natural_gas,2021,R-410A,led,3,False,3,False,n/a,0,46,1
MNB-01634,Sagola Branch,Sagola,Dickinson County,MI,49881,46.06861,-88.04447,flagship,14570,1988,leased,modified_gross,bank,landlord_submeter,rtu_gas_heat,natural_gas,2015,R-410A,mixed,1,False,0,True,diesel,0,52,3
MNB-01635,Adamstown Branch,Adamstown,Frederick County,MD,21710,39.27838,-77.45937,full_service,3990,1993,leased,full_gross,landlord,shared_unmetered,rtu_gas_heat,natural_gas,2005,R-22,fluorescent,1,False,1,True,diesel,0,46,2
MNB-01636,Eustis Branch,Eustis,Lake County,FL,32736,28.90847,-81.52191,full_service,6010,2015,leased,triple_net,bank,direct_utility_meter,rtu_gas_heat,natural_gas,2024,R-410A,led,2,False,1,False,n/a,0,46,1
MNB-01637,Culver City Branch #2,Culver City,Los Angeles County,CA,90232,34.0022,-118.40315,full_service,5240,1992,leased,triple_net,bank,direct_utility_meter,rtu_gas_heat,natural_gas,2001,R-22,led,4,True,1,False,n/a,0,47,1
MNB-01638,Bangs Branch,Bangs,Brown County,TX,76823,31.76041,-99.13698,full_service,2520,1995,leased,triple_net,bank,direct_utility_meter,rtu_electric_heat,electricity,2009,R-22,led,1,False,3,False,n/a,0,48,1
MNB-01639,Bell Gardens Branch,Bell Gardens,Los Angeles County,CA,90201,33.95429,-118.15276,full_service,4810,1975,leased,triple_net,bank,direct_utility_meter,rtu_gas_heat,natural_gas,2011,R-410A,fluorescent,4,True,1,False,n/a,0,42,1
MNB-01640,Banning Branch,Banning,Riverside County,CA,92220,33.96191,-116.88811,full_service,3980,2024,leased,triple_net,bank,direct_utility_meter,rtu_gas_heat,natural_gas,2024,R-410A,led,3,True,0,True,diesel,0,53,1
MNB-01641,Bellmore Branch,Bellmore,Nassau County,NY,11710,40.66748,-73.52205,in_store,650,2019,leased,modified_gross,bank,direct_utility_meter,host_building_system,unknown,,unknown,fluorescent,1,False,0,False,n/a,0,72,1
MNB-01642,Negaunee Branch,Negaunee,Marquette County,MI,49866,46.50156,-87.57588,full_service,4520,2002,owned,n/a,bank,direct_utility_meter,split_ac_gas_furnace,natural_gas,2015,R-410A,mixed,2,True,2,False,n/a,0,47,1
MNB-01643,Great Falls Branch,Great Falls,Cascade County,MT,59405,47.47946,-111.25085,flagship,22610,2023,leased,triple_net,bank,direct_utility_meter,rtu_gas_heat,natural_gas,2023,R-410A,led,2,False,0,True,diesel,0,57,1
MNB-01644,Debord Branch,Debord,Martin County,KY,41214,37.84697,-82.53798,full_service,5630,2008,owned,n/a,bank,direct_utility_meter,rtu_gas_heat,natural_gas,2008,R-22,led,1,False,3,False,n/a,0,49,1
MNB-01645,Marietta Branch,Marietta,Cass County,TX,75566,33.18693,-94.51194,in_store,530,2022,leased,full_gross,landlord,shared_unmetered,host_building_system,unknown,,unknown,led,0,False,0,False,n/a,0,69,3
MNB-01646,Midland Park Branch,Midland Park,Bergen County,NJ,07432,40.99926,-74.13709,full_service,4120,1969,leased,triple_net,bank,direct_utility_meter,rtu_gas_heat,natural_gas,2013,R-410A,fluorescent,2,False,2,False,n/a,0,44,1
MNB-01647,Roosevelt Branch,Roosevelt,Nassau County,NY,11575,40.66404,-73.5853,in_store,580,1975,leased,modified_gross,landlord,shared_unmetered,host_building_system,unknown,,unknown,led,0,False,0,False,n/a,0,67,3
MNB-01648,Ocala Branch #2,Ocala,Marion County,FL,34470,29.20143,-82.08535,drive_thru_only,650,2019,owned,n/a,bank,direct_utility_meter,heat_pump,electricity,2024,R-410A,fluorescent,2,False,1,False,n/a,0,47,1
MNB-01649,Cowpens Branch,Cowpens,Spartanburg County,SC,29330,35.02554,-81.80627,full_service,4060,1990,owned,n/a,bank,landlord_submeter,rtu_electric_heat,electricity,2011,R-410A,led,3,False,3,False,n/a,0,50,2
MNB-01650,Clarksburg Branch,Clarksburg,Montgomery County,MD,20871,39.25625,-77.28659,full_service,7300,1987,leased,triple_net,bank,direct_utility_meter,rtu_gas_heat,natural_gas,2010,R-410A,led,4,True,3,False,n/a,0,43,1
MNB-01651,Monteagle Branch,Monteagle,Grundy County,TN,37356,35.24991,-85.82614,full_service,2510,2012,leased,triple_net,bank,direct_utility_meter,rtu_gas_heat,natural_gas,2015,R-410A,fluorescent,1,False,2,False,n/a,0,42,1
MNB-01652,Francesville Branch,Francesville,Pulaski County,IN,47946,40.97205,-86.87375,full_service,4160,2004,leased,full_gross,landlord,landlord_submeter,rtu_gas_heat,natural_gas,2006,R-22,led,2,False,2,False,n/a,0,44,3
MNB-01653,Covington Branch,Covington,Kenton County,KY,41011,39.04156,-84.53541,flagship,13680,1985,leased,full_gross,landlord,shared_unmetered,heat_pump,electricity,2008,R-22,fluorescent,2,True,0,True,diesel,0,59,3
MNB-01654,New Llano Branch,New Llano,Vernon Parish,LA,71461,31.1031,-93.27781,full_service,4570,1989,owned,n/a,bank,direct_utility_meter,rtu_electric_heat,electricity,2024,R-410A,fluorescent,1,False,1,False,n/a,0,46,1
MNB-01655,Midvale Branch,Midvale,Salt Lake County,UT,84047,40.62345,-111.88577,full_service,3140,1990,leased,modified_gross,bank,landlord_submeter,split_ac_gas_furnace,natural_gas,2003,R-22,fluorescent,4,True,2,False,n/a,0,53,1
MNB-01656,Henrico Branch,Henrico,Henrico County,VA,23238,37.62175,-77.61537,express,1260,1965,leased,modified_gross,bank,direct_utility_meter,rtu_gas_heat,natural_gas,2016,R-410A,led,2,True,0,False,n/a,0,46,3
MNB-01657,Rhinelander Branch,Rhinelander,Oneida County,WI,54501,45.71781,-89.38017,drive_thru_only,700,1975,owned,n/a,bank,direct_utility_meter,rtu_gas_heat,natural_gas,2019,R-410A,fluorescent,3,False,3,False,n/a,0,48,2
MNB-01658,Manasquan Branch,Manasquan,Monmouth County,NJ,08736,40.1026,-74.07204,drive_thru_only,1390,1998,leased,triple_net,bank,direct_utility_meter,split_ac_gas_furnace,natural_gas,2006,R-22,mixed,3,False,1,False,n/a,0,50,2
MNB-01659,Ben Wheeler Branch,Ben Wheeler,Van Zandt County,TX,75754,32.41622,-95.64584,full_service,3120,2013,leased,modified_gross,bank,direct_utility_meter,rtu_electric_heat,electricity,2013,R-410A,mixed,1,False,0,False,n/a,0,50,2
MNB-01660,Santa Clarita Branch,Santa Clarita,Los Angeles County,CA,91382,34.40389,-118.5261,full_service,3610,1990,owned,n/a,bank,direct_utility_meter,split_ac_gas_furnace,natural_gas,2006,R-22,mixed,4,True,1,False,n/a,0,50,2
MNB-01661,Chico Branch,Chico,Butte County,CA,95973,39.7833,-121.85378,full_service,7890,1988,leased,triple_net,bank,direct_utility_meter,rtu_gas_heat,natural_gas,2009,R-22,mixed,4,False,1,True,diesel,0,48,2
MNB-01662,Warm Springs Branch,Warm Springs,Meriwether County,GA,31830,32.90621,-84.71636,full_service,3360,2005,owned,n/a,bank,direct_utility_meter,split_ac_gas_furnace,natural_gas,2014,R-410A,mixed,4,True,1,False,n/a,0,45,3
MNB-01663,San Francisco Branch #4,San Francisco,San Francisco County,CA,94102,37.78459,-122.42201,full_service,4650,1968,leased,triple_net,bank,direct_utility_meter,rtu_gas_heat,natural_gas,2018,R-410A,fluorescent,2,False,3,False,n/a,0,51,1
MNB-01664,Richmond Branch,Richmond,Macomb County,MI,48062,42.83529,-82.7861,full_service,5770,1988,leased,triple_net,bank,direct_utility_meter,split_ac_gas_furnace,natural_gas,2007,R-22,led,2,True,1,False,n/a,0,45,1
MNB-01665,San Francisco Branch #5,San Francisco,San Francisco County,CA,94107,37.73987,-122.40902,full_service,5690,1973,owned,n/a,bank,landlord_submeter,rtu_gas_heat,natural_gas,2011,R-410A,mixed,2,True,0,False,n/a,0,48,3
MNB-01666,Cherokee Branch,Cherokee,Crawford County,KS,66724,37.36549,-94.8377,full_service,2810,2006,leased,full_gross,landlord,shared_unmetered,rtu_gas_heat,natural_gas,2018,R-410A,led,3,False,0,False,n/a,0,45,2
MNB-01667,Premont Branch,Premont,Jim Wells County,TX,78375,27.35047,-98.10573,full_service,3390,1964,leased,triple_net,bank,direct_utility_meter,split_ac_gas_furnace,natural_gas,1998,R-22,led,2,False,0,False,n/a,0,48,2
MNB-01668,Woodville Branch,Woodville,St. Croix County,WI,54028,44.93902,-92.28234,full_service,4590,1992,owned,n/a,bank,direct_utility_meter,rtu_gas_heat,natural_gas,2003,R-22,led,4,False,1,False,n/a,0,47,1
MNB-01669,Port Norris Branch,Port Norris,Cumberland County,NJ,08349,39.24954,-75.05991,full_service,7490,2002,leased,modified_gross,bank,direct_utility_meter,rtu_gas_heat,natural_gas,2002,R-22,fluorescent,1,True,0,False,n/a,0,42,1
MNB-01670,Thorp Branch,Thorp,Kittitas County,WA,98946,47.06258,-120.66628,full_service,3340,2016,leased,triple_net,bank,direct_utility_meter,rtu_gas_heat,natural_gas,2016,R-410A,led,1,True,2,False,n/a,0,48,1
MNB-01671,Chichester Branch,Chichester,Ulster County,NY,12416,42.09452,-74.27734,in_store,570,2010,leased,full_gross,landlord,landlord_submeter,host_building_system,unknown,,unknown,led,1,False,0,False,n/a,0,63,3
MNB-01672,Depauw Branch,Depauw,Harrison County,IN,47115,38.34141,-86.22763,in_store,720,2022,leased,full_gross,landlord,shared_unmetered,host_building_system,unknown,,unknown,led,0,False,0,False,n/a,0,77,3
MNB-01673,Florham Park Branch,Florham Park,Morris County,NJ,07932,40.77205,-74.38439,full_service,5050,2007,owned,n/a,bank,direct_utility_meter,split_ac_gas_furnace,natural_gas,2023,R-410A,mixed,1,True,1,False,n/a,0,50,1
MNB-01674,Sacramento Branch #2,Sacramento,Sacramento County,CA,95815,38.60438,-121.43089,full_service,5150,1985,owned,n/a,bank,landlord_submeter,heat_pump,electricity,2021,R-410A,led,4,True,2,False,n/a,0,49,1
MNB-01675,Sunnyvale Branch,Sunnyvale,Santa Clara County,CA,94086,37.37751,-122.02753,full_service,3250,1975,leased,triple_net,bank,direct_utility_meter,rtu_gas_heat,natural_gas,2008,R-22,mixed,4,False,2,True,diesel,0,50,1
MNB-01676,Aromas Branch,Aromas,Monterey County,CA,95004,36.85385,-121.63693,full_service,3580,1957,owned,n/a,bank,direct_utility_meter,boiler_with_split_ac,natural_gas,2000,R-22,mixed,4,False,2,False,n/a,0,46,3
MNB-01677,Oswego Branch,Oswego,Kendall County,IL,60543,41.69062,-88.35684,full_service,4480,1979,leased,modified_gross,bank,landlord_submeter,rtu_gas_heat,natural_gas,2004,R-22,fluorescent,3,True,3,True,diesel,0,45,1
MNB-01678,Smithsburg Branch,Smithsburg,Washington County,MD,21783,39.64699,-77.5724,flagship,23190,1966,leased,triple_net,bank,landlord_submeter,rtu_gas_heat,natural_gas,2014,R-410A,led,4,False,0,True,diesel,0,52,1
MNB-01679,Santa Monica Branch,Santa Monica,Los Angeles County,CA,90404,34.02728,-118.48005,full_service,3910,1987,leased,modified_gross,bank,direct_utility_meter,boiler_with_split_ac,natural_gas,2010,R-410A,fluorescent,2,True,1,True,diesel,0,44,1
MNB-01680,Vest Branch,Vest,Knott County,KY,41772,37.41883,-83.02743,full_service,4170,2009,leased,triple_net,bank,direct_utility_meter,rtu_gas_heat,natural_gas,2021,R-410A,mixed,1,False,1,True,diesel,0,53,1
MNB-01681,Ada Branch,Ada,Norman County,MN,56510,47.30187,-96.57459,in_store,500,2008,leased,full_gross,landlord,shared_unmetered,host_building_system,unknown,,unknown,led,0,False,0,False,n/a,0,77,3
MNB-01682,Brookeland Branch,Brookeland,Jasper County,TX,75931,31.06851,-93.9628,full_service,7340,1983,leased,triple_net,bank,direct_utility_meter,rtu_electric_heat,electricity,2002,R-22,led,3,True,2,False,n/a,0,49,1
MNB-01683,Grosse Pointe Branch,Grosse Pointe,Wayne County,MI,48230,42.38799,-82.91753,full_service,4390,1997,leased,full_gross,landlord,shared_unmetered,rtu_gas_heat,natural_gas,2016,R-410A,mixed,1,True,1,False,n/a,0,51,3
MNB-01684,Terre Haute Branch,Terre Haute,Vigo County,IN,47804,39.49361,-87.3839,full_service,5800,1974,owned,n/a,bank,direct_utility_meter,heat_pump,electricity,2022,R-410A,fluorescent,1,True,2,True,diesel,0,43,1
MNB-01685,Columbus Branch #3,Columbus,Franklin County,OH,43232,39.92504,-82.85715,express,1810,1996,leased,modified_gross,bank,direct_utility_meter,rtu_gas_heat,natural_gas,2013,R-410A,mixed,4,False,0,False,n/a,0,46,1
MNB-01686,Great Valley Branch,Great Valley,Cattaraugus County,NY,14741,42.20275,-78.62576,full_service,4300,1997,owned,n/a,bank,landlord_submeter,split_ac_gas_furnace,natural_gas,2017,R-410A,led,2,False,2,False,n/a,0,48,1
MNB-01687,New York Branch #5,New York,New York County,NY,10152,40.76687,-73.96973,full_service,2670,1981,owned,n/a,bank,landlord_submeter,boiler_with_split_ac,natural_gas,2013,R-410A,mixed,1,True,1,False,n/a,0,43,2
MNB-01688,Venice Branch,Venice,Sarasota County,FL,34285,27.10449,-82.45303,drive_thru_only,600,1978,owned,n/a,bank,direct_utility_meter,split_ac_gas_furnace,natural_gas,2004,R-22,mixed,4,False,2,False,n/a,0,54,2
MNB-01689,Geneva Branch,Geneva,Bear Lake County,ID,83238,42.31941,-111.06694,full_service,6110,2023,leased,triple_net,bank,direct_utility_meter,heat_pump,electricity,2023,R-410A,led,2,False,2,False,n/a,0,54,1
MNB-01690,Lithonia Branch,Lithonia,DeKalb County,GA,30058,33.73247,-84.0968,in_store,660,1998,leased,full_gross,landlord,shared_unmetered,host_building_system,unknown,,unknown,fluorescent,0,False,0,False,n/a,0,71,3
MNB-01691,Cincinnati Branch #3,Cincinnati,Hamilton County,OH,45244,39.09381,-84.35559,full_service,4460,2000,leased,triple_net,bank,direct_utility_meter,rtu_gas_heat,propane,2024,R-410A,led,2,False,0,False,n/a,0,54,1
MNB-01692,Primm Springs Branch,Primm Springs,Williamson County,TN,38476,35.81963,-87.26895,full_service,2880,1951,owned,n/a,bank,direct_utility_meter,heat_pump,electricity,2020,R-410A,led,2,True,2,False,n/a,0,43,1
MNB-01693,Berkeley Branch,Berkeley,Alameda County,CA,94707,37.90736,-122.27435,full_service,3200,1971,owned,n/a,bank,direct_utility_meter,rtu_gas_heat,natural_gas,2011,R-410A,led,1,True,1,False,n/a,0,51,1
MNB-01694,Mount Airy Branch,Mount Airy,Surry County,NC,27030,36.50843,-80.61435,flagship,21410,1986,owned,n/a,bank,direct_utility_meter,heat_pump,electricity,1999,R-22,mixed,3,False,0,True,diesel,0,50,1
MNB-01695,Columbiana Branch,Columbiana,Shelby County,AL,35051,33.16644,-86.63878,full_service,7070,2023,owned,n/a,bank,direct_utility_meter,split_ac_gas_furnace,natural_gas,2023,R-410A,led,4,False,2,False,n/a,0,44,1
MNB-01696,East Arlington Branch,East Arlington,Bennington County,VT,05252,43.07489,-73.05501,full_service,3480,1970,owned,n/a,bank,direct_utility_meter,rtu_gas_heat,natural_gas,2020,R-410A,mixed,1,False,1,False,n/a,0,45,1
MNB-01697,West Jordan Branch #2,West Jordan,Salt Lake County,UT,84088,40.60623,-111.95282,express,2120,1982,leased,triple_net,bank,direct_utility_meter,split_ac_gas_furnace,natural_gas,2023,R-410A,led,3,False,0,False,n/a,0,46,1
MNB-01698,Fernandina Beach Branch,Fernandina Beach,Nassau County,FL,32034,30.68841,-81.43226,full_service,4440,2024,owned,n/a,bank,landlord_submeter,rtu_electric_heat,electricity,2024,R-410A,led,2,False,3,False,n/a,20,46,3
MNB-01699,Oklahoma City Branch #2,Oklahoma City,Cleveland County,OK,73170,35.31649,-97.56029,express,1740,1995,leased,modified_gross,bank,direct_utility_meter,heat_pump,electricity,1998,R-22,led,4,True,0,False,n/a,0,45,2
MNB-01700,Tampa Branch #4,Tampa,Hillsborough County,FL,33621,27.84638,-82.50106,in_store,1030,1983,leased,full_gross,landlord,landlord_submeter,host_building_system,unknown,,unknown,mixed,0,False,0,False,n/a,0,62,3
MNB-01701,Louisville Branch,Louisville,Boulder County,CO,80027,39.98787,-105.15891,full_service,3660,2005,leased,triple_net,bank,direct_utility_meter,rtu_gas_heat,natural_gas,2020,R-410A,led,4,False,3,False,n/a,0,43,2
MNB-01702,San Tan Valley Branch,San Tan Valley,Pinal County,AZ,85143,33.19179,-111.5255,in_store,880,1996,leased,full_gross,landlord,shared_unmetered,host_building_system,unknown,,unknown,led,1,False,0,False,n/a,0,61,2
MNB-01703,Seneca Branch,Seneca,Thomas County,NE,69161,42.06409,-100.69557,in_store,710,2022,leased,full_gross,landlord,landlord_submeter,host_building_system,unknown,,unknown,led,0,False,0,False,n/a,0,70,3
MNB-01704,Hilltown Branch,Hilltown,Bucks County,PA,18927,40.32848,-75.26454,full_service,4170,1960,owned,n/a,bank,direct_utility_meter,boiler_with_split_ac,fuel_oil,2019,R-410A,fluorescent,2,False,0,False,n/a,0,46,1
MNB-01705,Saint Joseph Branch,Saint Joseph,Tensas Parish,LA,71366,31.93174,-91.2805,flagship,24230,2014,leased,triple_net,bank,direct_utility_meter,heat_pump,electricity,2014,R-410A,led,2,True,0,True,diesel,0,55,1
MNB-01706,Wisner Branch,Wisner,Franklin Parish,LA,71378,31.99236,-91.70054,express,1930,1980,leased,triple_net,bank,direct_utility_meter,split_ac_gas_furnace,natural_gas,2020,R-410A,mixed,1,True,0,False,n/a,0,54,1
MNB-01707,Amargosa Valley Branch,Amargosa Valley,Nye County,NV,89020,36.54164,-116.53848,express,1750,2014,leased,triple_net,bank,direct_utility_meter,rtu_electric_heat,electricity,2014,R-410A,led,1,True,0,False,n/a,0,46,2
MNB-01708,Franklin Branch,Franklin,Sussex County,NJ,07416,41.1133,-74.59575,full_service,6350,2017,owned,n/a,bank,direct_utility_meter,rtu_gas_heat,natural_gas,2019,R-410A,led,2,False,2,True,diesel,0,53,3
MNB-01709,Renfrew Branch,Renfrew,Butler County,PA,16053,40.82774,-79.97742,full_service,6100,2017,leased,modified_gross,bank,direct_utility_meter,rtu_gas_heat,natural_gas,2017,R-410A,fluorescent,3,True,0,False,n/a,0,50,3
MNB-01710,Coyote Springs Branch,Coyote Springs,Lincoln County,NV,89067,36.64829,-114.68272,full_service,6020,2018,leased,full_gross,landlord,landlord_submeter,rtu_electric_heat,electricity,2018,R-410A,led,2,True,3,False,n/a,0,42,2
MNB-01711,Forest Grove Branch,Forest Grove,Washington County,OR,97116,45.59105,-123.18879,full_service,2200,2009,leased,triple_net,bank,direct_utility_meter,rtu_gas_heat,natural_gas,2009,R-22,led,1,False,0,False,n/a,0,42,1
MNB-01712,Cincinnati Branch #4,Cincinnati,Clermont County,OH,45245,39.06893,-84.28356,full_service,4790,1967,leased,triple_net,bank,direct_utility_meter,rtu_gas_heat,natural_gas,2015,R-410A,mixed,3,True,3,True,diesel,0,52,2
MNB-01713,Portland Branch,Portland,Multnomah County,OR,97266,45.48675,-122.55974,full_service,4470,1957,owned,n/a,bank,direct_utility_meter,boiler_with_split_ac,natural_gas,2010,R-410A,led,1,True,3,False,n/a,0,42,1
MNB-01714,San Ygnacio Branch,San Ygnacio,Zapata County,TX,78067,27.13223,-99.28634,in_store,640,1985,leased,full_gross,landlord,shared_unmetered,host_building_system,unknown,,unknown,mixed,1,False,0,False,n/a,0,65,2
MNB-01715,Harbinger Branch,Harbinger,Currituck County,NC,27941,36.08678,-75.79963,full_service,5040,1996,owned,n/a,bank,direct_utility_meter,split_ac_gas_furnace,natural_gas,2019,R-410A,led,4,False,0,True,diesel,0,51,1
MNB-01716,Glen Branch,Glen,Carroll County,NH,03838,44.07735,-71.18371,full_service,4540,1981,owned,n/a,bank,direct_utility_meter,split_ac_gas_furnace,natural_gas,2023,R-410A,fluorescent,2,True,2,False,n/a,0,49,2
MNB-01717,Leicester Branch,Leicester,Worcester County,MA,01524,42.23739,-71.90725,full_service,5140,2011,owned,n/a,bank,direct_utility_meter,rtu_gas_heat,natural_gas,2011,R-410A,mixed,2,False,1,False,n/a,0,48,1
MNB-01718,East Weymouth Branch,East Weymouth,Norfolk County,MA,02189,42.20058,-70.90295,full_service,3870,2010,owned,n/a,bank,direct_utility_meter,heat_pump,electricity,2018,R-410A,led,1,True,1,False,n/a,0,51,2
MNB-01719,Damascus Branch,Damascus,Wayne County,PA,18415,41.73199,-75.12436,flagship,25490,2023,owned,n/a,bank,direct_utility_meter,rtu_gas_heat,natural_gas,2023,R-410A,fluorescent,1,False,0,True,diesel,0,54,3
MNB-01720,Thornton Branch,Thornton,Cook County,IL,60476,41.58064,-87.60824,in_store,780,1989,leased,full_gross,landlord,shared_unmetered,host_building_system,unknown,,unknown,fluorescent,1,False,0,False,n/a,0,62,3
MNB-01721,Kerhonkson Branch,Kerhonkson,Ulster County,NY,12446,41.7862,-74.29139,full_service,4940,2013,owned,n/a,bank,direct_utility_meter,rtu_gas_heat,natural_gas,2013,R-410A,mixed,1,False,2,False,n/a,0,45,1
MNB-01722,Andrews Branch,Andrews,Huntington County,IN,46702,40.86458,-85.59382,full_service,4870,2011,leased,triple_net,bank,landlord_submeter,heat_pump,electricity,2021,R-410A,fluorescent,1,False,1,False,n/a,0,54,2
MNB-01723,Kaneohe Branch,Kaneohe,Honolulu County,HI,96744,21.41921,-157.80372,in_store,860,2024,leased,modified_gross,bank,direct_utility_meter,host_building_system,unknown,,unknown,led,0,False,0,False,n/a,0,64,1
MNB-01724,Springfield Branch,Springfield,Fairfax County,VA,22152,38.78377,-77.25116,full_service,5700,2013,leased,full_gross,landlord,shared_unmetered,split_ac_gas_furnace,natural_gas,2013,R-410A,led,2,True,3,False,n/a,0,48,3
MNB-01725,Luana Branch,Luana,Clayton County,IA,52156,43.055,-91.4684,drive_thru_only,970,1980,owned,n/a,bank,direct_utility_meter,rtu_gas_heat,natural_gas,2010,R-410A,led,1,False,1,False,n/a,0,48,1
MNB-01726,Pound Ridge Branch,Pound Ridge,Westchester County,NY,10576,41.1959,-73.5765,full_service,5650,1952,owned,n/a,bank,direct_utility_meter,rtu_gas_heat,propane,2018,R-410A,mixed,1,False,1,False,n/a,0,43,1
MNB-01727,Alleyton Branch,Alleyton,Colorado County,TX,78935,29.70718,-96.47714,full_service,4420,2023,leased,full_gross,landlord,landlord_submeter,split_ac_gas_furnace,natural_gas,2023,R-410A,led,1,True,3,False,n/a,0,46,3
MNB-01728,Newton Falls Branch,Newton Falls,Trumbull County,OH,44444,41.20352,-80.97036,full_service,7460,2009,leased,triple_net,bank,direct_utility_meter,rtu_gas_heat,natural_gas,2011,R-410A,led,4,True,2,False,n/a,0,42,2
MNB-01729,San Marcos Branch,San Marcos,San Diego County,CA,92069,33.14912,-117.15606,in_store,850,2015,leased,full_gross,landlord,shared_unmetered,host_building_system,unknown,,unknown,led,1,False,0,False,n/a,0,65,3
MNB-01730,Itta Bena Branch,Itta Bena,Leflore County,MS,38941,33.46304,-90.32362,flagship,10900,2014,owned,n/a,bank,direct_utility_meter,rtu_electric_heat,electricity,2021,R-410A,led,3,False,0,True,diesel,0,54,2
MNB-01731,Speer Branch,Speer,Stark County,IL,61479,40.99507,-89.63761,express,2800,2010,leased,triple_net,bank,direct_utility_meter,rtu_gas_heat,natural_gas,2010,R-410A,led,3,False,0,False,n/a,0,52,1
MNB-01732,Terrell Branch,Terrell,Kaufman County,TX,75161,32.72018,-96.18053,full_service,2230,2011,leased,modified_gross,landlord,shared_unmetered,heat_pump,electricity,2011,R-410A,led,1,False,0,False,n/a,0,47,3
MNB-01733,Auburndale Branch,Auburndale,Polk County,FL,33823,28.08935,-81.82464,drive_thru_only,1170,2021,leased,full_gross,landlord,shared_unmetered,heat_pump,electricity,2021,R-410A,led,2,True,0,False,n/a,0,48,3
MNB-01734,New Orleans Branch #3,New Orleans,Orleans Parish,LA,70131,29.92909,-89.99021,full_service,3400,2020,owned,n/a,bank,landlord_submeter,heat_pump,electricity,2020,R-410A,led,3,False,0,False,n/a,0,50,1
MNB-01735,Carrboro Branch,Carrboro,Orange County,NC,27510,35.90898,-79.09739,full_service,7380,1987,owned,n/a,bank,direct_utility_meter,heat_pump,electricity,2024,R-410A,mixed,4,True,3,False,n/a,0,52,1
MNB-01736,Daytona Beach Branch #2,Daytona Beach,Volusia County,FL,32124,29.14379,-81.15999,express,1910,1954,owned,n/a,bank,direct_utility_meter,heat_pump,electricity,2020,R-410A,fluorescent,4,False,0,False,n/a,0,50,1
MNB-01737,Elkton Branch,Elkton,Huron County,MI,48731,43.83189,-83.18205,full_service,3300,1955,leased,full_gross,landlord,shared_unmetered,rtu_gas_heat,natural_gas,2003,R-22,mixed,4,False,0,False,n/a,0,43,3
MNB-01738,Rayne Branch,Rayne,Acadia Parish,LA,70578,30.24304,-92.2526,flagship,12580,1992,owned,n/a,bank,direct_utility_meter,rtu_electric_heat,electricity,2006,R-22,fluorescent,3,False,0,True,diesel,0,55,2
MNB-01739,Olustee Branch,Olustee,Jackson County,OK,73560,34.54515,-99.42317,full_service,3390,2016,owned,n/a,bank,direct_utility_meter,heat_pump,electricity,2016,R-410A,led,1,False,0,False,n/a,0,43,1
MNB-01740,Wolf Lake Branch,Wolf Lake,Union County,IL,62998,37.51483,-89.41659,full_service,3830,2017,leased,modified_gross,landlord,shared_unmetered,rtu_gas_heat,natural_gas,2017,R-410A,led,3,True,2,False,n/a,0,46,2
MNB-01741,Greenup Branch,Greenup,Cumberland County,IL,62428,39.28446,-88.12247,full_service,3800,1989,leased,triple_net,bank,direct_utility_meter,rtu_gas_heat,natural_gas,2016,R-410A,fluorescent,3,True,3,False,n/a,0,48,2
MNB-01742,Thorp Branch,Thorp,Clark County,WI,54771,44.95056,-90.77353,express,1490,1981,leased,triple_net,bank,landlord_submeter,rtu_gas_heat,natural_gas,2020,R-410A,led,2,True,0,False,n/a,0,48,1
MNB-01743,Newark Branch,Newark,Alameda County,CA,94560,37.52941,-122.02987,full_service,4550,1996,leased,modified_gross,landlord,shared_unmetered,rtu_gas_heat,natural_gas,2013,R-410A,led,3,True,2,False,n/a,0,43,3
MNB-01744,Reynolds Branch,Reynolds,Rock Island County,IL,61279,41.31337,-90.63813,drive_thru_only,1100,2016,owned,n/a,bank,direct_utility_meter,rtu_gas_heat,natural_gas,2016,R-410A,led,3,False,2,False,n/a,0,49,1
MNB-01745,Galena Branch,Galena,Stone County,MO,65656,36.80703,-93.49645,full_service,3110,2005,leased,triple_net,bank,direct_utility_meter,rtu_gas_heat,natural_gas,2021,R-410A,led,4,False,2,False,n/a,0,42,2
MNB-01746,Los Angeles Branch #7,Los Angeles,Los Angeles County,CA,90067,34.03316,-118.39617,in_store,420,1967,leased,full_gross,landlord,landlord_submeter,host_building_system,unknown,,unknown,led,0,False,0,False,n/a,0,76,3
MNB-01747,Sheffield Lake Branch,Sheffield Lake,Lorain County,OH,44054,41.49106,-82.10253,full_service,4610,1986,owned,n/a,bank,direct_utility_meter,rtu_gas_heat,natural_gas,2007,R-22,led,1,False,1,False,n/a,0,51,1
MNB-01748,Vicksburg Branch,Vicksburg,Warren County,MS,39183,32.40771,-90.84776,full_service,4920,2000,leased,triple_net,bank,direct_utility_meter,heat_pump,electricity,2020,R-410A,mixed,1,True,1,False,n/a,0,42,2
MNB-01749,Preston Branch,Preston,Caroline County,MD,21655,38.7636,-75.90093,in_store,780,1998,leased,full_gross,landlord,shared_unmetered,host_building_system,unknown,,unknown,led,1,False,0,False,n/a,0,65,3
MNB-01750,San Diego Branch #6,San Diego,San Diego County,CA,92108,32.75879,-117.1196,in_store,740,2016,leased,full_gross,landlord,landlord_submeter,host_building_system,unknown,,unknown,led,1,False,0,False,n/a,0,77,3
MNB-01751,Henrietta Branch,Henrietta,Clay County,TX,76365,33.8283,-98.24642,full_service,6730,2021,leased,triple_net,bank,direct_utility_meter,rtu_electric_heat,electricity,2022,R-410A,led,2,False,1,False,n/a,0,42,2
MNB-01752,Lancaster Branch,Lancaster,Schuyler County,MO,63548,40.54237,-92.53075,full_service,5660,1962,owned,n/a,bank,direct_utility_meter,rtu_gas_heat,natural_gas,2002,R-22,fluorescent,3,False,3,False,n/a,0,52,3
MNB-01753,Columbia Branch,Columbia,Maury County,TN,38401,35.61012,-87.03861,full_service,8000,1975,owned,n/a,bank,direct_utility_meter,rtu_gas_heat,natural_gas,2002,R-22,fluorescent,4,False,2,False,n/a,0,52,1
MNB-01754,Spencerville Branch,Spencerville,Allen County,OH,45887,40.70502,-84.34202,express,2800,1988,owned,n/a,bank,landlord_submeter,boiler_with_split_ac,natural_gas,2010,R-410A,mixed,1,True,0,False,n/a,0,51,2
MNB-01755,Plymouth Branch,Plymouth,Plymouth County,MA,02360,41.88631,-70.63261,in_store,410,1981,leased,modified_gross,bank,direct_utility_meter,host_building_system,unknown,,unknown,led,0,False,0,False,n/a,0,63,2
MNB-01756,Willacoochee Branch,Willacoochee,Atkinson County,GA,31650,31.3487,-83.02626,drive_thru_only,600,1990,leased,triple_net,bank,direct_utility_meter,heat_pump,electricity,2007,R-22,fluorescent,3,True,0,False,n/a,0,46,3
MNB-01757,Sublime Branch,Sublime,Lavaca County,TX,77986,29.47484,-96.79018,in_store,640,1955,leased,full_gross,landlord,landlord_submeter,host_building_system,unknown,,unknown,mixed,1,False,0,False,n/a,0,68,3
MNB-01758,Plainfield Branch,Plainfield,Waushara County,WI,54966,44.2115,-89.4322,drive_thru_only,1130,1958,owned,n/a,bank,direct_utility_meter,rtu_gas_heat,natural_gas,2024,R-410A,mixed,4,False,2,False,n/a,0,47,1
MNB-01759,Reno Branch,Reno,Washoe County,NV,89503,39.51667,-119.82663,full_service,4100,2016,owned,n/a,bank,direct_utility_meter,rtu_electric_heat,electricity,2024,R-410A,led,2,False,0,False,n/a,0,45,1
MNB-01760,Northport Branch,Northport,Leelanau County,MI,49670,45.12221,-85.62012,full_service,5180,1963,leased,triple_net,bank,landlord_submeter,split_ac_gas_furnace,propane,2013,R-410A,fluorescent,3,False,2,False,n/a,0,42,1
MNB-01761,Lexington Branch,Lexington,Fayette County,KY,40504,38.05289,-84.53336,in_store,600,2015,leased,full_gross,landlord,landlord_submeter,host_building_system,unknown,,unknown,led,1,False,0,False,n/a,0,76,3
MNB-01762,Seattle Branch #3,Seattle,King County,WA,98109,47.6245,-122.32713,full_service,3410,1982,leased,triple_net,bank,direct_utility_meter,boiler_with_split_ac,natural_gas,2008,R-22,mixed,3,True,1,False,n/a,0,54,1
MNB-01763,Montvale Branch,Montvale,Bergen County,NJ,07645,41.03586,-74.01442,full_service,3560,1982,owned,n/a,bank,direct_utility_meter,rtu_gas_heat,natural_gas,2020,R-410A,led,4,False,3,False,n/a,0,53,3
MNB-01764,New York Branch #6,New York,New York County,NY,10121,40.72373,-73.97766,full_service,3950,1963,leased,triple_net,bank,direct_utility_meter,rtu_gas_heat,natural_gas,2021,R-410A,mixed,2,False,2,False,n/a,0,46,3
MNB-01765,Waverly Branch,Waverly,Morgan County,IL,62692,39.5838,-89.94459,drive_thru_only,1230,1951,owned,n/a,bank,direct_utility_meter,rtu_gas_heat,natural_gas,2005,R-22,mixed,4,False,0,False,n/a,0,47,1
MNB-01766,Colorado Springs Branch #3,Colorado Springs,El Paso County,CO,80905,38.83072,-104.8396,in_store,570,1986,leased,full_gross,landlord,shared_unmetered,host_building_system,unknown,,unknown,led,1,False,0,False,n/a,0,62,2
MNB-01767,Denton Branch,Denton,Denton County,TX,76210,33.12419,-97.06579,full_service,3850,2016,owned,n/a,bank,direct_utility_meter,rtu_gas_heat,natural_gas,2016,R-410A,led,4,True,0,False,n/a,0,49,1
MNB-01768,Tempe Branch #3,Tempe,Maricopa County,AZ,85284,33.34174,-111.89961,flagship,17580,2020,owned,n/a,bank,direct_utility_meter,rtu_gas_heat,natural_gas,2020,R-410A,fluorescent,4,False,0,True,diesel,0,52,1
MNB-01769,La Salle Branch,La Salle,Weld County,CO,80645,40.3157,-104.72159,full_service,3950,1958,owned,n/a,bank,direct_utility_meter,rtu_gas_heat,natural_gas,2009,R-22,fluorescent,1,False,2,False,n/a,0,50,2
MNB-01770,Bellflower Branch,Bellflower,Los Angeles County,CA,90706,33.87379,-118.12105,full_service,5870,1954,leased,modified_gross,bank,direct_utility_meter,heat_pump,electricity,2014,R-410A,led,2,False,0,False,n/a,0,42,1
MNB-01771,Vale Branch,Vale,Lincoln County,NC,28168,35.51215,-81.45828,flagship,9690,1969,owned,n/a,bank,direct_utility_meter,rtu_gas_heat,natural_gas,2015,R-410A,mixed,1,False,0,True,diesel,0,52,1
MNB-01772,Vail Branch,Vail,Eagle County,CO,81657,39.66406,-106.32733,in_store,480,2012,leased,full_gross,landlord,landlord_submeter,host_building_system,unknown,,unknown,mixed,0,False,0,False,n/a,0,76,2
MNB-01773,Las Vegas Branch #5,Las Vegas,Clark County,NV,89165,36.33744,-115.32765,express,1940,1973,owned,n/a,bank,direct_utility_meter,heat_pump,electricity,2003,R-22,fluorescent,3,False,0,False,n/a,0,48,2
MNB-01774,Nashville Branch #2,Nashville,Davidson County,TN,37238,36.18504,-86.78357,drive_thru_only,1100,1975,leased,triple_net,bank,direct_utility_meter,rtu_gas_heat,natural_gas,2000,R-22,led,3,False,1,False,n/a,0,48,2
MNB-01775,Pine Valley Branch,Pine Valley,Washington County,UT,84781,37.39723,-113.49708,in_store,520,2019,leased,full_gross,landlord,landlord_submeter,host_building_system,unknown,,unknown,led,1,False,0,False,n/a,0,63,2
MNB-01776,Conway Branch,Conway,Horry County,SC,29527,33.76877,-79.15018,full_service,6280,2018,leased,triple_net,bank,direct_utility_meter,heat_pump,electricity,2018,R-410A,led,1,True,0,True,diesel,0,50,1
MNB-01777,Briscoe Branch,Briscoe,Wheeler County,TX,79011,35.58589,-100.16727,full_service,7480,2007,leased,triple_net,bank,direct_utility_meter,heat_pump,electricity,2010,R-410A,led,4,True,3,True,diesel,0,54,1
MNB-01778,Cadillac Branch,Cadillac,Wexford County,MI,49601,44.25217,-85.44038,express,1530,1969,leased,full_gross,landlord,shared_unmetered,split_ac_gas_furnace,natural_gas,2009,R-22,led,1,True,0,False,n/a,0,52,3
MNB-01779,Courtland Branch,Courtland,Sacramento County,CA,95615,38.30806,-121.5544,drive_thru_only,1450,1988,owned,n/a,bank,direct_utility_meter,split_ac_gas_furnace,natural_gas,2009,R-22,led,3,False,2,False,n/a,0,49,3
MNB-01780,Smartsville Branch,Smartsville,Nevada County,CA,95977,39.21283,-121.2837,full_service,2200,1976,owned,n/a,bank,direct_utility_meter,boiler_with_split_ac,natural_gas,2010,R-410A,led,4,False,0,False,n/a,0,46,2
MNB-01781,Sparks Branch,Sparks,Washoe County,NV,89436,39.61753,-119.68861,full_service,5800,2007,owned,n/a,bank,landlord_submeter,heat_pump,electricity,2010,R-410A,mixed,2,True,2,False,n/a,0,49,1
MNB-01782,Stephen Branch,Stephen,Marshall County,MN,56757,48.45862,-96.86496,full_service,3240,2013,leased,triple_net,bank,direct_utility_meter,split_ac_gas_furnace,natural_gas,2022,R-410A,led,2,False,0,False,n/a,0,53,2
MNB-01783,Carversville Branch,Carversville,Bucks County,PA,18913,40.39312,-75.05581,full_service,5620,1967,owned,n/a,bank,direct_utility_meter,split_ac_gas_furnace,natural_gas,2010,R-410A,mixed,1,False,0,False,n/a,0,48,1
MNB-01784,Steubenville Branch,Steubenville,Jefferson County,OH,43952,40.33479,-80.63584,drive_thru_only,780,2019,owned,n/a,bank,direct_utility_meter,rtu_gas_heat,natural_gas,2019,R-410A,mixed,2,False,2,False,n/a,0,46,1
MNB-01785,Westford Branch,Westford,Otsego County,NY,13488,42.69518,-74.75896,full_service,4110,1993,owned,n/a,bank,direct_utility_meter,rtu_gas_heat,natural_gas,2011,R-410A,led,3,True,1,False,n/a,0,54,3
MNB-01786,Huntington Beach Branch,Huntington Beach,Orange County,CA,92648,33.64073,-118.00133,full_service,3290,2014,owned,n/a,bank,direct_utility_meter,rtu_gas_heat,natural_gas,2019,R-410A,led,2,True,3,False,n/a,0,46,1
MNB-01787,Oconto Branch,Oconto,Oconto County,WI,54153,44.88401,-87.891,express,1700,1957,owned,n/a,bank,direct_utility_meter,rtu_gas_heat,natural_gas,1998,R-22,led,1,True,0,False,n/a,0,47,1
MNB-01788,La Puente Branch,La Puente,Los Angeles County,CA,91744,34.0412,-117.93565,full_service,7270,1986,leased,triple_net,bank,direct_utility_meter,split_ac_gas_furnace,natural_gas,2018,R-410A,mixed,3,True,3,False,n/a,0,53,1
MNB-01789,Staatsburg Branch,Staatsburg,Dutchess County,NY,12580,41.84639,-73.89338,full_service,4060,1952,owned,n/a,bank,direct_utility_meter,split_ac_gas_furnace,natural_gas,2003,R-22,led,1,True,0,False,n/a,0,46,1
MNB-01790,Iron Ridge Branch,Iron Ridge,Dodge County,WI,53035,43.37581,-88.54763,full_service,7910,2009,leased,full_gross,landlord,shared_unmetered,rtu_gas_heat,natural_gas,2009,R-22,led,1,False,1,False,n/a,0,51,3
MNB-01791,Collbran Branch,Collbran,Mesa County,CO,81624,39.23218,-107.92781,full_service,3740,1960,leased,triple_net,bank,direct_utility_meter,rtu_gas_heat,natural_gas,2015,R-410A,fluorescent,3,False,1,True,diesel,0,48,1
MNB-01792,Lebanon Branch,Lebanon,Lebanon County,PA,17046,40.39352,-76.41631,full_service,6570,1984,owned,n/a,bank,direct_utility_meter,rtu_gas_heat,natural_gas,2013,R-410A,mixed,2,False,2,False,n/a,0,49,1
MNB-01793,Gladstone Branch,Gladstone,Henderson County,IL,61437,40.81464,-90.96157,full_service,2570,2013,leased,triple_net,bank,direct_utility_meter,heat_pump,electricity,2013,R-410A,led,4,False,0,False,n/a,0,49,2
MNB-01794,Athens Branch,Athens,Henderson County,TX,75751,32.20705,-95.85765,full_service,3850,2011,leased,full_gross,landlord,shared_unmetered,rtu_electric_heat,electricity,2012,R-410A,mixed,2,True,2,False,n/a,0,43,3
MNB-01795,Maurertown Branch,Maurertown,Shenandoah County,VA,22644,38.94344,-78.48091,full_service,3570,2005,leased,triple_net,bank,direct_utility_meter,rtu_gas_heat,natural_gas,2005,R-22,led,2,False,3,False,n/a,59,47,1
MNB-01796,Visalia Branch #2,Visalia,Tulare County,CA,93291,36.34079,-119.31249,full_service,6660,2008,owned,n/a,bank,direct_utility_meter,rtu_gas_heat,propane,2008,R-22,led,4,True,0,True,diesel,0,42,1
MNB-01797,Colleyville Branch,Colleyville,Tarrant County,TX,76034,32.8802,-97.14724,full_service,4440,2006,leased,triple_net,bank,landlord_submeter,rtu_gas_heat,natural_gas,2010,R-410A,fluorescent,1,False,1,False,n/a,0,47,2
MNB-01798,Maplecrest Branch,Maplecrest,Greene County,NY,12454,42.28729,-74.15475,express,1060,2005,owned,n/a,bank,direct_utility_meter,split_ac_gas_furnace,natural_gas,2015,R-410A,mixed,1,False,0,False,n/a,0,51,1
MNB-01799,Oro Grande Branch,Oro Grande,San Bernardino County,CA,92368,34.62819,-117.3256,full_service,2830,1985,leased,triple_net,bank,direct_utility_meter,rtu_gas_heat,natural_gas,2012,R-410A,mixed,4,False,3,False,n/a,0,49,1
MNB-01800,Tate Branch,Tate,Pickens County,GA,30177,34.41149,-84.37644,full_service,3090,1954,owned,n/a,bank,direct_utility_meter,split_ac_gas_furnace,propane,2008,R-22,mixed,2,True,1,False,n/a,0,47,1
MNB-01801,Minier Branch,Minier,Tazewell County,IL,61759,40.41527,-89.31015,express,2270,1992,leased,triple_net,bank,direct_utility_meter,rtu_gas_heat,natural_gas,2000,R-22,mixed,2,True,0,False,n/a,0,45,2
MNB-01802,Treadwell Branch,Treadwell,Delaware County,NY,13846,42.35816,-75.06711,full_service,5340,1956,leased,full_gross,landlord,shared_unmetered,boiler_with_split_ac,natural_gas,1999,R-22,mixed,3,False,1,False,n/a,0,42,2
MNB-01803,Corpus Christi Branch #2,Corpus Christi,Nueces County,TX,78407,27.79384,-97.43853,full_service,3830,1994,owned,n/a,bank,direct_utility_meter,rtu_gas_heat,natural_gas,2010,R-410A,led,3,False,3,False,n/a,0,46,3
MNB-01804,Mainesburg Branch,Mainesburg,Tioga County,PA,16932,41.79952,-76.99854,drive_thru_only,870,1994,owned,n/a,bank,direct_utility_meter,rtu_gas_heat,natural_gas,2024,R-410A,led,4,False,3,False,n/a,0,49,2
MNB-01805,Graford Branch,Graford,Palo Pinto County,TX,76449,32.908,-98.35601,full_service,5200,1971,leased,triple_net,bank,direct_utility_meter,rtu_electric_heat,electricity,2020,R-410A,fluorescent,3,True,1,False,n/a,0,54,2
MNB-01806,Somerset Branch,Somerset,Perry County,OH,43783,39.81285,-82.31304,full_service,2990,2013,owned,n/a,bank,direct_utility_meter,rtu_gas_heat,natural_gas,2013,R-410A,mixed,3,False,1,True,diesel,0,42,2
MNB-01807,Saint Johns Branch,Saint Johns,Apache County,AZ,85936,34.5006,-109.39306,in_store,720,2009,leased,full_gross,landlord,landlord_submeter,host_building_system,unknown,,unknown,led,0,False,0,False,n/a,0,63,3
MNB-01808,Hubbard Branch,Hubbard,Hill County,TX,76648,31.82966,-96.79083,in_store,710,2000,leased,full_gross,landlord,landlord_submeter,host_building_system,unknown,,unknown,led,1,False,0,False,n/a,0,71,3
MNB-01809,North Chelmsford Branch,North Chelmsford,Middlesex County,MA,01863,42.62657,-71.38786,full_service,3860,2021,leased,triple_net,bank,direct_utility_meter,rtu_gas_heat,natural_gas,2021,R-410A,led,3,True,2,False,n/a,0,46,1
MNB-01810,Clearwater Branch #2,Clearwater,Pinellas County,FL,33761,28.02138,-82.71657,full_service,4730,1980,leased,triple_net,bank,direct_utility_meter,rtu_gas_heat,natural_gas,2014,R-410A,mixed,2,False,1,True,diesel,0,52,1
MNB-01811,Fort Lauderdale Branch,Fort Lauderdale,Broward County,FL,33332,26.0443,-80.43668,full_service,4330,1978,leased,triple_net,bank,direct_utility_meter,rtu_gas_heat,natural_gas,2012,R-410A,mixed,2,False,2,False,n/a,0,50,1
MNB-01812,Fort Lauderdale Branch #2,Fort Lauderdale,Broward County,FL,33327,26.11794,-80.4334,drive_thru_only,1130,1971,leased,triple_net,bank,direct_utility_meter,split_ac_gas_furnace,natural_gas,2010,R-410A,mixed,1,True,1,False,n/a,0,50,1
MNB-01813,Forest Hills Branch,Forest Hills,Queens County,NY,11375,40.70817,-73.83934,full_service,2810,1999,leased,triple_net,bank,direct_utility_meter,rtu_gas_heat,natural_gas,2015,R-410A,led,3,False,3,False,n/a,0,53,3
MNB-01814,Cramerton Branch,Cramerton,Gaston County,NC,28032,35.21344,-81.11644,full_service,5050,1973,leased,triple_net,bank,direct_utility_meter,rtu_gas_heat,natural_gas,2024,R-410A,led,1,False,2,False,n/a,0,45,1
MNB-01815,Cranston Branch,Cranston,Providence County,RI,02910,41.77204,-71.4236,full_service,5710,2018,leased,modified_gross,bank,landlord_submeter,split_ac_gas_furnace,natural_gas,2018,R-410A,mixed,1,False,2,False,n/a,0,54,1
MNB-01816,Saint Cloud Branch #2,Saint Cloud,Osceola County,FL,34769,28.22637,-81.30948,express,1950,1982,leased,triple_net,bank,direct_utility_meter,split_ac_gas_furnace,natural_gas,1999,R-22,led,2,True,0,False,n/a,0,50,1
MNB-01817,King George Branch,King George,King George County,VA,22485,38.27207,-77.11588,full_service,5030,1995,leased,modified_gross,bank,direct_utility_meter,rtu_gas_heat,natural_gas,2020,R-410A,led,4,False,1,True,diesel,0,44,3
MNB-01818,Martinsburg Branch,Martinsburg,Blair County,PA,16662,40.28419,-78.33506,full_service,4060,1998,owned,n/a,bank,direct_utility_meter,split_ac_gas_furnace,natural_gas,2020,R-410A,fluorescent,3,False,0,False,n/a,0,54,2
MNB-01819,San Ardo Branch,San Ardo,Monterey County,CA,93450,35.97525,-120.84861,full_service,5480,1982,owned,n/a,bank,direct_utility_meter,boiler_with_split_ac,natural_gas,2013,R-410A,led,2,True,2,False,n/a,0,53,2
MNB-01820,Minneapolis Branch #3,Minneapolis,Anoka County,MN,55432,45.11901,-93.2011,in_store,660,2011,leased,full_gross,landlord,shared_unmetered,host_building_system,unknown,,unknown,led,0,False,0,False,n/a,0,71,3
MNB-01821,Waddington Branch,Waddington,St. Lawrence County,NY,13694,44.85708,-75.23218,full_service,2970,2008,leased,triple_net,bank,direct_utility_meter,rtu_gas_heat,natural_gas,2022,R-410A,led,1,False,1,False,n/a,0,48,1
MNB-01822,Reno Branch #2,Reno,Washoe County,NV,89508,39.68104,-119.92996,express,2200,2012,leased,modified_gross,landlord,landlord_submeter,heat_pump,electricity,2012,R-410A,led,4,False,0,False,n/a,0,47,2
MNB-01823,Silverton Branch,Silverton,Briscoe County,TX,79257,34.44278,-101.3386,full_service,2570,2003,leased,triple_net,bank,direct_utility_meter,heat_pump,electricity,2024,R-410A,led,2,True,1,False,n/a,0,48,1
MNB-01824,Rockwall Branch,Rockwall,Rockwall County,TX,75032,32.87815,-96.40438,full_service,4570,1993,leased,triple_net,bank,direct_utility_meter,heat_pump,electricity,2002,R-22,led,2,False,0,False,n/a,0,51,2
MNB-01825,San Diego Branch #7,San Diego,San Diego County,CA,92103,32.74918,-117.16608,full_service,3740,1992,leased,triple_net,bank,direct_utility_meter,rtu_gas_heat,natural_gas,1998,R-22,led,4,True,3,False,n/a,0,44,1
MNB-01826,Lenoir Branch,Lenoir,Caldwell County,NC,28645,35.90261,-81.53824,full_service,3670,2009,leased,full_gross,landlord,shared_unmetered,rtu_electric_heat,electricity,2009,R-22,mixed,1,False,3,False,n/a,0,44,3
MNB-01827,Clearwater Branch #3,Clearwater,Pinellas County,FL,33764,27.9269,-82.74524,full_service,4420,1987,leased,full_gross,landlord,shared_unmetered,heat_pump,electricity,2011,R-410A,mixed,1,False,3,False,n/a,0,48,3
MNB-01828,Kingston Branch,Kingston,Washington County,RI,02881,41.46587,-71.51983,drive_thru_only,830,1992,owned,n/a,bank,direct_utility_meter,rtu_gas_heat,propane,2021,R-410A,led,3,False,2,False,n/a,0,50,3
MNB-01829,Bainbridge Branch,Bainbridge,Chenango County,NY,13733,42.30856,-75.50678,full_service,4890,1969,leased,full_gross,landlord,shared_unmetered,rtu_gas_heat,natural_gas,1999,R-22,fluorescent,1,True,3,False,n/a,0,53,3
MNB-01830,Lindale Branch,Lindale,Floyd County,GA,30147,34.16367,-85.1676,in_store,650,2007,leased,full_gross,landlord,landlord_submeter,host_building_system,unknown,,unknown,mixed,1,False,0,False,n/a,0,74,3
MNB-01831,Rocky Face Branch,Rocky Face,Whitfield County,GA,30740,34.77647,-85.06101,full_service,3480,1960,owned,n/a,bank,direct_utility_meter,split_ac_gas_furnace,natural_gas,2015,R-410A,led,3,False,3,True,diesel,0,46,3
MNB-01832,Robson Branch,Robson,Fayette County,WV,25173,38.08961,-81.26563,full_service,6270,2024,owned,n/a,bank,direct_utility_meter,rtu_gas_heat,natural_gas,2024,R-410A,led,3,False,0,False,n/a,0,46,2
MNB-01833,Carolina Branch,Carolina,Washington County,RI,02812,41.46585,-71.65596,full_service,4460,1967,owned,n/a,bank,direct_utility_meter,boiler_with_split_ac,fuel_oil,2021,R-410A,led,2,False,1,False,n/a,0,51,1
MNB-01834,Bourg Branch,Bourg,Terrebonne Parish,LA,70343,29.54567,-90.60951,full_service,5070,1988,owned,n/a,bank,landlord_submeter,heat_pump,electricity,2010,R-410A,fluorescent,4,True,1,False,n/a,0,49,3
MNB-01835,Bellona Branch,Bellona,Yates County,NY,14415,42.74659,-76.99881,full_service,6420,1976,owned,n/a,bank,landlord_submeter,split_ac_gas_furnace,natural_gas,2014,R-410A,mixed,4,False,0,True,diesel,0,46,1
MNB-01836,Bethlehem Branch,Bethlehem,Litchfield County,CT,06751,41.64452,-73.19444,express,2550,1981,leased,full_gross,landlord,landlord_submeter,rtu_gas_heat,natural_gas,2004,R-22,mixed,2,False,0,False,n/a,0,49,3
MNB-01837,Lincoln Branch #2,Lincoln,Lancaster County,NE,68527,40.83756,-96.54968,express,2080,1983,leased,modified_gross,bank,direct_utility_meter,split_ac_gas_furnace,propane,2008,R-22,fluorescent,1,False,0,False,n/a,0,45,3
MNB-01838,Plymouth Branch,Plymouth,Chenango County,NY,13832,42.63254,-75.61822,drive_thru_only,920,2009,leased,triple_net,bank,direct_utility_meter,rtu_gas_heat,natural_gas,2010,R-410A,led,2,True,1,False,n/a,0,52,1
MNB-01839,Rustburg Branch,Rustburg,Campbell County,VA,24588,37.24933,-79.12005,express,1250,1970,owned,n/a,bank,direct_utility_meter,rtu_gas_heat,natural_gas,2014,R-410A,led,1,True,0,False,n/a,0,54,1
MNB-01840,Bonesteel Branch,Bonesteel,Gregory County,SD,57317,43.07906,-98.96968,full_service,4460,1978,leased,triple_net,bank,direct_utility_meter,heat_pump,electricity,2020,R-410A,mixed,3,False,2,False,n/a,0,52,3
MNB-01841,Hartland Branch,Hartland,Windsor County,VT,05048,43.56797,-72.40785,full_service,5830,1963,leased,full_gross,landlord,shared_unmetered,split_ac_gas_furnace,natural_gas,2006,R-22,mixed,4,False,0,True,diesel,0,49,3
MNB-01842,Markham Branch,Markham,Cook County,IL,60428,41.59612,-87.68848,full_service,4670,1984,leased,triple_net,bank,direct_utility_meter,rtu_gas_heat,natural_gas,2016,R-410A,led,3,False,0,False,n/a,0,44,2
MNB-01843,Maitland Branch,Maitland,Orange County,FL,32751,28.62676,-81.367,express,1000,2022,leased,full_gross,landlord,shared_unmetered,rtu_electric_heat,electricity,2022,R-410A,led,4,True,0,False,n/a,0,43,3
MNB-01844,Soddy Daisy Branch,Soddy Daisy,Hamilton County,TN,37379,35.27306,-85.16361,full_service,5450,1988,leased,modified_gross,bank,direct_utility_meter,rtu_gas_heat,natural_gas,2008,R-22,mixed,2,False,2,True,diesel,0,53,1
MNB-01845,Garland Branch,Garland,Dallas County,TX,75042,32.90242,-96.66184,full_service,5550,2013,owned,n/a,bank,direct_utility_meter,rtu_gas_heat,natural_gas,2013,R-410A,led,4,True,3,False,n/a,0,48,3
MNB-01846,Amana Branch,Amana,Iowa County,IA,52203,41.84054,-91.88546,in_store,600,1993,leased,modified_gross,landlord,shared_unmetered,host_building_system,unknown,,unknown,led,1,False,0,False,n/a,0,60,2
MNB-01847,Hazleton Branch,Hazleton,Buchanan County,IA,50641,42.58488,-91.91524,full_service,5640,1993,leased,triple_net,bank,direct_utility_meter,rtu_gas_heat,natural_gas,2019,R-410A,led,3,False,0,False,n/a,0,47,1
MNB-01848,Hamilton Branch,Hamilton,Marion County,AL,35570,34.15601,-88.01527,in_store,760,2015,leased,full_gross,landlord,shared_unmetered,host_building_system,unknown,,unknown,fluorescent,1,False,0,False,n/a,0,62,3
MNB-01849,Pierre Part Branch,Pierre Part,Assumption Parish,LA,70339,29.9665,-91.19515,full_service,3410,1953,owned,n/a,bank,direct_utility_meter,rtu_gas_heat,natural_gas,2022,R-410A,mixed,1,True,2,False,n/a,0,48,1
MNB-01850,Bucksport Branch,Bucksport,Hancock County,ME,04416,44.60736,-68.79363,in_store,890,2018,leased,modified_gross,landlord,shared_unmetered,host_building_system,unknown,,unknown,led,1,False,0,False,n/a,0,66,3
MNB-01851,Grover Beach Branch,Grover Beach,San Luis Obispo County,CA,93433,35.12305,-120.6263,express,1310,1995,owned,n/a,bank,direct_utility_meter,rtu_gas_heat,natural_gas,2009,R-22,mixed,2,False,0,False,n/a,0,44,1
MNB-01852,Madison Branch,Madison,Morgan County,GA,30650,33.58797,-83.44382,full_service,4120,1985,leased,triple_net,bank,direct_utility_meter,heat_pump,electricity,2002,R-22,fluorescent,3,False,1,False,n/a,0,51,1
MNB-01853,Pine Village Branch,Pine Village,Warren County,IN,47975,40.43317,-87.23418,full_service,4000,2020,owned,n/a,bank,direct_utility_meter,rtu_gas_heat,natural_gas,2020,R-410A,led,4,True,0,False,n/a,0,49,1
MNB-01854,Danielsville Branch,Danielsville,Northampton County,PA,18038,40.78358,-75.51015,full_service,3270,1984,owned,n/a,bank,direct_utility_meter,split_ac_gas_furnace,natural_gas,1999,R-22,mixed,2,False,3,False,n/a,0,43,1
MNB-01855,Ione Branch,Ione,Pend Oreille County,WA,99139,48.73157,-117.44695,full_service,4600,2023,owned,n/a,bank,direct_utility_meter,rtu_gas_heat,natural_gas,2023,R-410A,led,4,False,2,False,n/a,0,45,1
MNB-01856,Hamilton Branch,Hamilton,Martin County,NC,27840,35.94112,-77.20288,full_service,6220,2021,leased,modified_gross,bank,landlord_submeter,rtu_gas_heat,natural_gas,2021,R-410A,mixed,4,True,3,False,n/a,0,47,1
MNB-01857,New York Branch #7,New York,New York County,NY,10090,40.78318,-73.97914,full_service,6100,1979,leased,full_gross,landlord,landlord_submeter,rtu_gas_heat,natural_gas,2016,R-410A,mixed,3,True,2,False,n/a,0,52,3
MNB-01858,Mineville Branch,Mineville,Essex County,NY,12956,44.07839,-73.52938,full_service,5210,1985,leased,triple_net,bank,direct_utility_meter,boiler_with_split_ac,natural_gas,2024,R-410A,led,3,False,3,False,n/a,0,42,1
MNB-01859,Point Pleasant Beach Branch,Point Pleasant Beach,Ocean County,NJ,08742,40.07092,-74.05733,full_service,2520,2015,owned,n/a,bank,direct_utility_meter,rtu_gas_heat,natural_gas,2015,R-410A,led,3,False,3,False,n/a,0,48,1
MNB-01860,Spokane Branch,Spokane,Christian County,MO,65754,36.84728,-93.28135,full_service,2810,1972,owned,n/a,bank,direct_utility_meter,rtu_gas_heat,natural_gas,2007,R-22,mixed,2,True,3,False,n/a,0,48,2
MNB-01861,Nevada City Branch,Nevada City,Nevada County,CA,95959,39.30639,-120.99719,express,1870,2010,leased,triple_net,bank,direct_utility_meter,rtu_gas_heat,natural_gas,2021,R-410A,mixed,2,False,0,False,n/a,0,48,1
MNB-01862,Tarboro Branch,Tarboro,Edgecombe County,NC,27886,35.90484,-77.53103,full_service,4150,1966,owned,n/a,bank,direct_utility_meter,rtu_gas_heat,natural_gas,1999,R-22,mixed,2,False,3,True,diesel,0,54,1
MNB-01863,Sheridan Branch,Sheridan,Placer County,CA,95681,38.99808,-121.36508,full_service,3610,1973,owned,n/a,bank,direct_utility_meter,rtu_gas_heat,natural_gas,2017,R-410A,led,1,True,1,False,n/a,0,50,1
MNB-01864,Buchanan Dam Branch,Buchanan Dam,Llano County,TX,78609,30.76538,-98.43327,full_service,7430,1996,leased,modified_gross,bank,direct_utility_meter,rtu_gas_heat,natural_gas,2013,R-410A,led,2,False,1,False,n/a,0,50,1
MNB-01865,Monroe Township Branch,Monroe Township,Middlesex County,NJ,08831,40.33225,-74.42859,full_service,4330,2011,leased,triple_net,bank,direct_utility_meter,rtu_gas_heat,natural_gas,2020,R-410A,led,4,False,0,False,n/a,0,46,1
MNB-01866,Newport Branch,Newport,Perry County,PA,17074,40.4874,-77.18354,express,2060,2011,leased,modified_gross,landlord,shared_unmetered,rtu_gas_heat,natural_gas,2011,R-410A,fluorescent,1,True,0,False,n/a,0,49,3
MNB-01867,New Orleans Branch #4,New Orleans,Orleans Parish,LA,70139,29.95825,-90.07241,full_service,5640,2003,owned,n/a,bank,direct_utility_meter,heat_pump,electricity,2003,R-22,fluorescent,4,False,3,False,n/a,0,53,1
MNB-01868,Cornelius Branch,Cornelius,Mecklenburg County,NC,28031,35.4722,-80.85324,in_store,650,1979,leased,full_gross,landlord,shared_unmetered,host_building_system,unknown,,unknown,fluorescent,1,False,0,False,n/a,0,77,3
MNB-01869,Sewell Branch,Sewell,Gloucester County,NJ,08080,39.74093,-75.08746,full_service,8000,1990,leased,triple_net,bank,direct_utility_meter,split_ac_gas_furnace,natural_gas,2024,R-410A,mixed,2,True,3,False,n/a,0,45,1
MNB-01870,Fort Lauderdale Branch #3,Fort Lauderdale,Broward County,FL,33311,26.16867,-80.18939,drive_thru_only,790,1977,leased,modified_gross,bank,direct_utility_meter,heat_pump,electricity,2012,R-410A,led,2,True,3,False,n/a,0,52,1
MNB-01871,Clarks Hill Branch,Clarks Hill,McCormick County,SC,29821,33.64508,-82.1461,in_store,550,1979,leased,full_gross,landlord,landlord_submeter,host_building_system,unknown,,unknown,mixed,1,False,0,False,n/a,0,67,3
MNB-01872,Cookstown Branch,Cookstown,Burlington County,NJ,08511,40.04011,-74.56014,in_store,510,1983,leased,full_gross,landlord,shared_unmetered,host_building_system,unknown,,unknown,mixed,0,False,0,False,n/a,0,76,3
MNB-01873,San Diego Branch #8,San Diego,San Diego County,CA,92131,32.91751,-117.07943,full_service,6710,2002,leased,triple_net,bank,direct_utility_meter,rtu_gas_heat,natural_gas,2011,R-410A,led,2,True,2,False,n/a,0,49,3
MNB-01874,Hermleigh Branch,Hermleigh,Scurry County,TX,79526,32.63242,-100.74742,full_service,5340,1973,leased,triple_net,bank,direct_utility_meter,rtu_gas_heat,natural_gas,2018,R-410A,fluorescent,3,False,0,False,n/a,0,45,1
MNB-01875,Eagle Mountain Branch,Eagle Mountain,Utah County,UT,84005,40.36334,-112.02683,in_store,560,1955,leased,modified_gross,bank,direct_utility_meter,host_building_system,unknown,,unknown,fluorescent,0,False,0,False,n/a,0,70,2
MNB-01876,Edmond Branch,Edmond,Oklahoma County,OK,73012,35.63497,-97.46676,full_service,3240,2008,owned,n/a,bank,direct_utility_meter,rtu_electric_heat,electricity,2008,R-22,led,2,False,3,False,n/a,0,49,2
MNB-01877,Edgecomb Branch,Edgecomb,Lincoln County,ME,04556,43.97807,-69.63174,full_service,6360,1953,leased,modified_gross,landlord,landlord_submeter,boiler_with_split_ac,fuel_oil,2024,R-410A,mixed,4,True,1,False,n/a,0,54,3
MNB-01878,Waggoner Branch,Waggoner,Montgomery County,IL,62572,39.35547,-89.67156,full_service,4680,2023,leased,triple_net,bank,direct_utility_meter,heat_pump,electricity,2024,R-410A,led,1,True,2,True,diesel,0,51,1
MNB-01879,Alapaha Branch,Alapaha,Berrien County,GA,31622,31.40827,-83.21546,full_service,6410,1985,owned,n/a,bank,direct_utility_meter,rtu_gas_heat,natural_gas,2022,R-410A,mixed,1,False,0,False,n/a,0,49,2
MNB-01880,Springport Branch,Springport,Jackson County,MI,49284,42.38801,-84.69897,full_service,4120,1950,leased,triple_net,bank,direct_utility_meter,rtu_gas_heat,natural_gas,2013,R-410A,mixed,4,True,2,False,n/a,0,48,2
MNB-01881,Farmington Branch,Farmington,Hartford County,CT,06032,41.71323,-72.86119,full_service,4890,2019,leased,full_gross,landlord,landlord_submeter,split_ac_gas_furnace,natural_gas,2022,R-410A,led,4,True,1,False,n/a,0,43,3
MNB-01882,Binghamton Branch,Binghamton,Broome County,NY,13905,42.13643,-75.92245,full_service,4590,2002,owned,n/a,bank,direct_utility_meter,split_ac_gas_furnace,natural_gas,2011,R-410A,led,1,True,3,False,n/a,0,47,2
MNB-01883,Novato Branch,Novato,Marin County,CA,94949,38.06971,-122.53124,full_service,3480,2015,leased,triple_net,bank,direct_utility_meter,split_ac_gas_furnace,natural_gas,2024,R-410A,led,2,True,2,False,n/a,0,49,1
MNB-01884,Plymouth Branch,Plymouth,Washington County,NC,27962,35.85068,-76.74254,full_service,4020,1991,owned,n/a,bank,direct_utility_meter,rtu_electric_heat,electricity,2007,R-22,led,2,False,3,False,n/a,0,44,2
MNB-01885,Palm Bay Branch,Palm Bay,Brevard County,FL,32907,28.03588,-80.68431,in_store,480,1986,leased,modified_gross,bank,direct_utility_meter,host_building_system,unknown,,unknown,led,1,False,0,False,n/a,0,67,1
MNB-01886,Mount Vernon Branch #2,Mount Vernon,Westchester County,NY,10553,40.91051,-73.83385,full_service,4870,2006,leased,triple_net,bank,direct_utility_meter,split_ac_gas_furnace,natural_gas,2012,R-410A,fluorescent,3,False,3,False,n/a,0,45,1
MNB-01887,Snowmass Branch,Snowmass,Pitkin County,CO,81654,39.22546,-107.01799,in_store,780,1989,leased,full_gross,landlord,landlord_submeter,host_building_system,unknown,,unknown,led,1,False,0,False,n/a,0,66,3
MNB-01888,La Pine Branch,La Pine,Deschutes County,OR,97739,43.70118,-121.53753,full_service,5650,2000,leased,triple_net,bank,direct_utility_meter,split_ac_gas_furnace,natural_gas,2010,R-410A,mixed,4,False,2,False,n/a,0,53,1
MNB-01889,Portage Branch,Portage,Aroostook County,ME,04768,46.78228,-68.47493,full_service,5120,1979,leased,modified_gross,landlord,shared_unmetered,rtu_gas_heat,natural_gas,2021,R-410A,led,2,False,0,False,n/a,0,44,3
MNB-01890,New York Branch #8,New York,New York County,NY,10028,40.78202,-73.95488,in_store,620,1984,leased,full_gross,landlord,shared_unmetered,host_building_system,unknown,,unknown,led,0,False,0,False,n/a,0,71,2
MNB-01891,Danube Branch,Danube,Renville County,MN,56230,44.79208,-95.09835,drive_thru_only,1470,1960,leased,full_gross,landlord,shared_unmetered,rtu_gas_heat,natural_gas,2020,R-410A,mixed,4,False,3,False,n/a,0,51,1
MNB-01892,Scottsdale Branch #3,Scottsdale,Maricopa County,AZ,85260,33.59182,-111.9072,in_store,810,2013,leased,modified_gross,landlord,shared_unmetered,host_building_system,unknown,,unknown,led,0,False,0,False,n/a,0,69,3
MNB-01893,West Lebanon Branch,West Lebanon,Warren County,IN,47991,40.26746,-87.44016,in_store,910,1985,leased,full_gross,landlord,landlord_submeter,host_building_system,unknown,,unknown,led,1,False,0,False,n/a,0,66,1
MNB-01894,Wilsonville Branch,Wilsonville,Clackamas County,OR,97070,45.29776,-122.76254,in_store,930,2023,leased,full_gross,landlord,landlord_submeter,host_building_system,unknown,,unknown,led,1,False,0,False,n/a,0,76,3
MNB-01895,Kellogg Branch,Kellogg,Shoshone County,ID,83837,47.5271,-116.14134,in_store,620,1978,leased,full_gross,landlord,landlord_submeter,host_building_system,unknown,,unknown,led,1,False,0,False,n/a,0,68,2
MNB-01896,Weston Branch,Weston,Webster County,GA,31832,31.94604,-84.56962,in_store,710,1994,leased,full_gross,landlord,landlord_submeter,host_building_system,unknown,,unknown,led,0,False,0,False,n/a,0,66,3
MNB-01897,Lake Huntington Branch,Lake Huntington,Sullivan County,NY,12752,41.68498,-74.99383,in_store,780,1982,leased,full_gross,landlord,shared_unmetered,host_building_system,unknown,,unknown,mixed,1,False,0,False,n/a,0,65,3
MNB-01898,Captain Cook Branch,Captain Cook,Hawaii County,HI,96704,19.28368,-155.79103,full_service,2970,2008,owned,n/a,bank,direct_utility_meter,heat_pump,electricity,2009,R-22,led,3,True,2,False,n/a,0,44,3
MNB-01899,Boxborough Branch,Boxborough,Middlesex County,MA,01719,42.49386,-71.50744,full_service,2990,2015,owned,n/a,bank,direct_utility_meter,heat_pump,electricity,2015,R-410A,fluorescent,3,False,3,False,n/a,0,54,1
MNB-01900,Kalaheo Branch,Kalaheo,Kauai County,HI,96741,21.96346,-159.53733,full_service,2840,1995,owned,n/a,bank,direct_utility_meter,rtu_gas_heat,natural_gas,1999,R-22,led,2,False,3,False,n/a,0,44,1
MNB-01901,Fort Huachuca Branch,Fort Huachuca,Cochise County,AZ,85613,31.5825,-110.37894,full_service,4060,1987,owned,n/a,bank,direct_utility_meter,rtu_gas_heat,natural_gas,2008,R-22,led,4,True,0,False,n/a,0,44,1
MNB-01902,Riverton Branch,Riverton,Cherokee County,KS,66770,37.07508,-94.69807,in_store,590,2011,leased,full_gross,landlord,landlord_submeter,host_building_system,unknown,,unknown,mixed,1,False,0,False,n/a,0,65,3
MNB-01903,Sedro Woolley Branch,Sedro Woolley,Skagit County,WA,98284,48.53531,-122.21562,full_service,2730,1972,owned,n/a,bank,direct_utility_meter,split_ac_gas_furnace,natural_gas,1998,R-22,fluorescent,3,True,2,True,diesel,0,47,3
MNB-01904,Annapolis Branch,Annapolis,Crawford County,IL,62413,39.11314,-87.79822,full_service,4390,2002,leased,modified_gross,landlord,landlord_submeter,rtu_gas_heat,natural_gas,2022,R-410A,led,3,False,1,False,n/a,0,44,3
MNB-01905,Sheridan Branch,Sheridan,LaSalle County,IL,60551,41.51776,-88.67422,in_store,630,2010,leased,full_gross,landlord,landlord_submeter,host_building_system,unknown,,unknown,led,0,False,0,False,n/a,0,75,3
MNB-01906,Long Beach Branch #2,Long Beach,Los Angeles County,CA,90813,33.79084,-118.19113,full_service,5980,1979,leased,full_gross,landlord,shared_unmetered,split_ac_gas_furnace,natural_gas,2003,R-22,led,1,False,0,False,n/a,0,45,3
MNB-01907,Reidsville Branch,Reidsville,Rockingham County,NC,27320,36.33765,-79.66784,drive_thru_only,1600,2006,leased,triple_net,bank,direct_utility_meter,heat_pump,electricity,2006,R-22,fluorescent,4,False,1,False,n/a,0,52,1
MNB-01908,Tallahassee Branch #2,Tallahassee,Leon County,FL,32301,30.44056,-84.25277,full_service,4810,2010,leased,triple_net,bank,direct_utility_meter,rtu_gas_heat,natural_gas,2010,R-410A,fluorescent,3,False,3,True,diesel,0,46,3
MNB-01909,Phoenix Branch #5,Phoenix,Maricopa County,AZ,85044,33.31718,-112.00399,full_service,3400,1964,leased,triple_net,bank,direct_utility_meter,heat_pump,electricity,2016,R-410A,fluorescent,4,True,2,False,n/a,0,52,1
MNB-01910,Marshall Branch,Marshall,Clark County,IL,62441,39.42554,-87.68321,full_service,5090,1983,leased,triple_net,bank,direct_utility_meter,rtu_gas_heat,natural_gas,1998,R-22,led,2,False,1,False,n/a,0,42,2
MNB-01911,Grampian Branch,Grampian,Clearfield County,PA,16838,40.99287,-78.5693,full_service,4210,1989,owned,n/a,bank,direct_utility_meter,split_ac_gas_furnace,natural_gas,2000,R-22,led,3,True,3,False,n/a,0,49,1
MNB-01912,Newfane Branch,Newfane,Niagara County,NY,14108,43.28032,-78.70774,full_service,3900,2013,leased,triple_net,bank,direct_utility_meter,split_ac_gas_furnace,natural_gas,2015,R-410A,led,4,False,2,False,n/a,0,42,1
MNB-01913,Largo Branch,Largo,Pinellas County,FL,33774,27.9069,-82.84263,full_service,3240,2000,owned,n/a,bank,direct_utility_meter,heat_pump,electricity,2007,R-22,fluorescent,2,True,3,True,diesel,0,45,1
MNB-01914,Brookshire Branch,Brookshire,Waller County,TX,77423,29.79804,-95.99164,full_service,3650,1993,leased,full_gross,landlord,shared_unmetered,heat_pump,electricity,2018,R-410A,mixed,3,True,2,False,n/a,0,42,3
MNB-01915,Galva Branch,Galva,Henry County,IL,61434,41.14905,-90.03878,full_service,3980,1983,leased,triple_net,bank,direct_utility_meter,heat_pump,electricity,2016,R-410A,led,4,False,2,True,diesel,0,48,1
MNB-01916,Spring Valley Branch #2,Spring Valley,San Diego County,CA,91978,32.72097,-116.96032,in_store,790,1950,leased,full_gross,landlord,landlord_submeter,host_building_system,unknown,,unknown,mixed,1,False,0,False,n/a,0,68,3
MNB-01917,North Powder Branch,North Powder,Union County,OR,97867,45.03963,-117.92318,full_service,4890,1952,leased,modified_gross,bank,direct_utility_meter,split_ac_gas_furnace,natural_gas,1999,R-22,fluorescent,3,True,0,False,n/a,0,47,3
MNB-01918,Schuyler Branch,Schuyler,Albemarle County,VA,22969,37.80358,-78.6989,full_service,7260,1976,owned,n/a,bank,landlord_submeter,rtu_gas_heat,natural_gas,2015,R-410A,fluorescent,3,True,2,False,n/a,0,53,1
MNB-01919,Santa Rosa Branch #2,Santa Rosa,Sonoma County,CA,95404,38.44173,-122.70443,full_service,5140,1964,leased,modified_gross,landlord,shared_unmetered,split_ac_gas_furnace,natural_gas,2022,R-410A,mixed,4,False,1,False,n/a,0,44,3
MNB-01920,Avondale Branch,Avondale,Maricopa County,AZ,85323,33.41862,-112.3457,express,2000,1965,leased,full_gross,landlord,landlord_submeter,rtu_electric_heat,electricity,2020,R-410A,mixed,4,False,0,False,n/a,0,49,2
MNB-01921,Las Vegas Branch #6,Las Vegas,Clark County,NV,89128,36.206,-115.27319,drive_thru_only,920,2003,owned,n/a,bank,direct_utility_meter,rtu_electric_heat,electricity,2023,R-410A,led,1,False,1,False,n/a,0,45,1
MNB-01922,Quincy Branch,Quincy,Adams County,IL,62305,39.9454,-91.30741,flagship,9240,2003,leased,triple_net,bank,direct_utility_meter,split_ac_gas_furnace,natural_gas,2021,R-410A,led,1,False,0,True,diesel,0,52,3
MNB-01923,Kouts Branch,Kouts,Porter County,IN,46347,41.32301,-87.03836,express,1560,1956,owned,n/a,bank,direct_utility_meter,rtu_gas_heat,natural_gas,2022,R-410A,fluorescent,1,False,0,False,n/a,0,43,1
MNB-01924,Glenwood Branch,Glenwood,Klickitat County,WA,98619,46.04139,-121.26463,full_service,3400,2002,leased,triple_net,bank,direct_utility_meter,rtu_gas_heat,natural_gas,2007,R-22,led,3,False,2,False,n/a,0,48,1
MNB-01925,Kanab Branch,Kanab,Kane County,UT,84741,37.0519,-112.52746,in_store,350,1967,leased,full_gross,landlord,shared_unmetered,host_building_system,unknown,,unknown,fluorescent,0,False,0,False,n/a,0,60,2
MNB-01926,Bakersfield Branch #2,Bakersfield,Kern County,CA,93304,35.3466,-119.01407,full_service,3100,1987,owned,n/a,bank,direct_utility_meter,split_ac_gas_furnace,natural_gas,2013,R-410A,led,4,True,0,True,diesel,0,53,1
MNB-01927,Ontario Branch,Ontario,San Bernardino County,CA,91761,34.02569,-117.62514,express,2680,2024,leased,triple_net,bank,direct_utility_meter,split_ac_gas_furnace,natural_gas,2024,R-410A,led,4,False,0,False,n/a,0,48,1
MNB-01928,Waimanalo Branch,Waimanalo,Honolulu County,HI,96795,21.32008,-157.72572,full_service,4690,1997,owned,n/a,bank,direct_utility_meter,heat_pump,electricity,2015,R-410A,led,3,True,1,False,n/a,0,53,1
MNB-01929,Chappell Hill Branch,Chappell Hill,Washington County,TX,77426,30.17607,-96.23751,full_service,3750,1954,leased,triple_net,bank,direct_utility_meter,heat_pump,electricity,2024,R-410A,mixed,1,False,3,True,diesel,0,47,1
MNB-01930,Long Lake Branch,Long Lake,Hamilton County,NY,12847,43.93459,-74.45299,express,1980,1985,leased,triple_net,bank,direct_utility_meter,rtu_gas_heat,natural_gas,2007,R-22,fluorescent,2,False,0,False,n/a,0,49,1
MNB-01931,Honolulu Branch #3,Honolulu,Honolulu County,HI,96850,21.29214,-157.86925,drive_thru_only,610,2007,owned,n/a,bank,direct_utility_meter,rtu_gas_heat,natural_gas,2007,R-22,led,2,True,3,False,n/a,0,47,1
MNB-01932,Dunstable Branch,Dunstable,Middlesex County,MA,01827,42.69457,-71.50565,flagship,15670,1975,owned,n/a,bank,direct_utility_meter,rtu_gas_heat,natural_gas,2015,R-410A,mixed,3,True,0,True,diesel,0,55,1
MNB-01933,Millheim Branch,Millheim,Centre County,PA,16854,40.89677,-77.47143,full_service,6160,2023,leased,modified_gross,bank,direct_utility_meter,rtu_gas_heat,propane,2023,R-410A,mixed,2,False,2,False,n/a,0,54,3
MNB-01934,Bison Branch,Bison,Perkins County,SD,57620,45.52066,-102.47671,full_service,4050,1991,owned,n/a,bank,direct_utility_meter,rtu_gas_heat,natural_gas,2015,R-410A,fluorescent,2,False,1,False,n/a,0,46,1
MNB-01935,Salt Lake City Branch #2,Salt Lake City,Salt Lake County,UT,84133,40.76529,-111.86959,full_service,2460,1953,owned,n/a,bank,direct_utility_meter,rtu_gas_heat,natural_gas,2008,R-22,mixed,3,False,3,False,n/a,0,43,2
MNB-01936,Clarendon Branch,Clarendon,Columbus County,NC,28432,34.17403,-78.75945,full_service,3700,1999,leased,triple_net,bank,direct_utility_meter,rtu_electric_heat,electricity,1999,R-22,led,2,False,1,True,diesel,0,54,1
MNB-01937,Boyne City Branch,Boyne City,Charlevoix County,MI,49712,45.21677,-85.01057,full_service,6160,2007,owned,n/a,bank,direct_utility_meter,rtu_gas_heat,natural_gas,2007,R-22,mixed,4,True,2,False,n/a,0,43,1
MNB-01938,Eagle Branch,Eagle,Ada County,ID,83616,43.70651,-116.35337,full_service,4530,1993,leased,modified_gross,bank,direct_utility_meter,split_ac_gas_furnace,natural_gas,2000,R-22,led,1,False,3,True,diesel,0,52,2
MNB-01939,Elmore Branch,Elmore,Ottawa County,OH,43416,41.47447,-83.29054,drive_thru_only,700,2021,owned,n/a,bank,direct_utility_meter,split_ac_gas_furnace,natural_gas,2021,R-410A,led,3,False,2,False,n/a,0,53,3
MNB-01940,North Las Vegas Branch #2,North Las Vegas,Clark County,NV,89033,36.28215,-115.14606,full_service,8000,2020,leased,full_gross,landlord,shared_unmetered,heat_pump,electricity,2020,R-410A,led,2,False,1,False,n/a,0,51,3
MNB-01941,Lakewood Branch,Lakewood,Los Angeles County,CA,90712,33.84709,-118.15871,in_store,470,1967,leased,modified_gross,bank,landlord_submeter,host_building_system,unknown,,unknown,led,1,False,0,False,n/a,0,76,1
MNB-01942,Davis Creek Branch,Davis Creek,Modoc County,CA,96108,41.72142,-120.77749,drive_thru_only,940,1960,owned,n/a,bank,direct_utility_meter,rtu_gas_heat,natural_gas,2000,R-22,led,4,True,3,False,n/a,0,48,1
MNB-01943,Slocum Branch,Slocum,Washington County,RI,02877,41.50517,-71.52035,full_service,3070,1982,leased,triple_net,bank,direct_utility_meter,boiler_with_split_ac,fuel_oil,2003,R-22,led,4,True,2,False,n/a,0,48,1
MNB-01944,Post Falls Branch,Post Falls,Kootenai County,ID,83854,47.71736,-116.93182,full_service,3070,2003,leased,full_gross,landlord,shared_unmetered,rtu_gas_heat,natural_gas,2011,R-410A,led,1,True,3,False,n/a,0,44,3
MNB-01945,Monterey Branch,Monterey,Monterey County,CA,93940,36.58088,-121.84335,full_service,3660,2002,leased,modified_gross,bank,direct_utility_meter,rtu_gas_heat,natural_gas,2002,R-22,fluorescent,2,True,3,False,n/a,0,44,1
MNB-01946,Collinwood Branch,Collinwood,Wayne County,TN,38450,35.14807,-87.74961,full_service,5080,1979,owned,n/a,bank,direct_utility_meter,heat_pump,electricity,1999,R-22,fluorescent,1,False,1,False,n/a,0,47,3
MNB-01947,Monroe Branch,Monroe,Union County,NC,28112,34.89419,-80.52933,in_store,890,2022,leased,full_gross,landlord,shared_unmetered,host_building_system,unknown,,unknown,led,1,False,0,False,n/a,0,66,3
MNB-01948,Bridgeport Branch,Bridgeport,Belmont County,OH,43912,40.07585,-80.78543,full_service,3740,1982,leased,full_gross,landlord,shared_unmetered,rtu_gas_heat,natural_gas,2020,R-410A,mixed,1,False,1,False,n/a,0,45,3
MNB-01949,Hilton Branch,Hilton,Monroe County,NY,14468,43.26643,-77.76588,full_service,3100,2014,owned,n/a,bank,direct_utility_meter,split_ac_gas_furnace,natural_gas,2014,R-410A,led,3,False,0,False,n/a,0,53,1
MNB-01950,Dennis Branch,Dennis,Barnstable County,MA,02638,41.72122,-70.20849,flagship,16950,2016,leased,full_gross,landlord,shared_unmetered,split_ac_gas_furnace,propane,2016,R-410A,led,2,True,0,True,diesel,0,56,3
MNB-01951,Virgin Branch,Virgin,Washington County,UT,84779,37.20709,-113.19515,in_store,730,1962,leased,modified_gross,bank,direct_utility_meter,host_building_system,unknown,,unknown,led,0,False,0,False,n/a,0,61,1
MNB-01952,Dillonvale Branch,Dillonvale,Jefferson County,OH,43917,40.22974,-80.82953,drive_thru_only,1060,1976,leased,full_gross,landlord,landlord_submeter,split_ac_gas_furnace,natural_gas,2003,R-22,mixed,3,True,1,False,n/a,0,46,3
MNB-01953,Palmetto Branch,Palmetto,Manatee County,FL,34221,27.52906,-82.55865,full_service,4560,1974,leased,full_gross,landlord,landlord_submeter,heat_pump,electricity,2012,R-410A,led,1,False,3,False,n/a,0,49,3
MNB-01954,Phoenix Branch #6,Phoenix,Maricopa County,AZ,85053,33.6318,-112.14482,express,1750,2020,owned,n/a,bank,direct_utility_meter,heat_pump,electricity,2021,R-410A,led,4,False,0,False,n/a,0,44,2
MNB-01955,Hosford Branch,Hosford,Liberty County,FL,32334,30.37617,-84.81828,full_service,4320,1985,leased,modified_gross,landlord,shared_unmetered,rtu_electric_heat,electricity,1999,R-22,mixed,2,True,0,False,n/a,0,52,3
MNB-01956,Mechanicsburg Branch,Mechanicsburg,Cumberland County,PA,17055,40.18832,-77.02007,full_service,3970,2016,owned,n/a,bank,direct_utility_meter,rtu_gas_heat,natural_gas,2016,R-410A,led,1,True,2,False,n/a,0,45,3
MNB-01957,Morongo Valley Branch,Morongo Valley,San Bernardino County,CA,92256,34.05946,-116.55627,express,2350,1994,leased,modified_gross,landlord,shared_unmetered,rtu_gas_heat,natural_gas,2020,R-410A,led,1,False,0,False,n/a,0,50,3
MNB-01958,Lincoln Park Branch,Lincoln Park,Morris County,NJ,07035,40.91518,-74.29096,express,2800,1993,leased,modified_gross,bank,direct_utility_meter,split_ac_gas_furnace,natural_gas,2022,R-410A,led,4,False,0,False,n/a,0,45,3
MNB-01959,Bolingbrook Branch,Bolingbrook,Will County,IL,60440,41.69005,-88.06556,full_service,4430,2020,leased,modified_gross,landlord,shared_unmetered,split_ac_gas_furnace,natural_gas,2020,R-410A,led,4,True,0,False,n/a,0,48,3
MNB-01960,East Millsboro Branch,East Millsboro,Fayette County,PA,15433,39.98781,-79.97463,full_service,4190,1992,owned,n/a,bank,direct_utility_meter,rtu_gas_heat,natural_gas,2024,R-410A,mixed,3,True,1,False,n/a,0,53,1
MNB-01961,Weirsdale Branch,Weirsdale,Marion County,FL,32195,28.98054,-81.89057,full_service,4530,2011,owned,n/a,bank,direct_utility_meter,rtu_gas_heat,propane,2018,R-410A,led,2,False,2,False,n/a,0,49,1
MNB-01962,Blue Hill Branch,Blue Hill,Hancock County,ME,04614,44.44185,-68.60397,in_store,550,1991,leased,full_gross,landlord,shared_unmetered,host_building_system,unknown,,unknown,led,0,False,0,False,n/a,0,63,3
MNB-01963,Franklin Branch,Franklin,Milwaukee County,WI,53132,42.90328,-88.01262,drive_thru_only,1210,1963,leased,modified_gross,bank,direct_utility_meter,split_ac_gas_furnace,natural_gas,1998,R-22,fluorescent,2,True,1,False,n/a,0,53,2
MNB-01964,Rose City Branch,Rose City,Ogemaw County,MI,48654,44.42653,-84.13183,full_service,4790,1957,leased,triple_net,bank,direct_utility_meter,split_ac_gas_furnace,natural_gas,2020,R-410A,fluorescent,1,False,1,False,n/a,0,47,1
MNB-01965,Savannah Branch,Savannah,Wayne County,NY,13146,43.09454,-76.75093,full_service,3700,1973,owned,n/a,bank,direct_utility_meter,boiler_with_split_ac,fuel_oil,2006,R-22,fluorescent,4,True,3,False,n/a,0,43,2
MNB-01966,Clayton Branch,Clayton,Polk County,WI,54004,45.31572,-92.1273,in_store,810,2010,leased,modified_gross,landlord,shared_unmetered,host_building_system,unknown,,unknown,led,1,False,0,False,n/a,0,74,3
MNB-01967,Millville Branch,Millville,Cumberland County,NJ,08332,39.37775,-75.01741,in_store,650,1987,leased,modified_gross,landlord,shared_unmetered,host_building_system,unknown,,unknown,led,1,False,0,False,n/a,0,65,3
MNB-01968,Wilseyville Branch,Wilseyville,Calaveras County,CA,95257,38.36965,-120.47281,full_service,3130,1993,leased,modified_gross,bank,direct_utility_meter,split_ac_gas_furnace,natural_gas,2010,R-410A,led,1,True,3,False,n/a,0,53,3
MNB-01969,Independence Branch,Independence,Jackson County,MO,64050,39.0766,-94.39912,full_service,4660,1963,owned,n/a,bank,landlord_submeter,boiler_with_split_ac,natural_gas,2014,R-410A,fluorescent,2,True,3,False,n/a,0,52,2
MNB-01970,Curtis Bay Branch,Curtis Bay,Anne Arundel County,MD,21226,39.22942,-76.56023,flagship,15390,2004,owned,n/a,bank,direct_utility_meter,split_ac_gas_furnace,natural_gas,2004,R-22,led,2,False,0,True,diesel,0,56,3
MNB-01971,Saint Joseph Branch,Saint Joseph,Lawrence County,TN,38481,35.04068,-87.5057,full_service,5600,2014,owned,n/a,bank,direct_utility_meter,rtu_gas_heat,natural_gas,2014,R-410A,led,2,True,2,False,n/a,0,46,1
MNB-01972,Superior Branch,Superior,Pinal County,AZ,85173,33.26813,-111.107,full_service,5390,2004,leased,triple_net,bank,direct_utility_meter,rtu_gas_heat,natural_gas,2004,R-22,led,3,True,1,False,n/a,0,51,3
MNB-01973,Kingston Branch,Kingston,Tuscola County,MI,48741,43.38963,-83.19142,full_service,4060,2024,leased,full_gross,landlord,shared_unmetered,rtu_gas_heat,natural_gas,2024,R-410A,mixed,2,True,0,False,n/a,0,45,3
MNB-01974,Princewick Branch,Princewick,Raleigh County,WV,25908,37.68166,-81.23519,full_service,3640,1952,leased,full_gross,landlord,landlord_submeter,rtu_gas_heat,natural_gas,2000,R-22,led,2,True,0,False,n/a,0,51,3
MNB-01975,Erwinville Branch,Erwinville,West Baton Rouge Parish,LA,70729,30.54464,-91.41501,drive_thru_only,1000,1952,owned,n/a,bank,direct_utility_meter,rtu_electric_heat,electricity,2004,R-22,fluorescent,2,True,3,False,n/a,0,46,1
MNB-01976,Kew Gardens Branch,Kew Gardens,Queens County,NY,11415,40.70076,-73.8276,full_service,4680,1996,leased,full_gross,landlord,shared_unmetered,rtu_gas_heat,natural_gas,2011,R-410A,fluorescent,3,False,3,False,n/a,0,43,2
MNB-01977,Cerritos Branch,Cerritos,Los Angeles County,CA,90703,33.88371,-118.07175,full_service,4850,1978,leased,triple_net,bank,direct_utility_meter,rtu_gas_heat,natural_gas,2010,R-410A,fluorescent,3,False,2,False,n/a,0,51,2
MNB-01978,Wells Branch,Wells,Hamilton County,NY,12190,43.38863,-74.25925,full_service,4590,2008,owned,n/a,bank,direct_utility_meter,rtu_gas_heat,natural_gas,2008,R-22,led,4,False,3,False,n/a,0,42,2
MNB-01979,Georgetown Branch,Georgetown,Williamson County,TX,78626,30.62342,-97.65504,in_store,630,2014,leased,modified_gross,bank,direct_utility_meter,host_building_system,unknown,,unknown,led,1,False,0,False,n/a,0,62,1
MNB-01980,Tarentum Branch,Tarentum,Allegheny County,PA,15084,40.62124,-79.79385,full_service,5660,1963,owned,n/a,bank,direct_utility_meter,rtu_gas_heat,natural_gas,2010,R-410A,fluorescent,1,True,0,False,n/a,0,42,1
MNB-01981,Hermansville Branch,Hermansville,Menominee County,MI,49847,45.71959,-87.62598,full_service,3430,2020,leased,triple_net,bank,direct_utility_meter,rtu_gas_heat,natural_gas,2020,R-410A,mixed,3,False,2,False,n/a,0,44,2
MNB-01982,Sinclair Branch,Sinclair,Carbon County,WY,82334,41.78616,-107.11977,full_service,8000,1954,owned,n/a,bank,direct_utility_meter,split_ac_gas_furnace,natural_gas,2005,R-22,fluorescent,4,False,1,False,n/a,0,48,1
MNB-01983,Corvallis Branch,Corvallis,Benton County,OR,97331,44.57473,-123.27615,full_service,5280,2008,owned,n/a,bank,direct_utility_meter,rtu_gas_heat,propane,2008,R-22,led,1,True,2,False,n/a,0,46,2
MNB-01984,Peoria Branch,Peoria,Peoria County,IL,61614,40.77048,-89.61101,flagship,8910,1988,owned,n/a,bank,landlord_submeter,rtu_gas_heat,natural_gas,2021,R-410A,mixed,1,False,0,True,diesel,0,57,2
MNB-01985,Arverne Branch,Arverne,Queens County,NY,11692,40.59817,-73.78803,in_store,680,2006,leased,modified_gross,bank,direct_utility_meter,host_building_system,unknown,,unknown,mixed,0,False,0,False,n/a,0,71,1
MNB-01986,Canby Branch,Canby,Modoc County,CA,96015,41.46329,-120.90437,drive_thru_only,1210,1962,leased,modified_gross,bank,direct_utility_meter,split_ac_gas_furnace,natural_gas,2000,R-22,fluorescent,2,True,2,False,n/a,0,51,1
MNB-01987,Nyack Branch,Nyack,Rockland County,NY,10960,41.09215,-73.94096,full_service,3780,2021,leased,modified_gross,bank,landlord_submeter,rtu_gas_heat,natural_gas,2021,R-410A,led,4,False,3,False,n/a,0,52,1
MNB-01988,Brooklyn Branch,Brooklyn,Dane County,WI,53521,42.84359,-89.39534,full_service,2680,2021,leased,triple_net,bank,direct_utility_meter,split_ac_gas_furnace,natural_gas,2021,R-410A,mixed,3,False,2,False,n/a,0,42,1
MNB-01989,Houston Branch #7,Houston,Harris County,TX,77036,29.70098,-95.5463,flagship,9230,1997,owned,n/a,bank,direct_utility_meter,rtu_gas_heat,natural_gas,2016,R-410A,fluorescent,3,False,0,True,diesel,0,51,1
MNB-01990,Goldsboro Branch,Goldsboro,Caroline County,MD,21636,39.03227,-75.79784,full_service,4940,1997,leased,triple_net,bank,direct_utility_meter,rtu_gas_heat,natural_gas,2000,R-22,fluorescent,3,False,3,False,n/a,0,51,1
MNB-01991,El Paso Branch #2,El Paso,El Paso County,TX,79904,31.85996,-106.41412,drive_thru_only,640,2005,owned,n/a,bank,direct_utility_meter,heat_pump,electricity,2005,R-22,mixed,4,True,0,False,n/a,0,49,1
MNB-01992,Hickory Hills Branch,Hickory Hills,Cook County,IL,60457,41.72673,-87.81688,full_service,2710,2001,leased,full_gross,landlord,shared_unmetered,rtu_gas_heat,natural_gas,2012,R-410A,led,4,False,0,False,n/a,0,47,3
MNB-01993,Dolan Springs Branch,Dolan Springs,Mohave County,AZ,86441,35.55949,-114.36637,full_service,4930,1999,leased,triple_net,bank,direct_utility_meter,rtu_gas_heat,natural_gas,2016,R-410A,fluorescent,2,True,3,False,n/a,0,48,1
MNB-01994,Portland Branch #2,Portland,Multnomah County,OR,97232,45.52951,-122.63947,full_service,3920,2002,leased,full_gross,landlord,shared_unmetered,rtu_gas_heat,natural_gas,2007,R-22,mixed,3,True,3,False,n/a,0,52,3
MNB-01995,North Myrtle Beach Branch,North Myrtle Beach,Horry County,SC,29582,33.83396,-78.66404,full_service,3400,2017,owned,n/a,bank,direct_utility_meter,rtu_gas_heat,natural_gas,2019,R-410A,led,1,True,0,False,n/a,0,49,1
MNB-01996,Gainesville Branch,Gainesville,Alachua County,FL,32641,29.68472,-82.21882,full_service,3620,2003,owned,n/a,bank,direct_utility_meter,rtu_gas_heat,natural_gas,2012,R-410A,led,1,False,1,False,n/a,0,54,1
MNB-01997,Wellington Branch,Wellington,Palm Beach County,FL,33414,26.68518,-80.23202,full_service,2700,1972,owned,n/a,bank,direct_utility_meter,heat_pump,electricity,2020,R-410A,mixed,2,False,0,False,n/a,0,45,3
MNB-01998,Medfield Branch,Medfield,Norfolk County,MA,02052,42.17821,-71.29891,full_service,4850,2020,owned,n/a,bank,landlord_submeter,rtu_gas_heat,natural_gas,2020,R-410A,led,2,True,2,False,n/a,0,47,1
MNB-01999,Downsville Branch,Downsville,Union Parish,LA,71234,32.65757,-92.35907,full_service,3290,1974,owned,n/a,bank,direct_utility_meter,heat_pump,electricity,2005,R-22,led,4,False,1,False,n/a,0,53,2
MNB-02000,Minneapolis Branch #4,Minneapolis,Hennepin County,MN,55443,45.13222,-93.34563,express,1570,1969,leased,triple_net,bank,direct_utility_meter,split_ac_gas_furnace,natural_gas,2011,R-410A,led,2,False,0,False,n/a,0,48,1
MNB-02001,Little Valley Branch,Little Valley,Cattaraugus County,NY,14755,42.25528,-78.811,full_service,4660,2024,owned,n/a,bank,direct_utility_meter,rtu_gas_heat,natural_gas,2024,R-410A,fluorescent,2,False,1,False,n/a,0,46,2
MNB-02002,Maricopa Branch,Maricopa,Kern County,CA,93252,35.08695,-119.39896,drive_thru_only,930,1974,leased,modified_gross,landlord,landlord_submeter,rtu_gas_heat,propane,2011,R-410A,mixed,4,True,2,False,n/a,0,52,2
MNB-02003,San Diego Branch #9,San Diego,San Diego County,CA,92121,32.88736,-117.1928,full_service,3390,1962,leased,full_gross,landlord,shared_unmetered,rtu_gas_heat,natural_gas,2005,R-22,mixed,3,False,1,False,n/a,0,42,3
MNB-02004,Mcdaniel Branch,Mcdaniel,Talbot County,MD,21647,38.82309,-76.29824,full_service,2310,2000,leased,triple_net,bank,direct_utility_meter,rtu_gas_heat,natural_gas,2020,R-410A,fluorescent,4,True,1,True,diesel,0,47,2
MNB-02005,Tallahassee Branch #3,Tallahassee,Leon County,FL,32309,30.53261,-84.13247,full_service,4680,2016,owned,n/a,bank,direct_utility_meter,heat_pump,electricity,2016,R-410A,mixed,3,False,1,False,n/a,0,46,1
MNB-02006,Franklinville Branch,Franklinville,Gloucester County,NJ,08322,39.61138,-75.04115,express,1830,1958,owned,n/a,bank,direct_utility_meter,rtu_gas_heat,natural_gas,1999,R-22,mixed,2,False,0,False,n/a,50,50,3
MNB-02007,Thousand Oaks Branch #2,Thousand Oaks,Ventura County,CA,91362,34.19779,-118.8359,full_service,3590,1995,owned,n/a,bank,direct_utility_meter,split_ac_gas_furnace,natural_gas,2007,R-22,led,2,True,1,False,n/a,0,53,2
MNB-02008,Arthur Branch,Arthur,Douglas County,IL,61911,39.71786,-88.48052,express,1380,1959,leased,modified_gross,bank,landlord_submeter,rtu_gas_heat,natural_gas,2001,R-22,led,3,True,0,False,n/a,0,51,3
MNB-02009,Kenefic Branch,Kenefic,Johnston County,OK,74748,34.15193,-96.36384,full_service,4210,1991,owned,n/a,bank,direct_utility_meter,rtu_gas_heat,natural_gas,2006,R-22,led,1,True,1,False,n/a,0,54,3
MNB-02010,Stockton Branch #2,Stockton,San Joaquin County,CA,95205,37.97761,-121.24503,in_store,730,1985,leased,full_gross,landlord,landlord_submeter,host_building_system,unknown,,unknown,mixed,0,False,0,False,n/a,0,72,2
MNB-02011,Pinewood Branch,Pinewood,Sumter County,SC,29125,33.76306,-80.4777,in_store,660,1966,leased,modified_gross,bank,direct_utility_meter,host_building_system,unknown,,unknown,fluorescent,0,False,0,False,n/a,0,69,3
MNB-02012,Coweta Branch,Coweta,Wagoner County,OK,74429,35.95381,-95.64834,flagship,26950,2021,owned,n/a,bank,direct_utility_meter,rtu_gas_heat,propane,2021,R-410A,led,3,False,0,True,diesel,0,52,1
MNB-02013,Channelview Branch,Channelview,Harris County,TX,77530,29.82385,-95.10816,full_service,5180,2005,owned,n/a,bank,direct_utility_meter,rtu_electric_heat,electricity,2008,R-22,mixed,3,False,2,False,n/a,0,49,1
MNB-02014,Rome Branch,Rome,Perry County,IN,47574,37.94193,-86.53452,express,1750,2016,leased,triple_net,bank,landlord_submeter,rtu_gas_heat,natural_gas,2017,R-410A,led,2,False,0,False,n/a,35,43,1
MNB-02015,Greens Fork Branch,Greens Fork,Wayne County,IN,47345,39.88297,-85.03796,full_service,5240,2020,owned,n/a,bank,direct_utility_meter,rtu_gas_heat,natural_gas,2020,R-410A,mixed,1,False,0,False,n/a,0,45,1
MNB-02016,Ada Branch,Ada,Hardin County,OH,45810,40.76257,-83.82081,drive_thru_only,1010,2021,leased,triple_net,bank,direct_utility_meter,rtu_gas_heat,natural_gas,2021,R-410A,led,3,False,2,False,n/a,0,52,1
MNB-02017,Risingsun Branch,Risingsun,Wood County,OH,43457,41.25929,-83.43878,full_service,4250,2011,owned,n/a,bank,direct_utility_meter,rtu_gas_heat,natural_gas,2011,R-410A,fluorescent,2,True,3,False,n/a,0,43,1
MNB-02018,Cochran Branch,Cochran,Bleckley County,GA,31014,32.40934,-83.33103,full_service,6190,1982,owned,n/a,bank,direct_utility_meter,rtu_gas_heat,natural_gas,2015,R-410A,mixed,1,True,2,False,n/a,0,47,1
MNB-02019,Magnolia Springs Branch,Magnolia Springs,Baldwin County,AL,36555,30.39523,-87.80083,full_service,3200,2016,owned,n/a,bank,direct_utility_meter,heat_pump,electricity,2019,R-410A,led,3,False,0,False,n/a,0,42,2
MNB-02020,Silverton Branch,Silverton,Marion County,OR,97381,44.99253,-122.74725,drive_thru_only,1000,1997,leased,modified_gross,bank,direct_utility_meter,rtu_gas_heat,natural_gas,2009,R-22,led,3,False,2,False,n/a,0,52,2
MNB-02021,Bentley Branch,Bentley,Bay County,MI,48613,43.92594,-84.113,full_service,6000,1979,leased,triple_net,bank,direct_utility_meter,rtu_gas_heat,natural_gas,2006,R-22,mixed,2,False,0,False,n/a,0,46,1
MNB-02022,Palm Harbor Branch,Palm Harbor,Pinellas County,FL,34684,28.09358,-82.73492,full_service,4600,1988,leased,triple_net,bank,landlord_submeter,rtu_electric_heat,electricity,2020,R-410A,fluorescent,2,True,0,False,n/a,0,46,2
MNB-02023,New Castle Branch,New Castle,Lawrence County,PA,16102,40.95754,-80.40486,full_service,3750,1981,leased,triple_net,bank,landlord_submeter,rtu_gas_heat,natural_gas,2023,R-410A,led,2,True,0,False,n/a,0,43,1
MNB-02024,San Antonio Branch #6,San Antonio,Bexar County,TX,78244,29.46639,-98.35005,in_store,420,1994,leased,full_gross,landlord,shared_unmetered,host_building_system,unknown,,unknown,led,1,False,0,False,n/a,0,61,3
MNB-02025,Marshfield Branch,Marshfield,Plymouth County,MA,02050,42.10889,-70.67814,full_service,2200,2013,owned,n/a,bank,direct_utility_meter,rtu_gas_heat,natural_gas,2013,R-410A,led,4,False,3,False,n/a,0,44,1
MNB-02026,New York Branch #9,New York,New York County,NY,10155,40.76831,-73.94287,in_store,1090,1995,leased,full_gross,landlord,shared_unmetered,host_building_system,unknown,,unknown,led,1,False,0,False,n/a,0,71,3
MNB-02027,Eagle Rock Branch,Eagle Rock,Barry County,MO,65641,36.55199,-93.75353,full_service,4600,1979,leased,modified_gross,bank,direct_utility_meter,boiler_with_split_ac,natural_gas,2014,R-410A,fluorescent,1,False,1,False,n/a,0,46,1
MNB-02028,Marshall Branch,Marshall,Lyon County,MN,56258,44.43839,-95.78375,in_store,560,1961,leased,full_gross,landlord,shared_unmetered,host_building_system,unknown,,unknown,mixed,1,False,0,False,n/a,0,73,3
MNB-02029,Hilmar Branch,Hilmar,Merced County,CA,95324,37.40833,-120.88471,in_store,700,2017,leased,modified_gross,landlord,landlord_submeter,host_building_system,unknown,,unknown,led,1,False,0,False,n/a,0,70,3
MNB-02030,San Mateo Branch #3,San Mateo,San Mateo County,CA,94402,37.54177,-122.31574,in_store,510,1990,leased,modified_gross,bank,direct_utility_meter,host_building_system,unknown,,unknown,mixed,1,False,0,False,n/a,0,74,2
MNB-02031,Hughesville Branch,Hughesville,Pettis County,MO,65334,38.84314,-93.21246,drive_thru_only,920,1992,owned,n/a,bank,direct_utility_meter,split_ac_gas_furnace,natural_gas,1999,R-22,fluorescent,1,True,1,False,n/a,0,52,1
MNB-02032,Waterford Branch,Waterford,Washington County,OH,45786,39.50457,-81.66354,full_service,3160,2012,owned,n/a,bank,direct_utility_meter,split_ac_gas_furnace,natural_gas,2012,R-410A,led,2,False,2,False,n/a,0,50,1
MNB-02033,Marshall Branch,Marshall,Marin County,CA,94940,38.19181,-122.88913,full_service,2740,2017,owned,n/a,bank,direct_utility_meter,split_ac_gas_furnace,natural_gas,2018,R-410A,mixed,3,True,0,False,n/a,0,45,3
MNB-02034,Philadelphia Branch,Philadelphia,Philadelphia County,PA,19142,39.9299,-75.23953,in_store,380,1997,leased,modified_gross,bank,direct_utility_meter,host_building_system,unknown,,unknown,led,1,False,0,False,n/a,0,77,2
MNB-02035,Lewis Branch,Lewis,Edwards County,KS,67552,37.91346,-99.22863,full_service,2600,2004,leased,modified_gross,bank,direct_utility_meter,rtu_gas_heat,natural_gas,2016,R-410A,led,2,True,1,False,n/a,0,43,1
MNB-02036,Everett Branch,Everett,Bedford County,PA,15537,40.02477,-78.36474,full_service,5700,1976,leased,triple_net,bank,direct_utility_meter,rtu_gas_heat,natural_gas,2011,R-410A,mixed,2,True,2,False,n/a,0,52,3
MNB-02037,Wentworth Branch,Wentworth,Lawrence County,MO,64873,37.05145,-94.04336,drive_thru_only,780,2021,leased,modified_gross,landlord,landlord_submeter,split_ac_gas_furnace,natural_gas,2021,R-410A,fluorescent,3,True,2,False,n/a,0,54,1
MNB-02038,Orlando Branch #3,Orlando,Orange County,FL,32829,28.44659,-81.2737,full_service,4930,2000,leased,modified_gross,landlord,shared_unmetered,rtu_gas_heat,natural_gas,2016,R-410A,led,3,True,3,True,diesel,0,51,2
MNB-02039,Herron Branch,Herron,Alpena County,MI,49744,45.00354,-83.6543,full_service,5590,2010,owned,n/a,bank,landlord_submeter,heat_pump,electricity,2016,R-410A,led,2,False,2,True,diesel,0,47,2
MNB-02040,Washington Branch #5,Washington,District of Columbia,DC,20036,38.90131,-77.0164,flagship,14090,1964,owned,n/a,bank,landlord_submeter,split_ac_gas_furnace,natural_gas,2020,R-410A,mixed,1,False,0,True,diesel,0,59,1
MNB-02041,Pine Plains Branch,Pine Plains,Dutchess County,NY,12567,41.97939,-73.64429,full_service,3840,2005,leased,triple_net,bank,direct_utility_meter,rtu_gas_heat,natural_gas,2005,R-22,mixed,2,False,0,False,n/a,0,42,2
MNB-02042,West Point Branch,West Point,Calaveras County,CA,95255,38.40677,-120.49807,full_service,4370,1987,owned,n/a,bank,direct_utility_meter,split_ac_gas_furnace,natural_gas,1998,R-22,led,3,False,2,False,n/a,0,44,1
MNB-02043,Oak Hill Branch,Oak Hill,Jackson County,OH,45656,38.888,-82.59206,full_service,3700,1993,leased,full_gross,landlord,landlord_submeter,split_ac_gas_furnace,natural_gas,2006,R-22,led,4,False,1,False,n/a,0,52,3
MNB-02044,Patriot Branch,Patriot,Gallia County,OH,45658,38.7624,-82.44192,full_service,6020,2007,leased,triple_net,bank,direct_utility_meter,rtu_gas_heat,natural_gas,2019,R-410A,led,4,False,0,False,n/a,0,47,1
MNB-02045,Blue River Branch,Blue River,Lane County,OR,97413,44.17952,-122.10117,in_store,1030,2014,leased,modified_gross,bank,direct_utility_meter,host_building_system,unknown,,unknown,led,0,False,0,False,n/a,0,66,3
MNB-02046,Clearwater Branch #4,Clearwater,Pinellas County,FL,33755,27.97872,-82.77857,in_store,930,1985,leased,full_gross,landlord,landlord_submeter,host_building_system,unknown,,unknown,mixed,1,False,0,False,n/a,0,64,3
MNB-02047,Homer Branch,Homer,Champaign County,IL,61849,40.04037,-87.97191,full_service,2200,2018,owned,n/a,bank,direct_utility_meter,rtu_gas_heat,natural_gas,2023,R-410A,led,3,False,3,True,diesel,0,53,1
MNB-02048,Willis Branch,Willis,Montgomery County,TX,77378,30.45019,-95.45019,full_service,3680,1974,leased,modified_gross,bank,direct_utility_meter,heat_pump,electricity,2017,R-410A,mixed,1,False,3,False,n/a,0,51,1
MNB-02049,Blanket Branch,Blanket,Brown County,TX,76432,31.79544,-98.86239,full_service,4200,2000,leased,triple_net,bank,landlord_submeter,rtu_electric_heat,electricity,2023,R-410A,led,4,False,1,False,n/a,0,48,1
MNB-02050,Harpursville Branch,Harpursville,Broome County,NY,13787,42.17782,-75.66752,full_service,4820,1968,leased,triple_net,bank,direct_utility_meter,boiler_with_split_ac,natural_gas,2016,R-410A,led,4,False,3,False,n/a,0,47,1
MNB-02051,La Canada Flintridge Branch,La Canada Flintridge,Los Angeles County,CA,91011,34.24715,-118.20466,in_store,420,1980,leased,full_gross,landlord,shared_unmetered,host_building_system,unknown,,unknown,led,0,False,0,False,n/a,0,64,3
MNB-02052,Chicora Branch,Chicora,Butler County,PA,16025,40.94861,-79.73605,full_service,2480,2019,owned,n/a,bank,direct_utility_meter,rtu_gas_heat,natural_gas,2023,R-410A,fluorescent,3,True,2,False,n/a,0,46,2
MNB-02053,Hemet Branch,Hemet,Riverside County,CA,92544,33.71665,-116.9476,full_service,6210,1951,leased,triple_net,bank,direct_utility_meter,split_ac_gas_furnace,natural_gas,2019,R-410A,led,2,True,0,True,diesel,0,44,1
MNB-02054,Carmi Branch,Carmi,White County,IL,62821,38.06877,-88.17157,drive_thru_only,860,2020,leased,modified_gross,bank,direct_utility_meter,rtu_gas_heat,natural_gas,2022,R-410A,mixed,3,True,1,False,n/a,0,53,2
MNB-02055,Delight Branch,Delight,Pike County,AR,71940,34.00291,-93.51258,in_store,440,1984,leased,full_gross,landlord,shared_unmetered,host_building_system,unknown,,unknown,led,0,False,0,False,n/a,0,70,3
MNB-02056,Castle Creek Branch,Castle Creek,Broome County,NY,13744,42.25701,-75.92612,full_service,3010,2008,leased,modified_gross,bank,direct_utility_meter,split_ac_gas_furnace,natural_gas,2008,R-22,fluorescent,3,False,1,False,n/a,0,45,1
MNB-02057,Raleigh Branch,Raleigh,Wake County,NC,27614,35.94424,-78.64055,full_service,4720,1961,owned,n/a,bank,direct_utility_meter,rtu_gas_heat,natural_gas,2003,R-22,led,2,False,1,False,n/a,0,48,1
MNB-02058,Freehold Branch,Freehold,Monmouth County,NJ,07728,40.24018,-74.27601,full_service,3280,2005,leased,full_gross,landlord,landlord_submeter,rtu_gas_heat,natural_gas,2015,R-410A,fluorescent,1,False,1,False,n/a,0,50,2
MNB-02059,Groton Branch,Groton,Middlesex County,MA,01450,42.63653,-71.53783,full_service,4510,2020,leased,modified_gross,bank,direct_utility_meter,heat_pump,electricity,2020,R-410A,led,4,False,2,False,n/a,0,48,3
MNB-02060,Buckskin Branch,Buckskin,Gibson County,IN,47647,38.23499,-87.41476,full_service,3130,2000,owned,n/a,bank,direct_utility_meter,split_ac_gas_furnace,natural_gas,2012,R-410A,mixed,4,False,2,False,n/a,0,53,2
MNB-02061,Wichita Branch,Wichita,Sedgwick County,KS,67214,37.71381,-97.31536,in_store,420,1986,leased,full_gross,landlord,landlord_submeter,host_building_system,unknown,,unknown,mixed,1,False,0,False,n/a,0,76,3
MNB-02062,East Carondelet Branch,East Carondelet,St. Clair County,IL,62240,38.52373,-90.21054,express,2560,2014,owned,n/a,bank,landlord_submeter,split_ac_gas_furnace,natural_gas,2014,R-410A,led,2,True,0,False,n/a,0,50,1
MNB-02063,Pollock Pines Branch,Pollock Pines,El Dorado County,CA,95726,38.75881,-120.55862,full_service,4730,2009,owned,n/a,bank,direct_utility_meter,split_ac_gas_furnace,natural_gas,2024,R-410A,led,3,False,3,True,diesel,0,53,1
MNB-02064,Tuscarora Branch,Tuscarora,Frederick County,MD,21790,39.26714,-77.51275,full_service,3790,1964,leased,triple_net,bank,direct_utility_meter,boiler_with_split_ac,propane,2004,R-22,mixed,2,False,2,False,n/a,0,42,1
MNB-02065,Cottage Grove Branch,Cottage Grove,Dane County,WI,53527,43.08048,-89.20717,in_store,570,2006,leased,full_gross,landlord,shared_unmetered,host_building_system,unknown,,unknown,led,1,False,0,False,n/a,0,64,3
MNB-02066,Hector Branch,Hector,Schuyler County,NY,14841,42.47432,-76.88027,full_service,6510,2006,leased,full_gross,landlord,shared_unmetered,rtu_gas_heat,natural_gas,2011,R-410A,mixed,3,True,3,False,n/a,0,46,3
MNB-02067,Covington Branch,Covington,Tipton County,TN,38019,35.55764,-89.63992,full_service,5010,2011,leased,modified_gross,bank,direct_utility_meter,rtu_gas_heat,natural_gas,2011,R-410A,led,2,False,1,False,n/a,0,49,3
MNB-02068,Leona Branch,Leona,Leon County,TX,75850,31.14227,-95.92175,full_service,5920,1983,leased,triple_net,bank,direct_utility_meter,heat_pump,electricity,2010,R-410A,led,4,False,1,True,diesel,0,52,1
MNB-02069,Nixon Branch,Nixon,Gonzales County,TX,78140,29.29902,-97.76188,express,1550,1989,leased,modified_gross,bank,direct_utility_meter,rtu_gas_heat,natural_gas,2021,R-410A,led,3,False,0,False,n/a,0,49,3
MNB-02070,Walnut Grove Branch,Walnut Grove,Redwood County,MN,56180,44.21964,-95.49486,drive_thru_only,1010,2022,leased,full_gross,landlord,shared_unmetered,split_ac_gas_furnace,natural_gas,2022,R-410A,led,4,True,2,False,n/a,0,46,1
MNB-02071,Gilbert Branch #3,Gilbert,Maricopa County,AZ,85234,33.34623,-111.76301,express,1990,2001,leased,modified_gross,landlord,landlord_submeter,heat_pump,electricity,2023,R-410A,led,4,False,0,False,n/a,0,42,3
MNB-02072,Churchton Branch,Churchton,Anne Arundel County,MD,20733,38.79968,-76.53478,full_service,3560,1997,leased,triple_net,bank,direct_utility_meter,heat_pump,electricity,2019,R-410A,led,3,True,3,False,n/a,0,43,3
MNB-02073,Skillman Branch,Skillman,Somerset County,NJ,08558,40.41839,-74.69206,full_service,4080,2024,owned,n/a,bank,direct_utility_meter,heat_pump,electricity,2024,R-410A,led,3,True,1,False,n/a,0,53,1
MNB-02074,Wesley Chapel Branch #2,Wesley Chapel,Pasco County,FL,33543,28.24696,-82.33022,full_service,3520,1975,leased,triple_net,bank,direct_utility_meter,heat_pump,electricity,2019,R-410A,fluorescent,2,True,2,False,n/a,0,45,1
MNB-02075,Cassel Branch,Cassel,Shasta County,CA,96016,40.94667,-121.56846,full_service,4730,1989,leased,full_gross,landlord,shared_unmetered,rtu_gas_heat,natural_gas,2016,R-410A,mixed,2,False,1,False,n/a,0,50,3
MNB-02076,Medimont Branch,Medimont,Kootenai County,ID,83842,47.45897,-116.58787,full_service,2820,2012,owned,n/a,bank,direct_utility_meter,rtu_gas_heat,natural_gas,2012,R-410A,led,2,True,1,False,n/a,0,46,1
MNB-02077,San Angelo Branch,San Angelo,Tom Green County,TX,76904,31.41393,-100.46307,in_store,740,2009,leased,full_gross,landlord,landlord_submeter,host_building_system,unknown,,unknown,mixed,0,False,0,False,n/a,0,61,2
MNB-02078,Signal Hill Branch,Signal Hill,Los Angeles County,CA,90755,33.80815,-118.17699,in_store,700,2023,leased,full_gross,landlord,landlord_submeter,host_building_system,unknown,,unknown,led,1,False,0,False,n/a,0,63,3
MNB-02079,Menomonie Branch,Menomonie,Dunn County,WI,54751,44.87913,-91.91419,in_store,610,2006,leased,modified_gross,landlord,landlord_submeter,host_building_system,unknown,,unknown,mixed,0,False,0,False,n/a,0,65,3
MNB-02080,Boone Branch,Boone,Pueblo County,CO,81025,38.25939,-104.26596,full_service,4800,1982,owned,n/a,bank,direct_utility_meter,rtu_gas_heat,natural_gas,2014,R-410A,fluorescent,4,False,1,False,n/a,0,49,1
MNB-02081,Grasonville Branch,Grasonville,Queen Anne's County,MD,21638,38.95508,-76.20721,full_service,3760,1989,owned,n/a,bank,direct_utility_meter,split_ac_gas_furnace,natural_gas,2019,R-410A,fluorescent,2,False,0,False,n/a,0,53,2
MNB-02082,Milltown Branch,Milltown,Polk County,WI,54858,45.53886,-92.48714,full_service,3430,1961,leased,modified_gross,landlord,shared_unmetered,rtu_gas_heat,natural_gas,2008,R-22,fluorescent,4,False,0,False,n/a,0,44,3
MNB-02083,North Hollywood Branch,North Hollywood,Los Angeles County,CA,91606,34.2027,-118.37457,full_service,4940,2021,leased,modified_gross,bank,direct_utility_meter,rtu_gas_heat,natural_gas,2021,R-410A,fluorescent,3,True,0,False,n/a,0,51,3
MNB-02084,Los Angeles Branch #8,Los Angeles,Los Angeles County,CA,90043,34.00844,-118.3296,full_service,5000,1966,owned,n/a,bank,direct_utility_meter,rtu_gas_heat,natural_gas,2023,R-410A,led,4,False,2,True,diesel,0,49,1
MNB-02085,Saluda Branch,Saluda,Polk County,NC,28773,35.2279,-82.32147,full_service,3600,1999,leased,triple_net,bank,landlord_submeter,heat_pump,electricity,2006,R-22,mixed,4,False,0,False,n/a,0,53,1
MNB-02086,Spiro Branch,Spiro,Le Flore County,OK,74959,35.24937,-94.62996,flagship,11040,1989,owned,n/a,bank,landlord_submeter,heat_pump,electricity,2015,R-410A,led,2,False,0,True,diesel,0,52,1
MNB-02087,Little River Branch,Little River,Mendocino County,CA,95456,39.27084,-123.7884,full_service,3970,1966,leased,triple_net,bank,direct_utility_meter,boiler_with_split_ac,natural_gas,2021,R-410A,led,3,True,3,False,n/a,0,48,2
MNB-02088,San Andreas Branch,San Andreas,Calaveras County,CA,95249,38.18922,-120.65204,full_service,3550,1981,leased,modified_gross,landlord,shared_unmetered,rtu_gas_heat,natural_gas,2004,R-22,fluorescent,3,False,1,False,n/a,0,46,2
MNB-02089,Bruce Crossing Branch,Bruce Crossing,Ontonagon County,MI,49912,46.52021,-89.15715,full_service,6630,2004,owned,n/a,bank,direct_utility_meter,heat_pump,electricity,2008,R-22,mixed,2,True,0,False,n/a,0,51,1
MNB-02090,Thompsontown Branch,Thompsontown,Juniata County,PA,17094,40.57297,-77.21592,in_store,700,1954,leased,modified_gross,bank,direct_utility_meter,host_building_system,unknown,,unknown,mixed,1,False,0,False,n/a,0,66,2
MNB-02091,Loveland Branch,Loveland,Larimer County,CO,80537,40.38601,-105.07378,full_service,4210,2023,leased,modified_gross,bank,direct_utility_meter,rtu_gas_heat,natural_gas,2023,R-410A,led,3,True,2,False,n/a,0,50,1
MNB-02092,Oakland Branch,Oakland,Coles County,IL,61943,39.64238,-88.02909,full_service,3170,2020,leased,triple_net,bank,direct_utility_meter,rtu_gas_heat,natural_gas,2020,R-410A,fluorescent,2,False,0,False,n/a,0,52,1
MNB-02093,Douglas Branch,Douglas,Otoe County,NE,68344,40.58483,-96.39675,full_service,5240,1961,leased,triple_net,bank,direct_utility_meter,rtu_gas_heat,natural_gas,2001,R-22,mixed,1,True,1,False,n/a,0,46,1
MNB-02094,Bronx Branch #3,Bronx,Bronx County,NY,10451,40.81267,-73.9126,full_service,3490,2018,owned,n/a,bank,direct_utility_meter,rtu_gas_heat,natural_gas,2018,R-410A,mixed,3,False,3,True,diesel,0,50,3
MNB-02095,Orlando Branch #4,Orlando,Orange County,FL,32817,28.5759,-81.22741,full_service,3450,1984,leased,modified_gross,landlord,landlord_submeter,rtu_gas_heat,natural_gas,2001,R-22,fluorescent,4,True,1,False,n/a,0,52,3
MNB-02096,Moundville Branch,Moundville,Hale County,AL,35474,32.91361,-87.59707,full_service,5290,1959,owned,n/a,bank,direct_utility_meter,rtu_electric_heat,electricity,2003,R-22,mixed,4,True,2,True,diesel,0,46,1
MNB-02097,Labelle Branch,Labelle,Hendry County,FL,33935,26.73391,-81.43436,full_service,4710,1982,leased,full_gross,landlord,shared_unmetered,rtu_gas_heat,natural_gas,2019,R-410A,led,4,False,3,False,n/a,0,44,1
MNB-02098,Windsor Locks Branch,Windsor Locks,Hartford County,CT,06096,41.93305,-72.63507,in_store,350,2015,leased,modified_gross,landlord,landlord_submeter,host_building_system,unknown,,unknown,led,1,False,0,False,n/a,0,71,3
MNB-02099,Adelanto Branch,Adelanto,San Bernardino County,CA,92301,34.61033,-117.43215,full_service,4000,2006,leased,modified_gross,bank,direct_utility_meter,rtu_gas_heat,natural_gas,2011,R-410A,led,2,True,0,True,diesel,0,48,2
MNB-02100,Cottageville Branch,Cottageville,Colleton County,SC,29435,32.96453,-80.48091,full_service,4360,1976,leased,triple_net,bank,direct_utility_meter,heat_pump,electricity,2016,R-410A,led,3,True,2,False,n/a,0,42,1
MNB-02101,Torrance Branch,Torrance,Los Angeles County,CA,90504,33.87662,-118.32938,full_service,3790,2010,owned,n/a,bank,direct_utility_meter,split_ac_gas_furnace,natural_gas,2023,R-410A,led,2,True,2,False,n/a,0,53,1
MNB-02102,Great Neck Branch,Great Neck,Nassau County,NY,11020,40.76127,-73.70852,full_service,4400,2009,leased,full_gross,landlord,shared_unmetered,rtu_gas_heat,natural_gas,2015,R-410A,mixed,1,False,3,False,n/a,0,52,3
MNB-02103,Clarksville Branch,Clarksville,Montgomery County,TN,37040,36.50656,-87.3502,full_service,2440,2011,leased,triple_net,bank,direct_utility_meter,rtu_gas_heat,natural_gas,2011,R-410A,mixed,1,True,3,False,n/a,0,50,1
MNB-02104,Dumas Branch,Dumas,Desha County,AR,71639,33.91109,-91.4644,full_service,2200,1999,owned,n/a,bank,direct_utility_meter,heat_pump,electricity,2000,R-22,fluorescent,4,True,2,False,n/a,0,53,1
MNB-02105,Walnut Shade Branch,Walnut Shade,Taney County,MO,65771,36.75932,-93.21668,full_service,3130,2015,owned,n/a,bank,direct_utility_meter,rtu_gas_heat,natural_gas,2015,R-410A,led,2,False,1,False,n/a,0,47,1
MNB-02106,San Jose Branch #3,San Jose,Santa Clara County,CA,95127,37.35667,-121.82365,flagship,15670,2005,leased,triple_net,bank,direct_utility_meter,split_ac_gas_furnace,natural_gas,2015,R-410A,led,4,True,0,True,diesel,0,59,1
MNB-02107,Nolan Branch,Nolan,Nolan County,TX,79537,32.29143,-100.21275,full_service,2200,1965,owned,n/a,bank,direct_utility_meter,heat_pump,electricity,1998,R-22,mixed,2,False,1,False,n/a,0,50,1
MNB-02108,Depew Branch,Depew,Erie County,NY,14043,42.90392,-78.7199,express,1450,2015,owned,n/a,bank,landlord_submeter,rtu_gas_heat,natural_gas,2015,R-410A,fluorescent,3,True,0,False,n/a,0,43,2
MNB-02109,Porum Branch,Porum,Muskogee County,OK,74455,35.35227,-95.27314,express,1110,1983,leased,triple_net,bank,direct_utility_meter,heat_pump,electricity,1998,R-22,fluorescent,2,False,0,False,n/a,0,43,2
MNB-02110,Bayside Branch,Bayside,Queens County,NY,11359,40.78914,-73.78307,full_service,3900,2009,leased,full_gross,landlord,shared_unmetered,rtu_gas_heat,natural_gas,2019,R-410A,mixed,2,True,1,False,n/a,0,50,3
MNB-02111,Riegelwood Branch,Riegelwood,Columbus County,NC,28456,34.36185,-78.24387,full_service,7550,2007,leased,triple_net,bank,direct_utility_meter,rtu_electric_heat,electricity,2023,R-410A,led,3,False,1,False,n/a,0,45,1
MNB-02112,Hartford Branch,Hartford,Van Buren County,MI,49057,42.19913,-86.1691,full_service,3930,1984,leased,modified_gross,bank,direct_utility_meter,split_ac_gas_furnace,natural_gas,2000,R-22,fluorescent,1,True,2,False,n/a,17,49,3
MNB-02113,Annapolis Branch,Annapolis,Anne Arundel County,MD,21409,39.02488,-76.44352,flagship,13410,1969,owned,n/a,bank,direct_utility_meter,rtu_gas_heat,natural_gas,2023,R-410A,led,2,False,0,True,diesel,0,50,1
MNB-02114,Springfield Center Branch,Springfield Center,Otsego County,NY,13468,42.85011,-74.84428,full_service,5400,2008,leased,triple_net,bank,direct_utility_meter,rtu_gas_heat,natural_gas,2008,R-22,led,2,True,1,False,n/a,0,46,1
MNB-02115,Dover Branch,Dover,Strafford County,NH,03820,43.19471,-70.86819,full_service,4220,2017,owned,n/a,bank,landlord_submeter,rtu_gas_heat,natural_gas,2017,R-410A,led,4,True,1,False,n/a,0,48,1
MNB-02116,Valyermo Branch,Valyermo,Los Angeles County,CA,93563,34.38915,-117.74534,full_service,3930,2016,owned,n/a,bank,direct_utility_meter,rtu_gas_heat,natural_gas,2019,R-410A,fluorescent,1,False,1,True,diesel,0,46,1
MNB-02117,Clinchco Branch,Clinchco,Dickenson County,VA,24226,37.12161,-82.35274,drive_thru_only,1260,2004,leased,triple_net,bank,landlord_submeter,split_ac_gas_furnace,natural_gas,2006,R-22,led,4,False,2,False,n/a,45,48,3
MNB-02118,Hockley Branch,Hockley,Harris County,TX,77447,30.06396,-95.81634,full_service,4830,1975,leased,modified_gross,bank,direct_utility_meter,rtu_gas_heat,natural_gas,2009,R-22,led,2,True,0,False,n/a,0,45,2
MNB-02119,Ann Arbor Branch,Ann Arbor,Washtenaw County,MI,48104,42.26874,-83.70644,full_service,4570,1983,owned,n/a,bank,direct_utility_meter,rtu_gas_heat,natural_gas,2024,R-410A,mixed,4,False,3,False,n/a,23,49,1
MNB-02120,Clayton Branch,Clayton,Contra Costa County,CA,94517,37.92939,-121.90711,full_service,4020,2012,leased,modified_gross,landlord,shared_unmetered,rtu_gas_heat,natural_gas,2022,R-410A,led,1,True,1,False,n/a,0,44,3
MNB-02121,Greenville Branch,Greenville,Beaver County,UT,84731,38.24196,-112.71561,full_service,3780,1990,leased,full_gross,landlord,shared_unmetered,rtu_gas_heat,natural_gas,2012,R-410A,mixed,2,True,3,False,n/a,0,48,2
MNB-02122,Wilmington Branch,Wilmington,Los Angeles County,CA,90744,33.78449,-118.25588,express,2260,2010,leased,triple_net,bank,direct_utility_meter,split_ac_gas_furnace,natural_gas,2016,R-410A,fluorescent,3,False,0,False,n/a,0,44,1
MNB-02123,Valley Mills Branch,Valley Mills,Bosque County,TX,76689,31.668,-97.48141,drive_thru_only,910,1982,owned,n/a,bank,direct_utility_meter,heat_pump,electricity,2005,R-22,led,2,False,2,False,n/a,0,46,1
MNB-02124,Manvel Branch,Manvel,Brazoria County,TX,77578,29.44082,-95.35716,full_service,6070,1950,owned,n/a,bank,direct_utility_meter,rtu_gas_heat,natural_gas,1999,R-22,mixed,1,False,3,False,n/a,0,46,1
MNB-02125,Bolingbrook Branch #2,Bolingbrook,Will County,IL,60490,41.69141,-88.13767,full_service,3060,2003,leased,modified_gross,bank,direct_utility_meter,rtu_gas_heat,natural_gas,2017,R-410A,led,1,True,3,False,n/a,35,53,1
MNB-02126,Los Angeles Branch #9,Los Angeles,Los Angeles County,CA,90003,33.95111,-118.26158,in_store,930,2002,leased,full_gross,landlord,shared_unmetered,host_building_system,unknown,,unknown,mixed,0,False,0,False,n/a,0,65,2
MNB-02127,Hickory Grove Branch,Hickory Grove,York County,SC,29717,34.97478,-81.44452,full_service,4830,2004,owned,n/a,bank,direct_utility_meter,rtu_gas_heat,natural_gas,2023,R-410A,mixed,3,False,1,False,n/a,0,47,1
MNB-02128,Concho Branch,Concho,Apache County,AZ,85924,34.44876,-109.67395,full_service,3140,1979,owned,n/a,bank,direct_utility_meter,rtu_electric_heat,electricity,2006,R-22,led,1,True,1,False,n/a,0,54,1
MNB-02129,Tucson Branch #4,Tucson,Pima County,AZ,85736,31.91412,-111.38357,full_service,4890,2015,leased,triple_net,bank,direct_utility_meter,rtu_electric_heat,electricity,2015,R-410A,led,4,True,2,False,n/a,0,51,1
MNB-02130,Battle Mountain Branch,Battle Mountain,Lander County,NV,89820,40.62861,-116.9672,full_service,3450,1995,owned,n/a,bank,direct_utility_meter,rtu_electric_heat,electricity,2018,R-410A,led,2,True,2,False,n/a,0,42,2
MNB-02131,Lookout Mountain Branch,Lookout Mountain,Hamilton County,TN,37350,34.96627,-85.35736,flagship,14180,2012,owned,n/a,bank,direct_utility_meter,rtu_electric_heat,electricity,2012,R-410A,led,4,False,0,True,diesel,0,58,1
MNB-02132,Camden Branch,Camden,Camden County,NJ,08104,39.90918,-75.10207,in_store,570,2003,leased,full_gross,landlord,shared_unmetered,host_building_system,unknown,,unknown,fluorescent,0,False,0,False,n/a,0,61,3
MNB-02133,Breckenridge Branch,Breckenridge,Gratiot County,MI,48615,43.39516,-84.50616,full_service,4030,1990,owned,n/a,bank,direct_utility_meter,split_ac_gas_furnace,natural_gas,2015,R-410A,mixed,2,True,2,True,diesel,0,45,2
MNB-02134,Canton Branch,Canton,Van Zandt County,TX,75103,32.51196,-95.91248,in_store,820,2007,leased,full_gross,landlord,shared_unmetered,host_building_system,unknown,,unknown,led,0,False,0,False,n/a,0,63,2
MNB-02135,Pulaski Branch,Pulaski,Pulaski County,VA,24301,37.06243,-80.77038,full_service,4900,2001,leased,triple_net,bank,landlord_submeter,rtu_gas_heat,natural_gas,2014,R-410A,fluorescent,3,True,2,False,n/a,0,46,1
MNB-02136,Owensville Branch,Owensville,Clermont County,OH,45160,39.13267,-84.14876,drive_thru_only,750,1997,leased,full_gross,landlord,shared_unmetered,rtu_gas_heat,natural_gas,2017,R-410A,led,2,True,1,False,n/a,0,53,2
MNB-02137,Pearson Branch,Pearson,Langlade County,WI,54462,45.3714,-89.01135,full_service,3040,2005,owned,n/a,bank,direct_utility_meter,rtu_gas_heat,natural_gas,2005,R-22,led,2,False,2,True,diesel,0,47,1
MNB-02138,Covington Branch,Covington,Baraga County,MI,49919,46.53873,-88.52352,full_service,4550,1961,leased,modified_gross,bank,direct_utility_meter,rtu_gas_heat,natural_gas,2013,R-410A,led,1,False,0,False,n/a,0,44,1
MNB-02139,Bakersville Branch,Bakersville,Mitchell County,NC,28705,36.00644,-82.17205,full_service,4650,2020,owned,n/a,bank,direct_utility_meter,rtu_electric_heat,electricity,2020,R-410A,led,4,False,2,False,n/a,0,53,1
MNB-02140,Bartlesville Branch,Bartlesville,Washington County,OK,74006,36.73113,-95.92753,full_service,3430,1984,leased,modified_gross,bank,direct_utility_meter,heat_pump,electricity,2013,R-410A,led,3,False,3,False,n/a,0,42,1
MNB-02141,Newfoundland Branch,Newfoundland,Passaic County,NJ,07435,41.0697,-74.43142,full_service,6760,1975,owned,n/a,bank,landlord_submeter,rtu_gas_heat,natural_gas,2023,R-410A,mixed,4,True,0,False,n/a,0,44,2
MNB-02142,Baldwin Branch,Baldwin,Banks County,GA,30511,34.44431,-83.50034,full_service,5360,2012,leased,triple_net,bank,direct_utility_meter,split_ac_gas_furnace,natural_gas,2023,R-410A,led,3,True,1,False,n/a,0,43,2
MNB-02143,Embudo Branch,Embudo,Rio Arriba County,NM,87531,36.22288,-105.88366,in_store,550,1975,leased,modified_gross,bank,direct_utility_meter,host_building_system,unknown,,unknown,mixed,0,False,0,False,n/a,0,61,1
MNB-02144,Long Beach Branch #3,Long Beach,Los Angeles County,CA,90803,33.7728,-118.09688,drive_thru_only,830,2024,leased,triple_net,bank,direct_utility_meter,heat_pump,electricity,2024,R-410A,led,1,False,1,False,n/a,0,54,1
MNB-02145,Hinton Branch,Hinton,Rockingham County,VA,22831,38.57042,-79.08997,full_service,3920,1990,owned,n/a,bank,landlord_submeter,rtu_gas_heat,natural_gas,2000,R-22,fluorescent,2,True,2,False,n/a,0,49,2
MNB-02146,Bethlehem Branch,Bethlehem,Henry County,KY,40007,38.41613,-85.01833,full_service,3800,1981,leased,full_gross,landlord,shared_unmetered,rtu_gas_heat,natural_gas,2022,R-410A,led,4,False,2,False,n/a,0,45,3
MNB-02147,Sloansville Branch,Sloansville,Schoharie County,NY,12160,42.74456,-74.35528,full_service,6120,1958,leased,modified_gross,bank,direct_utility_meter,split_ac_gas_furnace,natural_gas,2002,R-22,mixed,1,False,2,False,n/a,0,49,3
MNB-02148,Tucker Branch,Tucker,Jefferson County,AR,72168,34.46403,-91.89656,full_service,5640,1955,leased,triple_net,bank,direct_utility_meter,heat_pump,electricity,2020,R-410A,mixed,4,False,2,False,n/a,0,44,1
MNB-02149,Denver Branch #3,Denver,Denver County,CO,80223,39.69364,-104.9911,full_service,4240,1962,owned,n/a,bank,direct_utility_meter,split_ac_gas_furnace,natural_gas,2010,R-410A,led,4,False,0,False,n/a,0,54,2
MNB-02150,Pittsburgh Branch #6,Pittsburgh,Allegheny County,PA,15228,40.34579,-80.06977,express,2130,1950,leased,full_gross,landlord,landlord_submeter,split_ac_gas_furnace,natural_gas,2007,R-22,led,3,True,0,False,n/a,0,45,2
MNB-02151,Oneonta Branch,Oneonta,Otsego County,NY,13820,42.47732,-75.04234,flagship,19450,1983,owned,n/a,bank,landlord_submeter,rtu_gas_heat,natural_gas,2020,R-410A,mixed,3,False,0,True,diesel,0,54,1
MNB-02152,Baldwyn Branch,Baldwyn,Prentiss County,MS,38824,34.52816,-88.60664,full_service,4270,1982,leased,triple_net,bank,direct_utility_meter,heat_pump,electricity,2002,R-22,mixed,4,True,2,False,n/a,0,45,3
MNB-02153,Surgoinsville Branch,Surgoinsville,Hawkins County,TN,37873,36.48736,-82.82313,drive_thru_only,1100,1991,owned,n/a,bank,direct_utility_meter,rtu_gas_heat,natural_gas,2013,R-410A,fluorescent,1,True,0,False,n/a,25,54,1
MNB-02154,Toms River Branch,Toms River,Ocean County,NJ,08757,39.97482,-74.26506,in_store,750,1976,leased,modified_gross,landlord,shared_unmetered,host_building_system,unknown,,unknown,fluorescent,0,False,0,False,n/a,0,62,2
MNB-02155,Oak Hill Branch,Oak Hill,Greene County,NY,12460,42.4153,-74.14902,full_service,4860,1958,owned,n/a,bank,direct_utility_meter,rtu_gas_heat,natural_gas,2005,R-22,fluorescent,4,False,3,False,n/a,0,47,2
MNB-02156,Rush Branch,Rush,Boyd County,KY,41168,38.31326,-82.76297,full_service,3320,1959,owned,n/a,bank,direct_utility_meter,split_ac_gas_furnace,natural_gas,2023,R-410A,mixed,2,False,2,False,n/a,0,51,1
MNB-02157,Susquehanna Branch,Susquehanna,Susquehanna County,PA,18847,41.95707,-75.57141,full_service,3420,1971,owned,n/a,bank,direct_utility_meter,rtu_gas_heat,natural_gas,2002,R-22,led,1,False,0,False,n/a,0,52,1
MNB-02158,Ravenna Branch,Ravenna,Fannin County,TX,75476,33.73713,-96.15667,full_service,3850,1983,leased,triple_net,bank,direct_utility_meter,heat_pump,electricity,2024,R-410A,led,4,True,3,False,n/a,0,44,1
MNB-02159,El Prado Branch,El Prado,Taos County,NM,87529,36.44335,-105.57381,flagship,10550,1968,owned,n/a,bank,direct_utility_meter,heat_pump,electricity,1998,R-22,fluorescent,3,False,0,True,diesel,0,53,1
MNB-02160,Athens Branch #2,Athens,Henderson County,TX,75752,32.19614,-95.80029,full_service,2690,1986,leased,modified_gross,bank,direct_utility_meter,heat_pump,electricity,2003,R-22,fluorescent,3,False,1,False,n/a,0,50,1
MNB-02161,Onarga Branch,Onarga,Iroquois County,IL,60955,40.71736,-88.00236,full_service,5140,2021,leased,modified_gross,bank,direct_utility_meter,rtu_gas_heat,natural_gas,2021,R-410A,led,4,False,1,False,n/a,0,44,1
MNB-02162,Campbell Branch,Campbell,Wilkin County,MN,56522,46.1539,-96.42547,full_service,4650,1978,leased,modified_gross,landlord,shared_unmetered,rtu_gas_heat,natural_gas,2004,R-22,led,1,False,0,False,n/a,0,47,3
MNB-02163,San Francisco Branch #6,San Francisco,San Francisco County,CA,94121,37.79303,-122.48796,express,1280,1970,leased,full_gross,landlord,landlord_submeter,boiler_with_split_ac,natural_gas,2005,R-22,mixed,4,False,0,False,n/a,0,54,3
MNB-02164,Palmer Branch,Palmer,Matanuska-Susitna Borough,AK,99645,61.60088,-148.91651,full_service,3900,2006,leased,triple_net,bank,direct_utility_meter,split_ac_gas_furnace,natural_gas,2015,R-410A,led,1,False,1,False,n/a,0,48,1
MNB-02165,Butler Branch,Butler,Taylor County,GA,31006,32.58658,-84.24804,express,1710,1995,leased,triple_net,bank,direct_utility_meter,heat_pump,electricity,1999,R-22,mixed,1,False,0,False,n/a,0,46,1
MNB-02166,Ladera Ranch Branch,Ladera Ranch,Orange County,CA,92694,33.55833,-117.64626,drive_thru_only,1040,1956,leased,modified_gross,bank,direct_utility_meter,rtu_gas_heat,natural_gas,2012,R-410A,led,1,True,2,False,n/a,0,49,1
MNB-02167,Downey Branch,Downey,Los Angeles County,CA,90240,33.98897,-118.13242,full_service,3030,2013,owned,n/a,bank,direct_utility_meter,rtu_gas_heat,natural_gas,2013,R-410A,mixed,4,False,1,False,n/a,0,51,2
MNB-02168,Milton Branch,Milton,Pierce County,WA,98354,47.2393,-122.31416,in_store,460,2009,leased,full_gross,landlord,landlord_submeter,host_building_system,unknown,,unknown,led,1,False,0,False,n/a,0,60,2
MNB-02169,Harrisburg Branch,Harrisburg,Cabarrus County,NC,28075,35.31861,-80.64764,in_store,740,2023,leased,modified_gross,bank,direct_utility_meter,host_building_system,unknown,,unknown,led,0,False,0,False,n/a,0,68,1
MNB-02170,Vader Branch,Vader,Lewis County,WA,98593,46.39483,-122.96522,in_store,440,2021,leased,modified_gross,bank,direct_utility_meter,host_building_system,unknown,,unknown,led,1,False,0,False,n/a,0,67,2
MNB-02171,Vineyard Branch,Vineyard,Utah County,UT,84059,40.17112,-111.51715,full_service,3910,2001,leased,triple_net,bank,direct_utility_meter,split_ac_gas_furnace,natural_gas,2006,R-22,fluorescent,1,False,0,False,n/a,0,43,2
MNB-02172,Siler City Branch,Siler City,Chatham County,NC,27344,35.72472,-79.46521,full_service,3800,2008,owned,n/a,bank,direct_utility_meter,rtu_electric_heat,electricity,2013,R-410A,mixed,3,False,1,False,n/a,0,46,3
MNB-02173,Newfield Branch,Newfield,Gloucester County,NJ,08344,39.52215,-75.03046,full_service,4040,1990,owned,n/a,bank,direct_utility_meter,split_ac_gas_furnace,natural_gas,2009,R-22,led,2,True,1,True,diesel,0,51,1
MNB-02174,Lancaster Branch,Lancaster,Worcester County,MA,01523,42.44578,-71.69975,full_service,4530,2019,leased,triple_net,bank,direct_utility_meter,rtu_gas_heat,natural_gas,2019,R-410A,led,2,False,1,False,n/a,0,51,1
MNB-02175,Jackson Center Branch,Jackson Center,Mercer County,PA,16133,41.28453,-80.09181,in_store,960,1999,leased,modified_gross,bank,landlord_submeter,host_building_system,unknown,,unknown,led,0,False,0,False,n/a,0,71,1
MNB-02176,Apple River Branch,Apple River,Jo Daviess County,IL,61001,42.46548,-90.09493,in_store,430,1983,leased,modified_gross,landlord,shared_unmetered,host_building_system,unknown,,unknown,fluorescent,1,False,0,False,n/a,0,64,3
MNB-02177,Nipton Branch,Nipton,San Bernardino County,CA,92364,35.48992,-115.29334,full_service,5460,1951,leased,modified_gross,bank,landlord_submeter,rtu_gas_heat,natural_gas,2003,R-22,mixed,1,True,2,False,n/a,0,49,1
MNB-02178,Pilot Hill Branch,Pilot Hill,El Dorado County,CA,95664,38.81366,-121.03495,full_service,2200,2002,owned,n/a,bank,direct_utility_meter,rtu_gas_heat,natural_gas,2011,R-410A,mixed,2,False,1,False,n/a,0,43,1
MNB-02179,Slaughters Branch,Slaughters,Webster County,KY,42456,37.52089,-87.49012,full_service,6380,1998,owned,n/a,bank,direct_utility_meter,rtu_gas_heat,natural_gas,2021,R-410A,mixed,1,True,3,False,n/a,0,53,1
MNB-02180,Nassau Branch,Nassau,Rensselaer County,NY,12123,42.53024,-73.62916,in_store,390,2015,leased,modified_gross,bank,direct_utility_meter,host_building_system,unknown,,unknown,led,1,False,0,False,n/a,0,73,2
MNB-02181,Cass City Branch,Cass City,Tuscola County,MI,48726,43.58962,-83.1665,full_service,8000,1971,leased,triple_net,bank,direct_utility_meter,heat_pump,electricity,2003,R-22,led,3,False,1,False,n/a,0,45,1
MNB-02182,Oglesby Branch,Oglesby,Coryell County,TX,76561,31.44715,-97.53544,in_store,580,2015,leased,modified_gross,bank,direct_utility_meter,host_building_system,unknown,,unknown,led,0,False,0,False,n/a,0,77,1
MNB-02183,Philo Branch,Philo,Mendocino County,CA,95466,39.08213,-123.44406,full_service,6180,1952,owned,n/a,bank,direct_utility_meter,heat_pump,electricity,2006,R-22,mixed,3,True,1,True,diesel,0,53,1
MNB-02184,Bensalem Branch,Bensalem,Bucks County,PA,19020,40.11157,-74.9312,full_service,5810,2002,owned,n/a,bank,direct_utility_meter,rtu_gas_heat,natural_gas,2022,R-410A,led,2,True,0,False,n/a,0,49,1
MNB-02185,Millington Branch,Millington,Kent County,MD,21651,39.28025,-75.87397,express,1610,1989,leased,triple_net,bank,direct_utility_meter,boiler_with_split_ac,natural_gas,2020,R-410A,led,1,True,0,False,n/a,0,47,1
MNB-02186,Ocala Branch #3,Ocala,Marion County,FL,34481,29.1325,-82.27412,full_service,3770,1984,owned,n/a,bank,direct_utility_meter,heat_pump,electricity,2023,R-410A,led,4,False,2,False,n/a,0,48,1
MNB-02187,Montrose Branch,Montrose,Los Angeles County,CA,91020,34.20794,-118.23124,full_service,3260,1991,owned,n/a,bank,direct_utility_meter,rtu_gas_heat,propane,2020,R-410A,led,4,False,3,False,n/a,0,54,3
MNB-02188,Yorba Linda Branch,Yorba Linda,Orange County,CA,92886,33.91066,-117.79289,in_store,790,1975,leased,full_gross,landlord,landlord_submeter,host_building_system,unknown,,unknown,led,1,False,0,False,n/a,0,67,2
MNB-02189,Dammeron Valley Branch,Dammeron Valley,Washington County,UT,84783,37.31171,-113.66964,full_service,3690,1971,owned,n/a,bank,direct_utility_meter,rtu_gas_heat,natural_gas,2015,R-410A,led,3,False,2,False,n/a,0,43,2
MNB-02190,Woodland Branch,Woodland,Northampton County,NC,27897,36.32176,-77.19898,express,1460,2014,owned,n/a,bank,direct_utility_meter,rtu_electric_heat,electricity,2014,R-410A,mixed,2,True,0,False,n/a,0,50,1
MNB-02191,Fargo Branch,Fargo,Clinch County,GA,31631,30.68693,-82.58296,express,2050,1975,leased,triple_net,bank,direct_utility_meter,split_ac_gas_furnace,natural_gas,2008,R-22,mixed,1,False,0,False,n/a,0,53,2
MNB-02192,Trampas Branch,Trampas,Taos County,NM,87576,36.14619,-105.76193,in_store,510,2011,leased,full_gross,landlord,landlord_submeter,host_building_system,unknown,,unknown,led,0,False,0,False,n/a,0,70,2
MNB-02193,Hyattville Branch,Hyattville,Big Horn County,WY,82428,44.26438,-107.60407,full_service,3800,2009,owned,n/a,bank,direct_utility_meter,rtu_gas_heat,natural_gas,2014,R-410A,led,4,True,2,False,n/a,0,45,2
MNB-02194,Roxbury Crossing Branch,Roxbury Crossing,Suffolk County,MA,02120,42.33084,-71.09724,full_service,4330,1954,owned,n/a,bank,direct_utility_meter,split_ac_gas_furnace,natural_gas,2016,R-410A,fluorescent,4,False,2,False,n/a,0,51,1
MNB-02195,Everett Branch #3,Everett,Snohomish County,WA,98208,47.8662,-122.19534,express,1530,2018,leased,triple_net,bank,direct_utility_meter,rtu_gas_heat,natural_gas,2018,R-410A,led,3,True,0,False,n/a,0,49,1
MNB-02196,Ohio City Branch,Ohio City,Gunnison County,CO,81237,38.5729,-106.58153,full_service,3620,2013,owned,n/a,bank,direct_utility_meter,rtu_gas_heat,propane,2013,R-410A,led,1,False,0,False,n/a,0,54,1
MNB-02197,Deming Branch,Deming,Whatcom County,WA,98244,48.77517,-122.09326,flagship,25860,2014,owned,n/a,bank,direct_utility_meter,rtu_gas_heat,natural_gas,2014,R-410A,mixed,1,False,0,True,diesel,0,57,1
MNB-02198,Medford Branch,Medford,Steele County,MN,55049,44.19174,-93.24892,in_store,610,2015,leased,modified_gross,bank,direct_utility_meter,host_building_system,unknown,,unknown,mixed,1,False,0,False,n/a,14,68,1
MNB-02199,Middle Grove Branch,Middle Grove,Saratoga County,NY,12850,43.09953,-74.00452,full_service,3770,2001,owned,n/a,bank,direct_utility_meter,rtu_gas_heat,natural_gas,2012,R-410A,led,4,True,2,False,n/a,0,44,1
MNB-02200,Milton Branch,Milton,Strafford County,NH,03851,43.4349,-71.00852,full_service,3980,2024,leased,triple_net,bank,direct_utility_meter,rtu_gas_heat,natural_gas,2024,R-410A,led,4,True,0,False,n/a,0,43,2
MNB-02201,Cambridge Branch,Cambridge,Cowley County,KS,67023,37.30527,-96.64723,in_store,720,1971,leased,full_gross,landlord,shared_unmetered,host_building_system,unknown,,unknown,mixed,1,False,0,False,n/a,0,63,3
MNB-02202,South Bend Branch #2,South Bend,St. Joseph County,IN,46613,41.63597,-86.24592,full_service,3070,1959,owned,n/a,bank,direct_utility_meter,boiler_with_split_ac,natural_gas,2020,R-410A,led,3,False,3,True,diesel,0,50,1
MNB-02203,Roland Branch,Roland,Sequoyah County,OK,74954,35.45693,-94.53208,full_service,4770,2009,owned,n/a,bank,direct_utility_meter,heat_pump,electricity,2023,R-410A,fluorescent,4,False,1,False,n/a,0,53,3
MNB-02204,Charleston Branch,Charleston,Charleston County,SC,29403,32.7972,-79.9707,in_store,690,1981,leased,full_gross,landlord,landlord_submeter,host_building_system,unknown,,unknown,mixed,0,False,0,False,n/a,0,66,3
MNB-02205,Tombstone Branch,Tombstone,Cochise County,AZ,85638,31.7157,-110.07784,full_service,2450,2003,leased,full_gross,landlord,shared_unmetered,rtu_electric_heat,electricity,2011,R-410A,mixed,4,True,2,True,diesel,0,48,2
MNB-02206,Holbrook Branch,Holbrook,Greene County,PA,15341,39.84992,-80.36053,full_service,7190,1988,leased,modified_gross,landlord,shared_unmetered,rtu_gas_heat,natural_gas,2009,R-22,led,2,False,2,False,n/a,0,44,3
MNB-02207,Mobile Branch,Mobile,Mobile County,AL,36604,30.71521,-88.06325,in_store,930,1984,leased,full_gross,landlord,shared_unmetered,host_building_system,unknown,,unknown,led,1,False,0,False,n/a,0,68,3
MNB-02208,Princeton Branch,Princeton,Mercer County,NJ,08542,40.36351,-74.67575,in_store,530,2019,leased,full_gross,landlord,shared_unmetered,host_building_system,unknown,,unknown,led,1,False,0,False,n/a,0,67,3
MNB-02209,Salem Branch,Salem,Livingston County,KY,42078,37.26789,-88.25603,full_service,2990,1967,owned,n/a,bank,direct_utility_meter,rtu_gas_heat,natural_gas,2022,R-410A,mixed,4,False,1,False,n/a,0,52,1
MNB-02210,Georgetown Branch,Georgetown,Putnam County,FL,32139,29.39433,-81.61794,express,1900,1972,owned,n/a,bank,landlord_submeter,heat_pump,electricity,2003,R-22,led,1,True,0,False,n/a,0,54,1
MNB-02211,Riva Branch,Riva,Anne Arundel County,MD,21140,38.96815,-76.58833,express,1260,2007,leased,triple_net,bank,direct_utility_meter,heat_pump,electricity,2012,R-410A,fluorescent,2,False,0,False,n/a,0,50,1
MNB-02212,Sea Cliff Branch,Sea Cliff,Nassau County,NY,11579,40.84372,-73.65373,full_service,6320,2013,owned,n/a,bank,direct_utility_meter,rtu_gas_heat,natural_gas,2013,R-410A,mixed,3,False,0,False,n/a,0,43,2
MNB-02213,Hiram Branch,Hiram,Paulding County,GA,30141,33.84264,-84.76243,full_service,3640,2016,leased,full_gross,landlord,shared_unmetered,heat_pump,electricity,2016,R-410A,led,3,False,0,True,diesel,0,52,3
MNB-02214,Dickey Branch,Dickey,LaMoure County,ND,58431,46.54034,-98.47785,in_store,970,1975,leased,full_gross,landlord,shared_unmetered,host_building_system,unknown,,unknown,fluorescent,1,False,0,False,n/a,0,71,2
MNB-02215,Jacksonville Branch #6,Jacksonville,Duval County,FL,32258,30.15564,-81.58572,full_service,3270,2018,leased,full_gross,landlord,landlord_submeter,split_ac_gas_furnace,natural_gas,2020,R-410A,led,3,False,2,False,n/a,0,42,3
MNB-02216,New York Branch #10,New York,New York County,NY,10128,40.76996,-73.93684,drive_thru_only,970,2003,leased,triple_net,bank,direct_utility_meter,rtu_gas_heat,natural_gas,2007,R-22,led,4,False,2,False,n/a,0,46,2
MNB-02217,Jones Mills Branch,Jones Mills,Westmoreland County,PA,15646,40.08678,-79.33844,full_service,6140,2015,owned,n/a,bank,landlord_submeter,split_ac_gas_furnace,natural_gas,2015,R-410A,led,2,True,3,False,n/a,0,54,2
MNB-02218,Rochester Branch,Rochester,Haskell County,TX,79544,33.3022,-99.86222,full_service,3810,1959,owned,n/a,bank,direct_utility_meter,rtu_gas_heat,natural_gas,2000,R-22,led,3,False,2,False,n/a,0,42,3
MNB-02219,Moffat Branch,Moffat,Saguache County,CO,81143,38.06322,-105.8334,full_service,4550,1986,leased,full_gross,landlord,shared_unmetered,rtu_gas_heat,natural_gas,2015,R-410A,mixed,2,False,0,False,n/a,0,45,3
MNB-02220,Otisco Branch,Otisco,Clark County,IN,47163,38.55129,-85.66459,full_service,5820,1998,leased,full_gross,landlord,shared_unmetered,rtu_gas_heat,natural_gas,1998,R-22,fluorescent,4,True,2,True,diesel,0,53,3
MNB-02221,John Day Branch,John Day,Grant County,OR,97845,44.42382,-118.9484,express,1560,2001,leased,triple_net,bank,direct_utility_meter,rtu_gas_heat,natural_gas,2018,R-410A,mixed,1,False,0,False,n/a,0,43,1
MNB-02222,Texas City Branch,Texas City,Galveston County,TX,77590,29.40446,-94.9301,full_service,2870,1962,leased,triple_net,bank,direct_utility_meter,split_ac_gas_furnace,natural_gas,2014,R-410A,led,4,True,0,False,n/a,0,54,1
MNB-02223,Trenton Branch,Trenton,Grundy County,MO,64683,40.08185,-93.58376,express,1240,1999,leased,triple_net,bank,direct_utility_meter,rtu_gas_heat,natural_gas,2023,R-410A,mixed,2,True,0,False,n/a,0,45,1
MNB-02224,Ruskin Branch,Ruskin,Hillsborough County,FL,33570,27.70387,-82.44246,full_service,5000,2006,owned,n/a,bank,direct_utility_meter,heat_pump,electricity,2013,R-410A,fluorescent,2,False,0,False,n/a,0,53,1
MNB-02225,Ogdensburg Branch,Ogdensburg,St. Lawrence County,NY,13669,44.67598,-75.45873,in_store,710,1986,leased,full_gross,landlord,shared_unmetered,host_building_system,unknown,,unknown,led,0,False,0,False,n/a,0,61,2
MNB-02226,Turpin Branch,Turpin,Beaver County,OK,73950,36.84016,-100.88017,express,2340,1996,leased,triple_net,bank,direct_utility_meter,heat_pump,electricity,2023,R-410A,led,2,True,0,False,n/a,0,52,1
MNB-02227,Tampa Branch #5,Tampa,Hillsborough County,FL,33625,28.0744,-82.54931,full_service,3860,1981,leased,triple_net,bank,direct_utility_meter,heat_pump,electricity,2004,R-22,fluorescent,4,False,1,False,n/a,0,45,1
MNB-02228,Lake Pleasant Branch,Lake Pleasant,Hamilton County,NY,12108,43.67149,-74.44809,full_service,2730,2018,leased,modified_gross,bank,landlord_submeter,rtu_gas_heat,natural_gas,2018,R-410A,fluorescent,4,True,1,False,n/a,0,49,1
MNB-02229,Ardmore Branch,Ardmore,Carter County,OK,73401,34.17111,-97.16544,drive_thru_only,600,2002,owned,n/a,bank,direct_utility_meter,rtu_gas_heat,propane,2012,R-410A,mixed,2,False,0,False,n/a,0,45,1
MNB-02230,La Veta Branch,La Veta,Huerfano County,CO,81055,37.53056,-105.06759,drive_thru_only,1600,1999,leased,triple_net,bank,direct_utility_meter,split_ac_gas_furnace,natural_gas,1999,R-22,mixed,1,False,0,False,n/a,0,46,3
MNB-02231,Gibsonville Branch,Gibsonville,Guilford County,NC,27249,36.13714,-79.55559,full_service,4910,2022,owned,n/a,bank,direct_utility_meter,rtu_gas_heat,natural_gas,2022,R-410A,led,1,True,3,True,diesel,0,44,1
MNB-02232,Arvin Branch,Arvin,Kern County,CA,93203,35.18462,-118.81144,full_service,4370,2006,owned,n/a,bank,landlord_submeter,rtu_gas_heat,natural_gas,2010,R-410A,mixed,2,True,3,False,n/a,0,43,2
MNB-02233,Pasadena Branch,Pasadena,Harris County,TX,77502,29.67467,-95.2013,drive_thru_only,1070,1980,owned,n/a,bank,direct_utility_meter,rtu_electric_heat,electricity,2004,R-22,led,4,False,3,False,n/a,0,47,1
MNB-02234,Harper Branch,Harper,Malheur County,OR,97906,43.87916,-117.52798,full_service,2730,2005,leased,modified_gross,bank,landlord_submeter,rtu_gas_heat,natural_gas,2005,R-22,led,3,True,0,False,n/a,0,43,1
MNB-02235,Hustisford Branch,Hustisford,Dodge County,WI,53034,43.36088,-88.60928,full_service,3300,2023,owned,n/a,bank,direct_utility_meter,split_ac_gas_furnace,natural_gas,2023,R-410A,led,1,True,2,False,n/a,0,45,2
MNB-02236,Delray Beach Branch #2,Delray Beach,Palm Beach County,FL,33445,26.47416,-80.10956,full_service,7080,1953,owned,n/a,bank,direct_utility_meter,rtu_gas_heat,natural_gas,2004,R-22,fluorescent,2,True,1,False,n/a,0,50,2
MNB-02237,Palm Bay Branch #2,Palm Bay,Brevard County,FL,32909,27.98283,-80.62676,full_service,5110,2004,owned,n/a,bank,direct_utility_meter,rtu_electric_heat,electricity,2004,R-22,mixed,2,False,3,False,n/a,0,44,1
MNB-02238,Albany Branch #2,Albany,Albany County,NY,12207,42.64795,-73.76825,drive_thru_only,820,1968,owned,n/a,bank,direct_utility_meter,rtu_gas_heat,natural_gas,2016,R-410A,mixed,1,False,3,False,n/a,0,52,1
MNB-02239,Huntsville Branch,Huntsville,Weber County,UT,84317,41.2615,-111.77311,full_service,2900,2015,leased,triple_net,bank,direct_utility_meter,rtu_gas_heat,natural_gas,2015,R-410A,fluorescent,4,True,1,False,n/a,0,43,2
MNB-02240,Wyanet Branch,Wyanet,Bureau County,IL,61379,41.38797,-89.55507,express,1580,2005,leased,full_gross,landlord,shared_unmetered,split_ac_gas_furnace,natural_gas,2010,R-410A,led,1,True,0,False,n/a,0,50,3
MNB-02241,Brooks Branch,Brooks,Yolo County,CA,95606,38.79329,-122.19641,full_service,3820,2021,leased,full_gross,landlord,shared_unmetered,split_ac_gas_furnace,natural_gas,2021,R-410A,led,1,False,1,False,n/a,0,42,3
MNB-02242,Benton Branch,Benton,Columbia County,PA,17814,41.22024,-76.31516,full_service,7760,2007,owned,n/a,bank,direct_utility_meter,rtu_gas_heat,natural_gas,2007,R-22,led,2,True,1,False,n/a,0,50,2
MNB-02243,Sachse Branch,Sachse,Dallas County,TX,75048,32.96292,-96.60661,full_service,3960,1952,leased,modified_gross,bank,direct_utility_meter,heat_pump,electricity,2013,R-410A,led,3,True,2,False,n/a,0,45,1
MNB-02244,Torrance Branch #2,Torrance,Los Angeles County,CA,90503,33.85881,-118.35268,full_service,2930,1997,owned,n/a,bank,direct_utility_meter,rtu_gas_heat,natural_gas,2019,R-410A,led,4,False,2,False,n/a,0,49,1
MNB-02245,Palatka Branch,Palatka,Putnam County,FL,32177,29.65344,-81.66743,drive_thru_only,980,2020,owned,n/a,bank,direct_utility_meter,heat_pump,electricity,2020,R-410A,mixed,1,False,3,False,n/a,0,53,2
MNB-02246,Curryville Branch,Curryville,Pike County,MO,63339,39.29643,-91.34758,in_store,690,1976,leased,modified_gross,bank,direct_utility_meter,host_building_system,unknown,,unknown,mixed,0,False,0,False,n/a,0,72,1
MNB-02247,Deerfield Branch,Deerfield,Lake County,IL,60015,42.17655,-87.88029,in_store,470,1960,leased,modified_gross,bank,direct_utility_meter,host_building_system,unknown,,unknown,fluorescent,1,False,0,False,n/a,0,73,1
MNB-02248,Santa Rosa Branch #3,Santa Rosa,Sonoma County,CA,95403,38.47381,-122.73908,full_service,4730,2010,leased,full_gross,landlord,shared_unmetered,rtu_gas_heat,natural_gas,2010,R-410A,led,2,True,0,False,n/a,0,53,3
MNB-02249,Otwell Branch,Otwell,Pike County,IN,47564,38.46671,-87.09462,full_service,6030,1996,owned,n/a,bank,direct_utility_meter,rtu_gas_heat,natural_gas,2002,R-22,mixed,1,False,3,True,diesel,0,47,1
MNB-02250,Lorida Branch,Lorida,Highlands County,FL,33857,27.41396,-81.19719,full_service,4370,1956,leased,modified_gross,bank,direct_utility_meter,rtu_electric_heat,electricity,2005,R-22,fluorescent,1,True,2,False,n/a,0,51,1
MNB-02251,Memphis Branch #5,Memphis,Shelby County,TN,38105,35.14642,-90.03768,in_store,530,1980,leased,full_gross,landlord,shared_unmetered,host_building_system,unknown,,unknown,led,1,False,0,False,n/a,0,72,3
MNB-02252,Kearny Branch,Kearny,Hudson County,NJ,07032,40.77418,-74.15784,full_service,3580,1983,leased,triple_net,bank,direct_utility_meter,rtu_gas_heat,natural_gas,2023,R-410A,led,3,False,3,False,n/a,0,45,1
MNB-02253,Daly City Branch,Daly City,San Mateo County,CA,94015,37.66031,-122.46927,full_service,2550,2007,leased,modified_gross,bank,direct_utility_meter,split_ac_gas_furnace,natural_gas,2020,R-410A,led,2,False,1,False,n/a,0,54,1
MNB-02254,Kenney Branch,Kenney,De Witt County,IL,61749,40.0905,-89.09995,full_service,4030,1994,owned,n/a,bank,direct_utility_meter,rtu_gas_heat,natural_gas,2004,R-22,mixed,1,False,3,False,n/a,0,49,2
MNB-02255,West Palm Beach Branch #2,West Palm Beach,Palm Beach County,FL,33412,26.81371,-80.24206,full_service,4610,1995,leased,modified_gross,bank,direct_utility_meter,rtu_electric_heat,electricity,2013,R-410A,fluorescent,2,False,0,True,diesel,0,50,1
MNB-02256,San Jacinto Branch,San Jacinto,Riverside County,CA,92583,33.78933,-116.90751,in_store,510,2014,leased,modified_gross,bank,direct_utility_meter,host_building_system,unknown,,unknown,mixed,1,False,0,False,n/a,0,65,1
MNB-02257,Fountain Valley Branch,Fountain Valley,Orange County,CA,92708,33.69089,-117.93247,full_service,7510,1980,leased,triple_net,bank,direct_utility_meter,boiler_with_split_ac,natural_gas,2005,R-22,led,2,True,3,False,n/a,0,51,1
MNB-02258,Moatsville Branch,Moatsville,Barbour County,WV,26405,39.23142,-79.91976,flagship,19220,2007,owned,n/a,bank,direct_utility_meter,heat_pump,electricity,2007,R-22,led,1,False,0,True,diesel,0,54,1
MNB-02259,Alburtis Branch,Alburtis,Lehigh County,PA,18011,40.52798,-75.60934,full_service,2450,1987,owned,n/a,bank,direct_utility_meter,rtu_gas_heat,natural_gas,2023,R-410A,mixed,4,False,2,False,n/a,0,49,1
MNB-02260,Quitman Branch,Quitman,Clarke County,MS,39355,32.06626,-88.67374,full_service,2460,1990,leased,full_gross,landlord,shared_unmetered,heat_pump,electricity,2015,R-410A,led,3,True,2,True,diesel,0,48,3
MNB-02261,Tiverton Branch,Tiverton,Newport County,RI,02878,41.61027,-71.18164,full_service,3120,2000,owned,n/a,bank,direct_utility_meter,split_ac_gas_furnace,natural_gas,2016,R-410A,mixed,3,True,3,True,diesel,0,47,2
MNB-02262,Lindley Branch,Lindley,Steuben County,NY,14858,42.03687,-77.15649,drive_thru_only,1480,2008,owned,n/a,bank,direct_utility_meter,rtu_gas_heat,natural_gas,2008,R-22,mixed,4,False,0,False,n/a,0,49,1
MNB-02263,Ridge Branch,Ridge,St. Mary's County,MD,20680,38.09698,-76.36648,full_service,5480,2022,owned,n/a,bank,direct_utility_meter,split_ac_gas_furnace,natural_gas,2024,R-410A,led,3,False,1,False,n/a,0,49,3
MNB-02264,Memphis Branch #6,Memphis,Shelby County,TN,38106,35.10581,-90.03312,full_service,6830,1979,leased,triple_net,bank,landlord_submeter,rtu_electric_heat,electricity,2003,R-22,led,3,True,3,False,n/a,42,52,1
MNB-02265,La Moille Branch,La Moille,Bureau County,IL,61330,41.52695,-89.27403,drive_thru_only,1000,1963,leased,modified_gross,landlord,shared_unmetered,boiler_with_split_ac,natural_gas,2002,R-22,mixed,3,False,3,False,n/a,0,54,3
MNB-02266,Esko Branch,Esko,Carlton County,MN,55733,46.69868,-92.35994,full_service,3940,1991,leased,full_gross,landlord,shared_unmetered,rtu_gas_heat,natural_gas,2013,R-410A,fluorescent,2,False,3,False,n/a,0,47,3
MNB-02267,Santa Maria Branch,Santa Maria,Santa Barbara County,CA,93454,34.9492,-120.41848,full_service,2880,1999,leased,triple_net,bank,direct_utility_meter,rtu_gas_heat,natural_gas,2023,R-410A,fluorescent,2,True,1,False,n/a,0,53,1
MNB-02268,Toronto Branch,Toronto,Woodson County,KS,66777,37.7931,-95.95201,full_service,4660,1975,owned,n/a,bank,direct_utility_meter,boiler_with_split_ac,natural_gas,2018,R-410A,mixed,1,False,1,False,n/a,0,54,1
MNB-02269,Minneapolis Branch #5,Minneapolis,Hennepin County,MN,55454,44.96047,-93.25524,full_service,3950,2019,owned,n/a,bank,direct_utility_meter,split_ac_gas_furnace,natural_gas,2023,R-410A,led,2,True,2,True,diesel,49,48,2
MNB-02270,Kernville Branch,Kernville,Kern County,CA,93238,35.76206,-118.39604,express,1690,2014,leased,modified_gross,landlord,shared_unmetered,rtu_gas_heat,natural_gas,2014,R-410A,led,2,False,0,False,n/a,0,47,3
MNB-02271,Thompson Branch,Thompson,Audrain County,MO,65285,39.20745,-91.9916,in_store,970,1996,leased,modified_gross,landlord,shared_unmetered,host_building_system,unknown,,unknown,led,0,False,0,False,n/a,0,72,2
MNB-02272,Union Dale Branch,Union Dale,Susquehanna County,PA,18470,41.71966,-75.55799,in_store,620,1993,leased,full_gross,landlord,shared_unmetered,host_building_system,unknown,,unknown,fluorescent,1,False,0,False,n/a,0,69,3
MNB-02273,Fresno Branch #5,Fresno,Fresno County,CA,93726,36.79827,-119.76011,express,2510,1955,owned,n/a,bank,direct_utility_meter,split_ac_gas_furnace,natural_gas,2011,R-410A,led,1,False,0,False,n/a,0,48,1
MNB-02274,Pomona Park Branch,Pomona Park,Putnam County,FL,32181,29.49183,-81.60808,drive_thru_only,670,1998,owned,n/a,bank,landlord_submeter,heat_pump,electricity,2024,R-410A,led,3,False,3,False,n/a,0,54,1
MNB-02275,The Colony Branch,The Colony,Denton County,TX,75056,33.08361,-96.88577,full_service,8000,2002,leased,modified_gross,bank,landlord_submeter,rtu_electric_heat,electricity,2005,R-22,mixed,1,True,0,False,n/a,0,54,1
MNB-02276,Dublin Branch,Dublin,Alameda County,CA,94568,37.69683,-121.91256,full_service,3750,2019,leased,triple_net,bank,direct_utility_meter,split_ac_gas_furnace,natural_gas,2019,R-410A,mixed,4,False,2,False,n/a,0,48,3
MNB-02277,Dyess Afb Branch,Dyess AFB,Taylor County,TX,79607,32.42389,-99.84332,full_service,5190,1996,leased,full_gross,landlord,shared_unmetered,heat_pump,electricity,2009,R-22,led,3,False,2,False,n/a,0,42,3
MNB-02278,Brooklyn Branch #3,Brooklyn,Kings County,NY,11222,40.72294,-73.95279,express,2230,1968,leased,triple_net,bank,direct_utility_meter,heat_pump,electricity,2010,R-410A,led,1,False,0,False,n/a,0,54,2
MNB-02279,Hankamer Branch,Hankamer,Chambers County,TX,77560,29.84673,-94.60736,express,1580,1971,leased,full_gross,landlord,shared_unmetered,split_ac_gas_furnace,natural_gas,2013,R-410A,mixed,4,True,0,False,n/a,0,43,3
MNB-02280,Wills Point Branch,Wills Point,Van Zandt County,TX,75169,32.72187,-96.01568,in_store,790,1969,leased,full_gross,landlord,landlord_submeter,host_building_system,unknown,,unknown,mixed,1,False,0,False,n/a,0,64,3
MNB-02281,Providence Branch,Providence,Caswell County,NC,27315,36.47649,-79.383,full_service,5450,2021,owned,n/a,bank,landlord_submeter,heat_pump,electricity,2021,R-410A,led,3,False,0,False,n/a,0,47,1
MNB-02282,Atlanta Branch #4,Atlanta,Fulton County,GA,30327,33.88161,-84.41912,full_service,3390,2014,leased,triple_net,bank,direct_utility_meter,heat_pump,electricity,2014,R-410A,led,3,True,2,False,n/a,0,52,1
MNB-02283,Hagerstown Branch,Hagerstown,Washington County,MD,21742,39.63687,-77.70413,express,1510,2015,owned,n/a,bank,direct_utility_meter,split_ac_gas_furnace,natural_gas,2015,R-410A,led,4,False,0,False,n/a,0,52,1
MNB-02284,Portsmouth Branch,Portsmouth,Newport County,RI,02871,41.5771,-71.25578,full_service,4250,2016,leased,triple_net,bank,direct_utility_meter,rtu_gas_heat,natural_gas,2016,R-410A,led,2,True,2,True,diesel,0,53,2
MNB-02285,Cookville Branch,Cookville,Titus County,TX,75558,33.25652,-94.89387,full_service,4050,1962,leased,triple_net,bank,direct_utility_meter,heat_pump,electricity,2022,R-410A,led,4,False,2,False,n/a,0,49,3
MNB-02286,Pound Branch,Pound,Marinette County,WI,54161,45.14358,-88.15177,full_service,6370,2009,leased,triple_net,bank,direct_utility_meter,rtu_gas_heat,natural_gas,2018,R-410A,led,1,False,1,False,n/a,0,50,1
MNB-02287,Berkshire Branch,Berkshire,Tioga County,NY,13736,42.29846,-76.17568,full_service,5180,2009,owned,n/a,bank,direct_utility_meter,rtu_gas_heat,natural_gas,2013,R-410A,fluorescent,1,True,1,False,n/a,0,45,1
MNB-02288,Tilton Branch,Tilton,Vermilion County,IL,61833,40.08881,-87.64571,in_store,630,1975,leased,full_gross,landlord,landlord_submeter,host_building_system,unknown,,unknown,led,1,False,0,False,n/a,0,72,2
MNB-02289,Laredo Branch #2,Laredo,Webb County,TX,78041,27.57799,-99.40361,express,2090,1995,owned,n/a,bank,direct_utility_meter,rtu_gas_heat,natural_gas,2004,R-22,led,4,False,0,False,n/a,0,54,2
MNB-02290,New York Branch #11,New York,New York County,NY,10014,40.70597,-74.00654,in_store,380,2006,leased,full_gross,landlord,shared_unmetered,host_building_system,unknown,,unknown,mixed,1,False,0,False,n/a,0,67,3
MNB-02291,Eastover Branch,Eastover,Richland County,SC,29044,33.89297,-80.70003,full_service,3490,2019,owned,n/a,bank,direct_utility_meter,heat_pump,electricity,2023,R-410A,mixed,2,True,0,False,n/a,0,44,1
MNB-02292,Noble Branch,Noble,Ozark County,MO,65715,36.74073,-92.56921,full_service,4570,1964,leased,modified_gross,bank,direct_utility_meter,rtu_gas_heat,natural_gas,2023,R-410A,mixed,3,True,3,False,n/a,0,50,1
MNB-02293,Morrice Branch,Morrice,Shiawassee County,MI,48857,42.8571,-84.20887,express,2370,2019,owned,n/a,bank,direct_utility_meter,rtu_gas_heat,natural_gas,2019,R-410A,led,2,True,0,False,n/a,0,51,3
MNB-02294,Stamping Ground Branch,Stamping Ground,Scott County,KY,40379,38.28357,-84.67934,full_service,4450,2021,owned,n/a,bank,direct_utility_meter,split_ac_gas_furnace,natural_gas,2021,R-410A,led,3,False,1,False,n/a,0,54,1
MNB-02295,Bandera Branch,Bandera,Bandera County,TX,78003,29.72881,-99.04589,full_service,6500,2021,leased,modified_gross,landlord,shared_unmetered,split_ac_gas_furnace,natural_gas,2021,R-410A,fluorescent,3,True,2,False,n/a,0,53,2
MNB-02296,Madrid Branch,Madrid,Perkins County,NE,69150,40.86801,-101.51927,in_store,800,1950,leased,full_gross,landlord,shared_unmetered,host_building_system,unknown,,unknown,fluorescent,1,False,0,False,n/a,0,72,3
MNB-02297,Lamar Branch,Lamar,Darlington County,SC,29069,34.21148,-80.08472,full_service,3620,1975,owned,n/a,bank,direct_utility_meter,heat_pump,electricity,2016,R-410A,fluorescent,3,False,3,True,diesel,0,53,1
MNB-02298,Emerson Branch,Emerson,Bergen County,NJ,07630,40.96858,-74.0421,full_service,4020,2008,owned,n/a,bank,direct_utility_meter,rtu_gas_heat,natural_gas,2022,R-410A,mixed,1,True,0,True,diesel,0,53,1
MNB-02299,Anderson Branch,Anderson,Anderson County,SC,29624,34.4371,-82.61019,drive_thru_only,1100,1983,owned,n/a,bank,direct_utility_meter,rtu_gas_heat,natural_gas,2023,R-410A,mixed,2,False,3,False,n/a,0,47,2
MNB-02300,Lakeland Branch,Lakeland,Lanier County,GA,31635,31.05996,-83.09205,full_service,3670,1958,owned,n/a,bank,direct_utility_meter,heat_pump,electricity,2015,R-410A,led,2,False,1,False,n/a,0,45,1
MNB-02301,Stephenville Branch,Stephenville,Erath County,TX,76401,32.20313,-98.23325,full_service,6640,2012,leased,triple_net,bank,direct_utility_meter,rtu_gas_heat,natural_gas,2012,R-410A,led,4,False,2,False,n/a,0,47,2
MNB-02302,Alexandria Branch,Alexandria,Alexandria city,VA,22314,38.81833,-77.05053,full_service,3010,1954,leased,full_gross,landlord,landlord_submeter,split_ac_gas_furnace,natural_gas,2021,R-410A,led,2,False,3,False,n/a,0,47,3
MNB-02303,Speedwell Branch,Speedwell,Wythe County,VA,24374,36.78758,-81.18583,flagship,15880,1992,leased,triple_net,bank,landlord_submeter,rtu_gas_heat,natural_gas,2003,R-22,mixed,2,False,0,True,diesel,58,53,1
MNB-02304,Columbia Branch,Columbia,Howard County,MD,21044,39.21533,-76.86034,full_service,5230,2022,leased,triple_net,bank,direct_utility_meter,rtu_gas_heat,natural_gas,2022,R-410A,mixed,1,True,2,True,diesel,0,47,1
MNB-02305,Lubbock Branch #4,Lubbock,Lubbock County,TX,79413,33.54369,-101.88301,full_service,3820,1992,leased,modified_gross,landlord,shared_unmetered,heat_pump,electricity,2002,R-22,led,1,False,1,False,n/a,0,45,3
MNB-02306,Rancho Cordova Branch,Rancho Cordova,Sacramento County,CA,95742,38.5866,-121.21283,full_service,3570,2020,leased,triple_net,bank,direct_utility_meter,rtu_gas_heat,natural_gas,2020,R-410A,led,3,True,2,False,n/a,0,44,1
MNB-02307,Eagle Lake Branch,Eagle Lake,Polk County,FL,33839,27.9669,-81.74559,flagship,13580,1990,owned,n/a,bank,direct_utility_meter,heat_pump,electricity,2003,R-22,mixed,4,False,0,True,diesel,0,59,3
MNB-02308,Godwin Branch,Godwin,Sampson County,NC,28344,35.20022,-78.64939,express,2200,1985,leased,modified_gross,bank,direct_utility_meter,heat_pump,electricity,2009,R-22,mixed,2,False,0,False,n/a,0,44,1
MNB-02309,Mountain View Branch,Mountain View,Hawaii County,HI,96771,19.56255,-155.077,full_service,3610,1963,owned,n/a,bank,direct_utility_meter,rtu_gas_heat,natural_gas,1998,R-22,fluorescent,1,False,1,False,n/a,0,42,2
MNB-02310,Elburn Branch,Elburn,Kane County,IL,60119,41.88084,-88.44407,full_service,3040,1986,owned,n/a,bank,landlord_submeter,rtu_gas_heat,natural_gas,2004,R-22,led,3,False,3,False,n/a,0,53,3
MNB-02311,Sumiton Branch,Sumiton,Walker County,AL,35148,33.76884,-87.0372,in_store,860,1984,leased,modified_gross,landlord,shared_unmetered,host_building_system,unknown,,unknown,led,0,False,0,False,n/a,0,66,1
MNB-02312,Miami Branch #9,Miami,Miami-Dade County,FL,33138,25.85895,-80.18009,drive_thru_only,1100,2017,leased,full_gross,landlord,shared_unmetered,heat_pump,electricity,2017,R-410A,led,2,False,3,False,n/a,0,46,3
MNB-02313,Hampton Branch,Hampton,Bradford County,FL,32044,29.84584,-82.13343,in_store,830,2020,leased,full_gross,landlord,shared_unmetered,host_building_system,unknown,,unknown,led,0,False,0,False,n/a,0,62,3
MNB-02314,Richlands Branch,Richlands,Onslow County,NC,28574,34.87128,-77.58739,flagship,18960,1953,owned,n/a,bank,direct_utility_meter,heat_pump,electricity,2003,R-22,mixed,1,True,0,True,diesel,0,57,1
MNB-02315,Hammond Branch #2,Hammond,Lake County,IN,46323,41.59763,-87.4528,full_service,8000,1962,owned,n/a,bank,direct_utility_meter,rtu_gas_heat,natural_gas,2021,R-410A,fluorescent,4,True,0,False,n/a,0,48,2
MNB-02316,Pilgrim Branch,Pilgrim,Martin County,KY,41250,37.76914,-82.43164,full_service,5860,2005,leased,full_gross,landlord,shared_unmetered,rtu_gas_heat,natural_gas,2005,R-22,led,1,False,2,False,n/a,0,44,3
MNB-02317,Pinson Branch,Pinson,Jefferson County,AL,35126,33.72539,-86.62564,full_service,3370,1995,owned,n/a,bank,direct_utility_meter,heat_pump,electricity,2002,R-22,led,1,False,0,False,n/a,0,48,1
MNB-02318,Oran Branch,Oran,Fayette County,IA,50664,42.6957,-92.0763,drive_thru_only,1120,1981,leased,full_gross,landlord,shared_unmetered,rtu_gas_heat,natural_gas,2010,R-410A,fluorescent,2,True,3,False,n/a,0,46,3
MNB-02319,Florida Branch,Florida,Orange County,NY,10921,41.33873,-74.35824,full_service,3550,1978,leased,modified_gross,bank,direct_utility_meter,rtu_gas_heat,natural_gas,2022,R-410A,mixed,1,True,1,True,diesel,0,45,3
MNB-02320,Tempe Branch #4,Tempe,Maricopa County,AZ,85283,33.37633,-111.91364,full_service,3660,1975,owned,n/a,bank,direct_utility_meter,heat_pump,electricity,2005,R-22,mixed,1,False,3,False,n/a,0,43,2
MNB-02321,Round Lake Branch,Round Lake,Lake County,IL,60073,42.36038,-88.07919,in_store,450,1998,leased,modified_gross,landlord,shared_unmetered,host_building_system,unknown,,unknown,led,1,False,0,False,n/a,0,74,3
MNB-02322,Chazy Branch,Chazy,Clinton County,NY,12921,44.88356,-73.44631,full_service,3850,1952,leased,full_gross,landlord,landlord_submeter,rtu_gas_heat,natural_gas,2004,R-22,fluorescent,3,True,3,False,n/a,0,51,2
MNB-02323,Denver City Branch,Denver City,Yoakum County,TX,79323,32.97759,-102.83516,drive_thru_only,1140,2011,leased,full_gross,landlord,landlord_submeter,heat_pump,electricity,2015,R-410A,led,3,False,0,False,n/a,0,52,3
MNB-02324,Swanquarter Branch,Swanquarter,Hyde County,NC,27885,35.41227,-76.28352,full_service,4110,1981,leased,modified_gross,bank,direct_utility_meter,rtu_electric_heat,electricity,2006,R-22,led,3,True,3,False,n/a,0,42,1
MNB-02325,Ney Branch,Ney,Defiance County,OH,43549,41.37317,-84.52716,full_service,3020,1991,owned,n/a,bank,direct_utility_meter,split_ac_gas_furnace,natural_gas,2014,R-410A,fluorescent,2,False,0,False,n/a,0,43,1
MNB-02326,Hineston Branch,Hineston,Rapides Parish,LA,71438,31.16798,-92.74547,full_service,2650,1998,leased,modified_gross,bank,direct_utility_meter,rtu_electric_heat,electricity,2006,R-22,fluorescent,4,True,2,False,n/a,0,50,2
MNB-02327,Kinsman Branch,Kinsman,Grundy County,IL,60437,41.17505,-88.55195,in_store,1100,1974,leased,full_gross,landlord,shared_unmetered,host_building_system,unknown,,unknown,led,0,False,0,False,n/a,0,73,3
MNB-02328,Jacksonville Branch,Jacksonville,Morgan County,IL,62650,39.72664,-90.22581,in_store,700,2019,leased,full_gross,landlord,shared_unmetered,host_building_system,unknown,,unknown,led,1,False,0,False,n/a,0,60,3
MNB-02329,Hopkins Branch,Hopkins,Allegan County,MI,49328,42.61999,-85.7367,full_service,3280,2007,leased,triple_net,bank,landlord_submeter,rtu_gas_heat,natural_gas,2007,R-22,led,1,False,1,False,n/a,0,49,1
MNB-02330,Riverbank Branch,Riverbank,Stanislaus County,CA,95367,37.7068,-120.93115,full_service,4820,2018,leased,full_gross,landlord,shared_unmetered,rtu_gas_heat,propane,2018,R-410A,led,4,True,3,False,n/a,0,51,2
MNB-02331,Okabena Branch,Okabena,Jackson County,MN,56161,43.70789,-95.32263,full_service,8000,1994,owned,n/a,bank,direct_utility_meter,rtu_gas_heat,natural_gas,2011,R-410A,led,1,False,1,False,n/a,0,45,3
MNB-02332,Ochopee Branch,Ochopee,Collier County,FL,34141,25.85764,-81.14826,in_store,750,1991,leased,full_gross,landlord,landlord_submeter,host_building_system,unknown,,unknown,led,0,False,0,False,n/a,0,69,3
MNB-02333,Granada Branch,Granada,Prowers County,CO,81041,38.05264,-102.33041,flagship,8000,1976,owned,n/a,bank,direct_utility_meter,split_ac_gas_furnace,natural_gas,2002,R-22,led,3,True,0,True,diesel,0,57,3
MNB-02334,Yuma Branch,Yuma,Yuma County,AZ,85365,32.69503,-114.48143,in_store,1100,1999,leased,full_gross,landlord,shared_unmetered,host_building_system,unknown,,unknown,mixed,0,False,0,False,n/a,0,66,2
MNB-02335,Mount Olive Branch,Mount Olive,Jefferson County,AL,35117,33.66837,-86.87076,full_service,2410,2002,leased,triple_net,bank,direct_utility_meter,rtu_gas_heat,natural_gas,2017,R-410A,fluorescent,2,True,1,True,diesel,0,44,1
MNB-02336,Holly Hill Branch,Holly Hill,Orangeburg County,SC,29059,33.31831,-80.41723,full_service,3940,1990,owned,n/a,bank,landlord_submeter,rtu_gas_heat,natural_gas,2001,R-22,fluorescent,4,False,1,True,diesel,0,43,2
MNB-02337,Mc Donald Branch,Mc Donald,Bradley County,TN,37353,35.12141,-84.96413,full_service,2980,1967,leased,triple_net,bank,direct_utility_meter,split_ac_gas_furnace,natural_gas,2003,R-22,fluorescent,1,False,1,False,n/a,0,46,1
MNB-02338,Big Pine Key Branch,Big Pine Key,Monroe County,FL,33043,24.69587,-81.36025,full_service,3360,1979,leased,triple_net,bank,landlord_submeter,rtu_gas_heat,natural_gas,1999,R-22,mixed,3,True,2,False,n/a,45,42,1
MNB-02339,East Setauket Branch,East Setauket,Suffolk County,NY,11733,40.95054,-73.08048,full_service,4570,1952,owned,n/a,bank,landlord_submeter,split_ac_gas_furnace,natural_gas,2004,R-22,fluorescent,3,False,2,False,n/a,0,43,1
MNB-02340,Lakeland Branch,Lakeland,Pointe Coupee Parish,LA,70752,30.58009,-91.40421,full_service,2250,1983,leased,triple_net,bank,landlord_submeter,heat_pump,electricity,2023,R-410A,led,4,True,3,False,n/a,0,43,1
MNB-02341,Maynard Branch,Maynard,Middlesex County,MA,01754,42.42657,-71.44647,full_service,4080,2001,owned,n/a,bank,direct_utility_meter,rtu_gas_heat,natural_gas,2001,R-22,led,1,False,0,False,n/a,0,50,1
MNB-02342,Petoskey Branch,Petoskey,Emmet County,MI,49770,45.3507,-84.91031,drive_thru_only,1330,2022,owned,n/a,bank,direct_utility_meter,rtu_gas_heat,natural_gas,2022,R-410A,led,2,False,0,False,n/a,0,51,1
MNB-02343,Fort Lauderdale Branch #4,Fort Lauderdale,Broward County,FL,33322,26.15413,-80.27254,full_service,3260,1971,leased,triple_net,bank,landlord_submeter,heat_pump,electricity,2001,R-22,mixed,4,True,1,False,n/a,0,44,1
MNB-02344,Minneapolis Branch,Minneapolis,Ottawa County,KS,67467,39.13651,-97.68084,in_store,450,1957,leased,full_gross,landlord,shared_unmetered,host_building_system,unknown,,unknown,fluorescent,1,False,0,False,n/a,0,74,3
MNB-02345,Toano Branch,Toano,James City County,VA,23168,37.37921,-76.84617,express,1730,1981,leased,triple_net,bank,direct_utility_meter,split_ac_gas_furnace,natural_gas,2013,R-410A,led,1,True,0,False,n/a,0,49,3
MNB-02346,Scottsboro Branch,Scottsboro,Jackson County,AL,35769,34.61844,-86.06667,full_service,3790,1968,leased,modified_gross,landlord,shared_unmetered,heat_pump,electricity,1999,R-22,led,4,False,3,False,n/a,0,47,3
MNB-02347,Port Angeles Branch,Port Angeles,Clallam County,WA,98363,48.03132,-123.91837,full_service,3510,2008,owned,n/a,bank,direct_utility_meter,rtu_gas_heat,natural_gas,2008,R-22,led,3,False,3,False,n/a,0,42,2
MNB-02348,Clayton Branch,Clayton,Lenawee County,MI,49235,41.86614,-84.23997,in_store,480,1950,leased,full_gross,landlord,landlord_submeter,host_building_system,unknown,,unknown,led,0,False,0,False,n/a,0,63,2
MNB-02349,Millersburg Branch,Millersburg,Holmes County,OH,44654,40.56585,-81.83893,full_service,4900,2024,leased,triple_net,bank,landlord_submeter,heat_pump,electricity,2024,R-410A,fluorescent,1,False,2,False,n/a,0,44,1
MNB-02350,Salisbury Branch #2,Salisbury,Rowan County,NC,28147,35.67834,-80.56447,full_service,5020,2017,leased,triple_net,bank,direct_utility_meter,rtu_gas_heat,natural_gas,2017,R-410A,led,2,False,2,False,n/a,0,49,1
MNB-02351,Spring Branch #3,Spring,Harris County,TX,77373,30.075,-95.37989,full_service,3050,1995,leased,modified_gross,bank,direct_utility_meter,split_ac_gas_furnace,propane,2013,R-410A,led,3,True,2,False,n/a,0,43,2
MNB-02352,Newark Branch,Newark,New Castle County,DE,19711,39.69053,-75.74544,drive_thru_only,790,2020,leased,modified_gross,landlord,shared_unmetered,rtu_gas_heat,natural_gas,2020,R-410A,fluorescent,4,True,2,False,n/a,0,49,3
MNB-02353,Beaumont Branch,Beaumont,Jefferson County,TX,77713,30.08761,-94.2648,drive_thru_only,1030,2004,owned,n/a,bank,direct_utility_meter,rtu_electric_heat,electricity,2020,R-410A,mixed,2,False,3,False,n/a,0,46,1
MNB-02354,Skokie Branch,Skokie,Cook County,IL,60077,42.03407,-87.73341,drive_thru_only,780,2024,owned,n/a,bank,direct_utility_meter,split_ac_gas_furnace,natural_gas,2024,R-410A,mixed,2,False,1,False,n/a,0,51,1
MNB-02355,Saulsbury Branch,Saulsbury,Hardeman County,TN,38067,35.0486,-89.06895,in_store,670,1979,leased,modified_gross,bank,direct_utility_meter,host_building_system,unknown,,unknown,mixed,0,False,0,False,n/a,0,70,1
MNB-02356,Mount Bethel Branch,Mount Bethel,Northampton County,PA,18343,40.89943,-75.11822,full_service,6520,2024,owned,n/a,bank,direct_utility_meter,rtu_gas_heat,natural_gas,2024,R-410A,led,3,False,1,False,n/a,19,47,1
MNB-02357,Franklinton Branch,Franklinton,Washington Parish,LA,70438,30.85899,-90.11632,drive_thru_only,980,1971,leased,triple_net,bank,landlord_submeter,split_ac_gas_furnace,natural_gas,2023,R-410A,led,3,False,1,False,n/a,0,47,1
MNB-02358,Cadiz Branch,Cadiz,Trigg County,KY,42211,36.81218,-87.82894,express,1320,1985,leased,triple_net,bank,landlord_submeter,rtu_gas_heat,natural_gas,2016,R-410A,mixed,1,False,0,False,n/a,0,43,1
MNB-02359,Denver Branch #4,Denver,Jefferson County,CO,80227,39.68323,-105.09462,full_service,4720,2021,owned,n/a,bank,direct_utility_meter,rtu_gas_heat,natural_gas,2021,R-410A,led,2,False,0,False,n/a,0,49,1
MNB-02360,Eatontown Branch,Eatontown,Monmouth County,NJ,07724,40.30277,-74.07903,flagship,13030,1987,owned,n/a,bank,direct_utility_meter,split_ac_gas_furnace,natural_gas,2015,R-410A,led,2,True,0,True,diesel,0,59,2
MNB-02361,Ray Branch,Ray,Macomb County,MI,48096,42.76378,-82.90417,express,1730,1974,owned,n/a,bank,direct_utility_meter,boiler_with_split_ac,natural_gas,2010,R-410A,fluorescent,4,False,0,False,n/a,0,43,2
MNB-02362,Atlanta Branch #5,Atlanta,DeKalb County,GA,30316,33.71328,-84.33894,full_service,4840,1958,leased,triple_net,bank,direct_utility_meter,rtu_gas_heat,natural_gas,2023,R-410A,led,3,False,3,False,n/a,0,45,2
MNB-02363,Dallas Branch,Dallas,Gaston County,NC,28034,35.34409,-81.19934,full_service,5160,1968,owned,n/a,bank,direct_utility_meter,heat_pump,electricity,2022,R-410A,led,3,True,0,False,n/a,0,43,1
MNB-02364,Washington Branch,Washington,Tazewell County,IL,61571,40.69426,-89.41992,full_service,4240,1986,leased,modified_gross,landlord,landlord_submeter,rtu_gas_heat,natural_gas,1999,R-22,fluorescent,2,False,3,True,diesel,0,44,3
MNB-02365,Marion Branch,Marion,Grant County,IN,46953,40.54899,-85.66018,in_store,640,1991,leased,full_gross,landlord,shared_unmetered,host_building_system,unknown,,unknown,led,0,False,0,False,n/a,0,62,2
MNB-02366,East Windsor Branch,East Windsor,Hartford County,CT,06088,41.93643,-72.62657,full_service,7800,1999,owned,n/a,bank,direct_utility_meter,rtu_gas_heat,natural_gas,2018,R-410A,led,3,False,0,False,n/a,0,47,1
MNB-02367,Cambria Heights Branch,Cambria Heights,Queens County,NY,11411,40.69323,-73.73789,full_service,6020,2015,leased,triple_net,bank,direct_utility_meter,split_ac_gas_furnace,natural_gas,2015,R-410A,led,3,False,3,False,n/a,0,51,3
MNB-02368,Verona Branch,Verona,Oneida County,NY,13478,43.12099,-75.56198,full_service,5390,1951,leased,triple_net,bank,landlord_submeter,heat_pump,electricity,2024,R-410A,mixed,3,False,3,False,n/a,41,54,1
MNB-02369,Lanagan Branch,Lanagan,McDonald County,MO,64847,36.59942,-94.44969,express,1860,2016,leased,triple_net,bank,direct_utility_meter,rtu_gas_heat,natural_gas,2016,R-410A,mixed,2,True,0,False,n/a,0,44,2
MNB-02370,Long Bottom Branch,Long Bottom,Meigs County,OH,45743,39.09498,-81.86194,drive_thru_only,770,2001,owned,n/a,bank,direct_utility_meter,rtu_gas_heat,natural_gas,2024,R-410A,led,4,False,0,False,n/a,0,47,1
MNB-02371,Mazomanie Branch,Mazomanie,Dane County,WI,53560,43.19134,-89.74859,in_store,860,2012,leased,full_gross,landlord,landlord_submeter,host_building_system,unknown,,unknown,led,0,False,0,False,n/a,0,68,3
MNB-02372,Union Branch,Union,Union County,NJ,07083,40.69819,-74.25031,full_service,4380,2012,leased,modified_gross,bank,direct_utility_meter,split_ac_gas_furnace,natural_gas,2012,R-410A,mixed,1,True,3,False,n/a,0,54,1
MNB-02373,Naples Branch #4,Naples,Collier County,FL,34113,26.0547,-81.6846,full_service,3530,2020,leased,triple_net,bank,direct_utility_meter,heat_pump,electricity,2020,R-410A,led,1,False,3,False,n/a,0,42,1
MNB-02374,Fresno Branch #6,Fresno,Fresno County,CA,93720,36.86371,-119.7564,in_store,610,1962,leased,full_gross,landlord,shared_unmetered,host_building_system,unknown,,unknown,fluorescent,1,False,0,False,n/a,0,65,3
MNB-02375,Henrico Branch #2,Henrico,Henrico County,VA,23228,37.47841,-77.39604,full_service,3140,2001,leased,full_gross,landlord,shared_unmetered,split_ac_gas_furnace,natural_gas,2022,R-410A,mixed,4,False,3,False,n/a,0,44,3
MNB-02376,La Palma Branch,La Palma,Orange County,CA,90623,33.86013,-118.02812,full_service,5760,2020,leased,triple_net,bank,direct_utility_meter,split_ac_gas_furnace,natural_gas,2020,R-410A,led,2,True,1,False,n/a,0,42,1
MNB-02377,Goleta Branch,Goleta,Santa Barbara County,CA,93117,34.44786,-119.86791,flagship,18390,2010,owned,n/a,bank,direct_utility_meter,rtu_gas_heat,natural_gas,2020,R-410A,led,3,False,0,True,diesel,0,50,1
MNB-02378,Oakland Branch #2,Oakland,Alameda County,CA,94621,37.76321,-122.18401,full_service,4430,1962,leased,triple_net,bank,direct_utility_meter,rtu_gas_heat,natural_gas,2016,R-410A,led,4,True,2,True,diesel,0,51,2
MNB-02379,Indian Valley Branch,Indian Valley,Floyd County,VA,24105,36.90986,-80.58347,in_store,640,2003,leased,full_gross,landlord,shared_unmetered,host_building_system,unknown,,unknown,mixed,0,False,0,False,n/a,0,69,3
MNB-02380,Elgin Branch,Elgin,Santa Cruz County,AZ,85611,31.65611,-110.52062,in_store,540,2014,leased,full_gross,landlord,shared_unmetered,host_building_system,unknown,,unknown,fluorescent,0,False,0,False,n/a,0,65,2
MNB-02381,Siloam Branch,Siloam,Surry County,NC,27047,36.29298,-80.58502,drive_thru_only,600,1979,owned,n/a,bank,direct_utility_meter,heat_pump,electricity,2008,R-22,led,3,False,3,False,n/a,0,52,2
MNB-02382,Brook Park Branch,Brook Park,Kanabec County,MN,55007,45.96788,-93.08184,full_service,2740,2004,leased,modified_gross,landlord,landlord_submeter,split_ac_gas_furnace,natural_gas,2010,R-410A,mixed,2,True,3,False,n/a,0,51,2
MNB-02383,Issaquah Branch,Issaquah,King County,WA,98027,47.49999,-122.00574,full_service,3360,2016,leased,triple_net,bank,direct_utility_meter,heat_pump,electricity,2016,R-410A,led,1,True,2,False,n/a,0,43,1
MNB-02384,Alpharetta Branch,Alpharetta,Fulton County,GA,30004,34.12206,-84.30365,full_service,3210,1998,leased,modified_gross,bank,direct_utility_meter,rtu_electric_heat,electricity,2007,R-22,mixed,4,True,0,False,n/a,0,43,1
MNB-02385,Steens Branch,Steens,Lowndes County,MS,39766,33.56858,-88.35093,full_service,4580,1972,owned,n/a,bank,direct_utility_meter,rtu_electric_heat,electricity,2015,R-410A,led,3,False,1,True,diesel,0,43,1
MNB-02386,Houston Branch #8,Houston,Harris County,TX,77077,29.74066,-95.62047,full_service,5350,1999,leased,triple_net,bank,direct_utility_meter,rtu_gas_heat,natural_gas,2004,R-22,led,3,False,2,False,n/a,0,42,2
MNB-02387,Brownsville Branch,Brownsville,Yuba County,CA,95919,39.45263,-121.27497,full_service,4040,2002,leased,full_gross,landlord,shared_unmetered,split_ac_gas_furnace,natural_gas,2019,R-410A,led,3,True,3,False,n/a,0,54,3
MNB-02388,Rochester Branch #3,Rochester,Monroe County,NY,14613,43.20033,-77.6499,in_store,920,1989,leased,full_gross,landlord,shared_unmetered,host_building_system,unknown,,unknown,led,1,False,0,False,n/a,0,64,1
MNB-02389,Bodega Branch,Bodega,Sonoma County,CA,94922,38.35806,-122.96913,full_service,3320,2007,leased,triple_net,bank,landlord_submeter,rtu_gas_heat,natural_gas,2022,R-410A,led,1,False,0,False,n/a,0,52,2
MNB-02390,Kersey Branch,Kersey,Elk County,PA,15846,41.33576,-78.59887,full_service,4030,1991,owned,n/a,bank,direct_utility_meter,rtu_gas_heat,natural_gas,2000,R-22,led,1,True,0,False,n/a,0,51,2
MNB-02391,Georgetown Branch,Georgetown,Essex County,MA,01833,42.72552,-70.96942,full_service,4130,2018,leased,modified_gross,bank,landlord_submeter,rtu_gas_heat,natural_gas,2018,R-410A,fluorescent,3,False,1,False,n/a,0,48,2
MNB-02392,Los Angeles Branch #10,Los Angeles,Los Angeles County,CA,90036,34.09129,-118.34017,full_service,5820,2014,leased,modified_gross,bank,direct_utility_meter,rtu_gas_heat,natural_gas,2014,R-410A,mixed,1,False,0,False,n/a,0,49,1
MNB-02393,Kerman Branch,Kerman,Fresno County,CA,93630,36.72803,-120.05954,full_service,4330,2014,owned,n/a,bank,direct_utility_meter,rtu_gas_heat,natural_gas,2014,R-410A,led,1,True,3,False,n/a,0,50,1
MNB-02394,High Bridge Branch,High Bridge,Ashland County,WI,54846,46.35799,-90.731,full_service,4370,1998,leased,triple_net,bank,direct_utility_meter,rtu_gas_heat,natural_gas,2011,R-410A,led,3,True,3,False,n/a,0,51,1
MNB-02395,Buena Park Branch,Buena Park,Orange County,CA,90620,33.86662,-118.00548,flagship,8000,1972,leased,triple_net,bank,landlord_submeter,rtu_gas_heat,natural_gas,1999,R-22,mixed,2,False,0,True,diesel,0,55,1
MNB-02396,Birchleaf Branch,Birchleaf,Dickenson County,VA,24220,37.14759,-82.23011,flagship,9760,2010,owned,n/a,bank,direct_utility_meter,rtu_gas_heat,natural_gas,2011,R-410A,led,2,False,0,True,diesel,0,50,1
MNB-02397,Capay Branch,Capay,Yolo County,CA,95607,38.72006,-122.08017,in_store,850,1959,leased,full_gross,landlord,landlord_submeter,host_building_system,unknown,,unknown,mixed,1,False,0,False,n/a,0,70,2
MNB-02398,Lake Park Branch,Lake Park,Becker County,MN,56554,46.81314,-96.06249,full_service,2250,1997,owned,n/a,bank,direct_utility_meter,split_ac_gas_furnace,natural_gas,2013,R-410A,led,1,True,2,False,n/a,0,49,1
MNB-02399,Waller Branch,Waller,Waller County,TX,77484,30.08399,-95.91005,in_store,900,1957,leased,full_gross,landlord,landlord_submeter,host_building_system,unknown,,unknown,mixed,0,False,0,False,n/a,0,60,3
MNB-02400,Halifax Branch,Halifax,Dauphin County,PA,17032,40.4695,-76.92215,express,2030,1998,leased,triple_net,bank,landlord_submeter,split_ac_gas_furnace,propane,2017,R-410A,led,4,False,0,False,n/a,0,54,2
MNB-02401,Salisbury Branch,Salisbury,Litchfield County,CT,06068,42.01528,-73.42499,full_service,3350,2008,owned,n/a,bank,direct_utility_meter,rtu_gas_heat,natural_gas,2017,R-410A,led,1,True,1,False,n/a,0,42,1
MNB-02402,Burton Branch #2,Burton,Genesee County,MI,48529,42.98091,-83.66657,full_service,3270,1990,leased,triple_net,bank,direct_utility_meter,boiler_with_split_ac,natural_gas,2001,R-22,fluorescent,3,False,2,False,n/a,53,43,2
MNB-02403,Houston Branch #9,Houston,Harris County,TX,77060,29.93644,-95.38427,in_store,1040,1990,leased,full_gross,landlord,shared_unmetered,host_building_system,unknown,,unknown,mixed,0,False,0,False,n/a,0,63,3
MNB-02404,Oshkosh Branch,Oshkosh,Winnebago County,WI,54904,44.03215,-88.58814,flagship,24620,1965,owned,n/a,bank,direct_utility_meter,rtu_gas_heat,natural_gas,2020,R-410A,fluorescent,4,True,0,True,diesel,0,52,3
MNB-02405,Northampton Branch,Northampton,Hampshire County,MA,01060,42.3202,-72.6487,full_service,4050,1981,leased,triple_net,bank,landlord_submeter,split_ac_gas_furnace,natural_gas,2010,R-410A,led,3,True,2,False,n/a,0,48,2
MNB-02406,Mount Gilead Branch,Mount Gilead,Morrow County,OH,43338,40.55095,-82.78927,full_service,4370,1992,leased,triple_net,bank,direct_utility_meter,rtu_gas_heat,natural_gas,2007,R-22,fluorescent,2,False,3,False,n/a,0,43,1
MNB-02407,San Anselmo Branch,San Anselmo,Marin County,CA,94960,37.97422,-122.58516,full_service,3450,2017,leased,triple_net,bank,landlord_submeter,rtu_gas_heat,natural_gas,2017,R-410A,mixed,1,True,0,True,diesel,0,50,1
MNB-02408,Lake Hughes Branch,Lake Hughes,Los Angeles County,CA,93532,34.66524,-118.55789,full_service,4370,2019,leased,full_gross,landlord,shared_unmetered,rtu_gas_heat,natural_gas,2019,R-410A,led,1,True,3,True,diesel,0,45,3
MNB-02409,Aurora Branch,Aurora,Arapahoe County,CO,80016,39.60957,-104.71671,in_store,540,2022,leased,full_gross,landlord,shared_unmetered,host_building_system,unknown,,unknown,mixed,1,False,0,False,n/a,0,65,2
MNB-02410,Gridley Branch,Gridley,Butte County,CA,95948,39.36077,-121.71752,full_service,4100,1962,leased,triple_net,bank,direct_utility_meter,rtu_gas_heat,natural_gas,2002,R-22,fluorescent,4,True,2,False,n/a,0,52,1
MNB-02411,Conyers Branch,Conyers,Rockdale County,GA,30012,33.72496,-84.0208,express,2800,1981,leased,triple_net,bank,direct_utility_meter,heat_pump,electricity,2007,R-22,mixed,3,False,0,False,n/a,0,47,1
MNB-02412,Greenwood Branch,Greenwood,Johnson County,IN,46142,39.62729,-86.1412,in_store,630,1993,leased,full_gross,landlord,shared_unmetered,host_building_system,unknown,,unknown,fluorescent,1,False,0,False,n/a,0,75,3
MNB-02413,Seattle Branch #4,Seattle,King County,WA,98125,47.71315,-122.29335,full_service,3060,2005,owned,n/a,bank,direct_utility_meter,rtu_gas_heat,natural_gas,2022,R-410A,mixed,1,True,0,False,n/a,0,47,1
MNB-02414,Odenville Branch,Odenville,St. Clair County,AL,35120,33.68505,-86.39635,drive_thru_only,710,2009,owned,n/a,bank,direct_utility_meter,rtu_gas_heat,natural_gas,2010,R-410A,mixed,1,False,0,False,n/a,0,45,1
MNB-02415,Waelder Branch,Waelder,Gonzales County,TX,78959,29.68625,-97.301,in_store,670,2013,leased,modified_gross,landlord,shared_unmetered,host_building_system,unknown,,unknown,fluorescent,1,False,0,False,n/a,0,63,3
MNB-02416,Georgetown Branch,Georgetown,Brown County,OH,45121,38.86585,-83.90967,full_service,3340,1996,owned,n/a,bank,direct_utility_meter,split_ac_gas_furnace,natural_gas,2004,R-22,led,2,True,0,False,n/a,0,44,1
MNB-02417,Islandton Branch,Islandton,Colleton County,SC,29929,32.94656,-80.89197,full_service,4520,2000,owned,n/a,bank,direct_utility_meter,heat_pump,electricity,2004,R-22,led,3,True,2,False,n/a,0,48,2
MNB-02418,Westlake Village Branch,Westlake Village,Ventura County,CA,91361,34.17145,-118.81804,drive_thru_only,660,2023,leased,triple_net,bank,direct_utility_meter,split_ac_gas_furnace,natural_gas,2023,R-410A,led,2,False,1,False,n/a,0,47,1
MNB-02419,Newport Branch,Newport,Jackson County,AR,72112,35.57798,-91.29111,full_service,5160,1976,leased,full_gross,landlord,landlord_submeter,heat_pump,electricity,2014,R-410A,fluorescent,1,False,1,False,n/a,0,45,3
MNB-02420,West Point Branch,West Point,Troup County,GA,31833,32.8397,-85.13118,full_service,3050,2014,owned,n/a,bank,direct_utility_meter,heat_pump,electricity,2014,R-410A,mixed,3,False,1,False,n/a,0,49,1
MNB-02421,East Concord Branch,East Concord,Erie County,NY,14055,42.52645,-78.61093,full_service,4250,2009,leased,full_gross,landlord,landlord_submeter,rtu_gas_heat,propane,2009,R-22,mixed,1,False,1,False,n/a,0,45,2
MNB-02422,Barnesville Branch,Barnesville,Lamar County,GA,30204,33.0444,-84.16453,full_service,3790,1967,leased,full_gross,landlord,landlord_submeter,rtu_electric_heat,electricity,2015,R-410A,mixed,1,True,0,False,n/a,0,43,2
MNB-02423,Ariel Branch,Ariel,Cowlitz County,WA,98603,45.99,-122.4708,in_store,990,2021,leased,full_gross,landlord,landlord_submeter,host_building_system,unknown,,unknown,led,1,False,0,False,n/a,0,72,3
MNB-02424,Winston Branch,Winston,Douglas County,GA,30187,33.63838,-84.86541,full_service,4420,2017,owned,n/a,bank,direct_utility_meter,rtu_gas_heat,natural_gas,2017,R-410A,led,1,True,2,False,n/a,0,42,1
MNB-02425,Salt Lake City Branch #3,Salt Lake City,Salt Lake County,UT,84129,40.65777,-111.97529,in_store,1050,2013,leased,modified_gross,bank,direct_utility_meter,host_building_system,unknown,,unknown,led,0,False,0,False,n/a,0,77,1
MNB-02426,Corona Branch,Corona,Riverside County,CA,92881,33.81954,-117.51903,full_service,4960,1965,leased,modified_gross,bank,direct_utility_meter,rtu_gas_heat,natural_gas,2008,R-22,fluorescent,4,False,0,False,n/a,0,44,2
MNB-02427,Bethlehem Branch,Bethlehem,Clark County,IN,47104,38.51471,-85.41426,drive_thru_only,1420,1967,leased,modified_gross,landlord,shared_unmetered,rtu_gas_heat,natural_gas,2007,R-22,led,1,False,1,False,n/a,0,48,3
MNB-02428,Gasquet Branch,Gasquet,Del Norte County,CA,95543,41.91127,-123.81834,full_service,3940,2007,leased,modified_gross,landlord,shared_unmetered,rtu_gas_heat,natural_gas,2007,R-22,led,1,False,2,False,n/a,0,52,3
MNB-02429,Jacksonville Branch #7,Jacksonville,Duval County,FL,32209,30.37562,-81.69744,express,1960,1963,leased,triple_net,bank,direct_utility_meter,rtu_gas_heat,natural_gas,2021,R-410A,mixed,4,False,0,False,n/a,0,52,1
MNB-02430,New Lisbon Branch,New Lisbon,Otsego County,NY,13415,42.60828,-75.19769,express,2440,1964,leased,modified_gross,bank,direct_utility_meter,boiler_with_split_ac,fuel_oil,2004,R-22,fluorescent,3,True,0,False,n/a,0,49,1
MNB-02431,Shawboro Branch,Shawboro,Currituck County,NC,27973,36.38221,-76.09459,full_service,5510,1989,leased,triple_net,bank,landlord_submeter,rtu_gas_heat,natural_gas,2009,R-22,fluorescent,4,False,2,False,n/a,0,52,1
MNB-02432,Wellington Branch,Wellington,Lorain County,OH,44090,41.17175,-82.24778,in_store,740,1950,leased,full_gross,landlord,shared_unmetered,host_building_system,unknown,,unknown,mixed,1,False,0,False,n/a,0,74,2
MNB-02433,Walden Branch,Walden,Jackson County,CO,80480,40.72594,-106.27116,full_service,3800,2010,leased,triple_net,bank,direct_utility_meter,rtu_gas_heat,natural_gas,2011,R-410A,mixed,4,True,0,False,n/a,0,52,1
MNB-02434,Dover Afb Branch,Dover AFB,Kent County,DE,19902,39.13709,-75.47421,drive_thru_only,960,1999,leased,triple_net,bank,direct_utility_meter,rtu_gas_heat,natural_gas,2001,R-22,fluorescent,2,False,1,False,n/a,0,46,1
MNB-02435,Sublette Branch,Sublette,Haskell County,KS,67877,37.5357,-100.80566,full_service,5900,1960,owned,n/a,bank,direct_utility_meter,split_ac_gas_furnace,natural_gas,2024,R-410A,fluorescent,3,False,3,False,n/a,0,45,3
MNB-02436,Tucson Branch #5,Tucson,Pima County,AZ,85719,32.2361,-110.94201,full_service,6280,1999,leased,modified_gross,bank,direct_utility_meter,split_ac_gas_furnace,natural_gas,2000,R-22,mixed,1,False,0,False,n/a,0,46,3
MNB-02437,Blocksburg Branch,Blocksburg,Humboldt County,CA,95514,40.30112,-123.64356,full_service,3510,1957,owned,n/a,bank,direct_utility_meter,rtu_gas_heat,natural_gas,2022,R-410A,mixed,1,False,2,False,n/a,0,50,1
MNB-02438,Valley Center Branch,Valley Center,San Diego County,CA,92082,33.25427,-117.02433,full_service,3360,1959,owned,n/a,bank,landlord_submeter,heat_pump,electricity,2008,R-22,fluorescent,1,False,3,False,n/a,0,45,1
MNB-02439,Ludlow Branch,Ludlow,San Bernardino County,CA,92338,34.69938,-116.16446,drive_thru_only,790,1995,leased,triple_net,bank,direct_utility_meter,rtu_gas_heat,natural_gas,2015,R-410A,led,3,True,2,False,n/a,0,54,1
MNB-02440,Nash Branch,Nash,Bowie County,TX,75569,33.44003,-94.13681,drive_thru_only,1230,1996,owned,n/a,bank,direct_utility_meter,rtu_gas_heat,natural_gas,2015,R-410A,led,3,False,0,False,n/a,0,48,3
MNB-02441,Rockport Branch,Rockport,Essex County,MA,01966,42.68528,-70.62786,full_service,3170,1984,leased,triple_net,bank,direct_utility_meter,rtu_gas_heat,natural_gas,2005,R-22,fluorescent,3,False,3,False,n/a,0,46,2
MNB-02442,Waco Branch #2,Waco,McLennan County,TX,76708,31.58418,-97.16357,full_service,5360,2004,leased,triple_net,bank,landlord_submeter,rtu_gas_heat,natural_gas,2006,R-22,mixed,2,True,0,False,n/a,0,43,1
MNB-02443,Westcliffe Branch,Westcliffe,Custer County,CO,81252,38.14068,-105.41535,full_service,4940,1988,owned,n/a,bank,direct_utility_meter,split_ac_gas_furnace,natural_gas,2001,R-22,mixed,2,False,3,False,n/a,0,53,1
MNB-02444,Port Saint Lucie Branch,Port Saint Lucie,St. Lucie County,FL,34984,27.26769,-80.35268,full_service,3560,2002,owned,n/a,bank,direct_utility_meter,heat_pump,electricity,2003,R-22,mixed,2,True,1,True,diesel,0,45,1
MNB-02445,Boston Branch,Boston,Erie County,NY,14025,42.63052,-78.7446,full_service,6710,1985,owned,n/a,bank,landlord_submeter,rtu_gas_heat,natural_gas,1999,R-22,mixed,2,False,3,False,n/a,0,50,2
MNB-02446,Houston Branch #10,Houston,Harris County,TX,77058,29.57618,-95.10071,full_service,2700,2009,leased,full_gross,landlord,landlord_submeter,heat_pump,electricity,2009,R-22,mixed,1,False,3,False,n/a,0,51,3
MNB-02447,Elkton Branch,Elkton,Todd County,KY,42220,36.89961,-87.16077,express,2720,2001,owned,n/a,bank,direct_utility_meter,split_ac_gas_furnace,natural_gas,2009,R-22,fluorescent,2,True,0,False,n/a,0,52,1
MNB-02448,Lindon Branch,Lindon,Utah County,UT,84042,40.32963,-111.73552,full_service,4620,1969,owned,n/a,bank,direct_utility_meter,rtu_gas_heat,natural_gas,2020,R-410A,led,4,False,2,False,n/a,0,50,2
MNB-02449,Rockwall Branch #2,Rockwall,Rockwall County,TX,75087,32.9644,-96.46104,in_store,380,2008,leased,full_gross,landlord,shared_unmetered,host_building_system,unknown,,unknown,led,0,False,0,False,n/a,0,67,3
MNB-02450,Arlington Branch,Arlington,Calhoun County,GA,39813,31.45847,-84.71822,full_service,6770,2013,owned,n/a,bank,direct_utility_meter,rtu_gas_heat,natural_gas,2017,R-410A,led,3,False,1,False,n/a,0,53,2
MNB-02451,Garden City Branch,Garden City,Ada County,ID,83714,43.71991,-116.30309,full_service,5620,1958,leased,triple_net,bank,direct_utility_meter,rtu_gas_heat,natural_gas,2006,R-22,led,2,True,3,False,n/a,0,42,2
MNB-02452,Stony Point Branch,Stony Point,Alexander County,NC,28678,35.87772,-81.06946,full_service,3690,2003,owned,n/a,bank,direct_utility_meter,heat_pump,electricity,2015,R-410A,mixed,2,False,1,False,n/a,0,53,1
MNB-02453,Bath Branch,Bath,Steuben County,NY,14810,42.35646,-77.30085,full_service,3140,2014,leased,triple_net,bank,landlord_submeter,rtu_gas_heat,natural_gas,2014,R-410A,fluorescent,3,True,1,False,n/a,0,53,1
MNB-02454,Jesup Branch,Jesup,Buchanan County,IA,50648,42.48638,-92.04061,full_service,2620,1964,leased,modified_gross,bank,direct_utility_meter,split_ac_gas_furnace,natural_gas,2017,R-410A,led,4,True,3,True,diesel,0,52,1
MNB-02455,Barton Branch,Barton,Allegany County,MD,21521,39.53862,-79.0298,flagship,30000,2019,owned,n/a,bank,direct_utility_meter,heat_pump,electricity,2019,R-410A,mixed,2,False,0,True,diesel,0,50,1
MNB-02456,Afton Branch,Afton,Dickens County,TX,79220,33.78373,-100.80649,drive_thru_only,790,1990,owned,n/a,bank,landlord_submeter,rtu_electric_heat,electricity,2020,R-410A,led,1,False,1,False,n/a,0,51,1
MNB-02457,Truckee Branch,Truckee,Nevada County,CA,96161,39.33949,-120.16277,in_store,470,2011,leased,modified_gross,bank,direct_utility_meter,host_building_system,unknown,,unknown,fluorescent,1,False,0,False,n/a,0,67,1
MNB-02458,Dyess Branch,Dyess,Mississippi County,AR,72330,35.61232,-90.21228,full_service,4550,2019,owned,n/a,bank,landlord_submeter,rtu_gas_heat,natural_gas,2019,R-410A,led,2,False,0,False,n/a,0,43,2
MNB-02459,Clare Branch,Clare,DeKalb County,IL,60111,42.01231,-88.83836,full_service,2560,2024,owned,n/a,bank,direct_utility_meter,rtu_gas_heat,natural_gas,2024,R-410A,led,4,False,1,False,n/a,40,50,2
MNB-02460,Houston Branch #11,Houston,Harris County,TX,77027,29.74709,-95.44555,full_service,3120,2001,leased,full_gross,landlord,landlord_submeter,rtu_gas_heat,natural_gas,2019,R-410A,led,3,False,0,True,diesel,0,49,3
MNB-02461,Poquoson Branch,Poquoson,Poquoson city,VA,23662,37.1213,-76.3761,express,2300,2009,owned,n/a,bank,direct_utility_meter,rtu_gas_heat,natural_gas,2009,R-22,led,1,True,0,False,n/a,0,51,1
MNB-02462,North Bangor Branch,North Bangor,Franklin County,NY,12966,44.8791,-74.39848,drive_thru_only,1120,1977,owned,n/a,bank,direct_utility_meter,split_ac_gas_furnace,propane,2000,R-22,mixed,2,True,3,False,n/a,0,54,1
MNB-02463,Abilene Branch,Abilene,Taylor County,TX,79601,32.47384,-99.70876,full_service,3740,1980,owned,n/a,bank,direct_utility_meter,heat_pump,electricity,2009,R-22,fluorescent,2,False,2,False,n/a,0,43,2
MNB-02464,Rutherfordton Branch,Rutherfordton,Rutherford County,NC,28139,35.37916,-81.96353,flagship,14100,2017,leased,triple_net,bank,direct_utility_meter,rtu_electric_heat,electricity,2023,R-410A,led,2,False,0,True,diesel,0,53,2
MNB-02465,Wayne Branch,Wayne,Passaic County,NJ,07470,40.9278,-74.25393,full_service,3670,1989,owned,n/a,bank,direct_utility_meter,rtu_gas_heat,natural_gas,2006,R-22,led,2,True,2,True,diesel,0,43,1
MNB-02466,Benson Branch,Benson,Cochise County,AZ,85602,31.97843,-110.30039,full_service,4120,2015,leased,modified_gross,landlord,landlord_submeter,heat_pump,electricity,2015,R-410A,led,1,True,2,True,diesel,0,52,3
MNB-02467,Haskins Branch,Haskins,Wood County,OH,43525,41.48155,-83.70832,full_service,3340,1957,leased,modified_gross,bank,direct_utility_meter,rtu_gas_heat,natural_gas,2010,R-410A,led,4,True,3,False,n/a,0,45,1
MNB-02468,Surprise Branch #2,Surprise,Maricopa County,AZ,85388,33.61684,-112.45292,full_service,3520,1974,owned,n/a,bank,direct_utility_meter,rtu_electric_heat,electricity,2018,R-410A,led,3,False,2,True,diesel,0,48,2
MNB-02469,Tumacacori Branch,Tumacacori,Santa Cruz County,AZ,85640,31.54663,-111.0655,express,1540,1970,leased,full_gross,landlord,landlord_submeter,split_ac_gas_furnace,natural_gas,2020,R-410A,led,2,True,0,False,n/a,0,42,2
MNB-02470,Salem Branch,Salem,Columbiana County,OH,44460,40.91246,-80.84671,drive_thru_only,830,1998,owned,n/a,bank,direct_utility_meter,rtu_gas_heat,natural_gas,2011,R-410A,mixed,3,True,0,False,n/a,0,48,1
MNB-02471,Hartland Branch,Hartland,Waukesha County,WI,53029,43.11067,-88.334,full_service,5740,1960,leased,modified_gross,bank,direct_utility_meter,rtu_gas_heat,natural_gas,2009,R-22,fluorescent,4,True,1,False,n/a,0,50,1
MNB-02472,Oaks Branch,Oaks,Delaware County,OK,74359,36.18314,-94.85837,full_service,5290,1985,owned,n/a,bank,direct_utility_meter,rtu_gas_heat,natural_gas,2008,R-22,led,2,False,0,True,diesel,0,54,1
MNB-02473,Raleigh Branch #2,Raleigh,Wake County,NC,27604,35.83235,-78.5722,full_service,3170,2024,owned,n/a,bank,direct_utility_meter,heat_pump,electricity,2024,R-410A,led,2,False,2,False,n/a,0,50,2
MNB-02474,Willseyville Branch,Willseyville,Tioga County,NY,13864,42.30536,-76.38703,full_service,2930,2014,leased,triple_net,bank,direct_utility_meter,rtu_gas_heat,natural_gas,2017,R-410A,led,1,True,3,False,n/a,0,46,1
MNB-02475,Morganton Branch,Morganton,Burke County,NC,28655,35.74875,-81.69556,full_service,4000,2012,leased,full_gross,landlord,landlord_submeter,rtu_electric_heat,electricity,2012,R-410A,led,3,False,2,False,n/a,0,49,3
MNB-02476,Mocksville Branch,Mocksville,Davie County,NC,27028,35.91123,-80.55313,full_service,8000,1966,owned,n/a,bank,direct_utility_meter,rtu_electric_heat,electricity,2006,R-22,mixed,1,False,3,False,n/a,0,44,1
MNB-02477,Lancaster Branch,Lancaster,Lancaster County,PA,17603,39.99719,-76.36885,full_service,3080,1986,leased,triple_net,bank,direct_utility_meter,rtu_gas_heat,natural_gas,2017,R-410A,led,1,False,0,False,n/a,0,48,1
MNB-02478,Laceyville Branch,Laceyville,Wyoming County,PA,18623,41.66384,-76.1433,full_service,4000,2007,owned,n/a,bank,direct_utility_meter,heat_pump,electricity,2014,R-410A,mixed,2,True,3,False,n/a,0,48,1
MNB-02479,Baird Branch,Baird,Callahan County,TX,79504,32.40153,-99.37022,full_service,4310,1953,owned,n/a,bank,direct_utility_meter,split_ac_gas_furnace,natural_gas,2017,R-410A,fluorescent,3,False,2,False,n/a,0,43,1
MNB-02480,Miami Branch #10,Miami,Miami-Dade County,FL,33186,25.65343,-80.41604,express,1750,1991,owned,n/a,bank,direct_utility_meter,heat_pump,electricity,1998,R-22,led,1,False,0,False,n/a,0,47,1
MNB-02481,Maple Valley Branch,Maple Valley,King County,WA,98038,47.36448,-122.0874,full_service,3660,2021,leased,triple_net,bank,direct_utility_meter,split_ac_gas_furnace,natural_gas,2021,R-410A,led,1,False,1,False,n/a,0,51,1
MNB-02482,Niangua Branch,Niangua,Webster County,MO,65713,37.40838,-92.78928,full_service,5930,1960,owned,n/a,bank,direct_utility_meter,rtu_gas_heat,natural_gas,2020,R-410A,led,3,False,0,False,n/a,0,46,1
MNB-02483,Niotaze Branch,Niotaze,Chautauqua County,KS,67355,37.02976,-96.01283,full_service,4810,2020,leased,triple_net,bank,landlord_submeter,rtu_gas_heat,natural_gas,2022,R-410A,mixed,1,True,3,False,n/a,0,43,2
MNB-02484,Tulia Branch,Tulia,Swisher County,TX,79088,34.55359,-101.80313,in_store,800,1972,leased,full_gross,landlord,shared_unmetered,host_building_system,unknown,,unknown,led,0,False,0,False,n/a,0,65,3
MNB-02485,Edison Branch,Edison,Middlesex County,NJ,08820,40.55572,-74.3387,full_service,5010,1972,leased,triple_net,bank,direct_utility_meter,split_ac_gas_furnace,natural_gas,2013,R-410A,led,1,True,3,False,n/a,0,51,1
MNB-02486,Richmond Branch,Richmond,Contra Costa County,CA,94804,37.91835,-122.32721,full_service,5490,1972,owned,n/a,bank,direct_utility_meter,rtu_gas_heat,natural_gas,2014,R-410A,fluorescent,2,True,3,False,n/a,0,54,1
MNB-02487,Utica Branch,Utica,Licking County,OH,43080,40.24401,-82.41252,in_store,960,2021,leased,full_gross,landlord,shared_unmetered,host_building_system,unknown,,unknown,led,0,False,0,False,n/a,0,60,3
MNB-02488,Elmwood Branch,Elmwood,Smith County,TN,38560,36.24666,-85.88119,in_store,900,2003,leased,full_gross,landlord,shared_unmetered,host_building_system,unknown,,unknown,fluorescent,0,False,0,False,n/a,0,77,3
MNB-02489,Dracut Branch,Dracut,Middlesex County,MA,01826,42.66715,-71.30535,full_service,8000,2011,owned,n/a,bank,direct_utility_meter,split_ac_gas_furnace,natural_gas,2011,R-410A,mixed,3,True,1,False,n/a,10,48,1
MNB-02490,Goodspring Branch,Goodspring,Giles County,TN,38460,35.13659,-87.13488,full_service,6050,1986,leased,full_gross,landlord,shared_unmetered,heat_pump,electricity,2016,R-410A,mixed,2,False,1,False,n/a,0,49,3
MNB-02491,Bayside Branch,Bayside,Refugio County,TX,78340,28.08859,-97.21228,express,1520,2018,owned,n/a,bank,direct_utility_meter,rtu_gas_heat,natural_gas,2018,R-410A,led,2,True,0,False,n/a,0,50,1
MNB-02492,Mosier Branch,Mosier,Wasco County,OR,97040,45.6426,-121.39207,full_service,5410,2001,leased,modified_gross,landlord,landlord_submeter,rtu_gas_heat,natural_gas,2010,R-410A,mixed,4,True,2,False,n/a,0,43,3
MNB-02493,Stanfield Branch,Stanfield,Umatilla County,OR,97875,45.80445,-119.19457,full_service,5190,2002,leased,full_gross,landlord,landlord_submeter,rtu_gas_heat,natural_gas,2018,R-410A,led,1,False,1,True,diesel,0,48,2
MNB-02494,Los Angeles Branch #11,Los Angeles,Los Angeles County,CA,90007,34.03194,-118.28239,full_service,7470,2011,leased,triple_net,bank,direct_utility_meter,rtu_gas_heat,natural_gas,2011,R-410A,led,2,False,0,False,n/a,0,48,1
MNB-02495,Colorado Springs Branch #4,Colorado Springs,El Paso County,CO,80951,38.88148,-104.66409,full_service,3140,2013,leased,triple_net,bank,direct_utility_meter,rtu_gas_heat,natural_gas,2013,R-410A,mixed,3,True,2,False,n/a,0,44,3
MNB-02496,Coram Branch,Coram,Suffolk County,NY,11727,40.88314,-73.00827,in_store,740,2007,leased,full_gross,landlord,shared_unmetered,host_building_system,unknown,,unknown,led,0,False,0,False,n/a,0,60,3
MNB-02497,Prescott Branch,Prescott,Yavapai County,AZ,86301,34.60794,-112.42038,in_store,540,1964,leased,full_gross,landlord,landlord_submeter,host_building_system,unknown,,unknown,fluorescent,1,False,0,False,n/a,0,63,2
MNB-02498,Rockport Branch,Rockport,Pike County,IL,62370,39.55039,-90.97521,full_service,4890,2018,owned,n/a,bank,direct_utility_meter,rtu_gas_heat,natural_gas,2018,R-410A,fluorescent,3,False,1,False,n/a,0,46,1
MNB-02499,Cameron Branch,Cameron,Calhoun County,SC,29030,33.5605,-80.71451,full_service,3930,1978,leased,modified_gross,bank,direct_utility_meter,heat_pump,electricity,1999,R-22,led,2,True,1,True,diesel,0,50,1
MNB-02500,Cisco Branch,Cisco,Grand County,UT,84515,38.96949,-109.32855,full_service,4840,2024,owned,n/a,bank,landlord_submeter,rtu_gas_heat,natural_gas,2024,R-410A,led,3,True,3,True,diesel,0,42,2
MNB-02501,Thrall Branch,Thrall,Williamson County,TX,76578,30.59308,-97.28523,in_store,450,1988,leased,full_gross,landlord,landlord_submeter,host_building_system,unknown,,unknown,fluorescent,0,False,0,False,n/a,0,70,3
MNB-02502,Gunnison Branch,Gunnison,Bolivar County,MS,38746,33.93207,-90.9362,full_service,5320,1965,owned,n/a,bank,direct_utility_meter,rtu_gas_heat,natural_gas,2023,R-410A,mixed,1,True,2,False,n/a,0,48,1
MNB-02503,Wauseon Branch,Wauseon,Fulton County,OH,43567,41.56613,-84.15915,full_service,4460,1983,owned,n/a,bank,direct_utility_meter,rtu_gas_heat,natural_gas,2012,R-410A,led,3,True,3,True,diesel,0,48,1
MNB-02504,Florence Branch,Florence,Pinal County,AZ,85132,32.99696,-111.37723,in_store,670,2001,leased,modified_gross,landlord,shared_unmetered,host_building_system,unknown,,unknown,mixed,0,False,0,False,n/a,0,76,3
MNB-02505,Guin Branch,Guin,Marion County,AL,35563,33.98128,-87.90147,full_service,7530,1988,leased,modified_gross,landlord,landlord_submeter,heat_pump,electricity,2016,R-410A,led,1,False,3,False,n/a,0,44,3
MNB-02506,Hallsboro Branch,Hallsboro,Columbus County,NC,28442,34.33259,-78.60647,full_service,3740,2016,owned,n/a,bank,direct_utility_meter,rtu_gas_heat,natural_gas,2022,R-410A,led,1,True,3,False,n/a,0,44,1
MNB-02507,Olmito Branch,Olmito,Cameron County,TX,78575,26.03135,-97.55346,full_service,4650,2007,owned,n/a,bank,direct_utility_meter,rtu_electric_heat,electricity,2024,R-410A,led,4,True,0,False,n/a,0,42,1
MNB-02508,Huntington Beach Branch #2,Huntington Beach,Orange County,CA,92646,33.66283,-117.96621,in_store,660,1974,leased,modified_gross,bank,direct_utility_meter,host_building_system,unknown,,unknown,mixed,1,False,0,False,n/a,0,74,1
MNB-02509,Godfrey Branch,Godfrey,Madison County,IL,62035,38.95397,-90.19702,full_service,4450,1999,leased,triple_net,bank,direct_utility_meter,rtu_gas_heat,natural_gas,2016,R-410A,led,4,True,2,False,n/a,0,52,2
MNB-02510,Vandalia Branch,Vandalia,Cass County,MI,49095,41.88848,-85.86708,in_store,1100,2013,leased,full_gross,landlord,shared_unmetered,host_building_system,unknown,,unknown,fluorescent,1,False,0,False,n/a,0,64,2
MNB-02511,Doss Branch,Doss,Gillespie County,TX,78618,30.46836,-99.16407,in_store,660,2019,leased,full_gross,landlord,shared_unmetered,host_building_system,unknown,,unknown,led,1,False,0,False,n/a,0,66,3
MNB-02512,Bienville Branch,Bienville,Bienville Parish,LA,71008,32.25125,-92.91129,full_service,3540,1989,leased,triple_net,bank,direct_utility_meter,heat_pump,electricity,2007,R-22,led,2,False,0,False,n/a,0,47,1
MNB-02513,Santa Monica Branch #2,Santa Monica,Los Angeles County,CA,90402,34.02327,-118.5098,full_service,7360,2021,leased,modified_gross,bank,direct_utility_meter,rtu_gas_heat,natural_gas,2024,R-410A,led,1,True,2,False,n/a,0,42,2
MNB-02514,Chesapeake City Branch,Chesapeake City,Cecil County,MD,21915,39.50182,-75.85313,drive_thru_only,920,1955,leased,triple_net,bank,landlord_submeter,rtu_gas_heat,natural_gas,2010,R-410A,fluorescent,2,True,1,False,n/a,0,50,1
MNB-02515,Long Beach Branch #4,Long Beach,Los Angeles County,CA,90804,33.80306,-118.14282,full_service,2590,2007,leased,triple_net,bank,direct_utility_meter,rtu_gas_heat,natural_gas,2007,R-22,led,4,True,0,False,n/a,0,45,1
MNB-02516,Aitkin Branch,Aitkin,Aitkin County,MN,56431,46.47802,-93.64516,express,1490,2013,leased,modified_gross,bank,direct_utility_meter,rtu_gas_heat,propane,2013,R-410A,fluorescent,2,True,0,False,n/a,0,53,1
MNB-02517,Warsaw Branch,Warsaw,Richmond County,VA,22572,37.98918,-76.77594,in_store,470,1991,leased,full_gross,landlord,landlord_submeter,host_building_system,unknown,,unknown,led,1,False,0,False,n/a,0,73,3
MNB-02518,Highlands Branch,Highlands,Monmouth County,NJ,07732,40.39754,-73.99035,full_service,2440,1951,owned,n/a,bank,direct_utility_meter,boiler_with_split_ac,natural_gas,1999,R-22,mixed,2,False,1,False,n/a,0,45,1
MNB-02519,Alhambra Branch #2,Alhambra,Los Angeles County,CA,91804,34.09879,-118.13859,drive_thru_only,910,2008,owned,n/a,bank,direct_utility_meter,rtu_gas_heat,natural_gas,2016,R-410A,fluorescent,3,True,1,False,n/a,0,50,1
MNB-02520,Flagstaff Branch,Flagstaff,Coconino County,AZ,86001,35.21461,-111.68193,full_service,4110,1985,leased,full_gross,landlord,shared_unmetered,rtu_electric_heat,electricity,1998,R-22,mixed,3,False,1,False,n/a,0,54,3
MNB-02521,Castle Rock Branch #2,Castle Rock,Douglas County,CO,80109,39.35161,-104.89157,full_service,5980,1968,leased,modified_gross,bank,direct_utility_meter,heat_pump,electricity,2016,R-410A,fluorescent,4,True,2,False,n/a,0,53,2
MNB-02522,Minster Branch,Minster,Auglaize County,OH,45865,40.36823,-84.37859,full_service,5070,1968,owned,n/a,bank,direct_utility_meter,rtu_gas_heat,natural_gas,2012,R-410A,led,2,True,1,False,n/a,0,51,1
MNB-02523,Lubbock Branch #5,Lubbock,Lubbock County,TX,79409,33.59334,-101.86524,full_service,5000,2012,owned,n/a,bank,direct_utility_meter,rtu_electric_heat,electricity,2016,R-410A,led,4,True,0,False,n/a,0,48,1
MNB-02524,Hobgood Branch,Hobgood,Halifax County,NC,27843,36.04948,-77.41923,in_store,510,1971,leased,full_gross,landlord,shared_unmetered,host_building_system,unknown,,unknown,mixed,1,False,0,False,n/a,0,70,3
MNB-02525,Noble Branch,Noble,Sabine Parish,LA,71462,31.69355,-93.71162,express,2240,1995,leased,modified_gross,landlord,shared_unmetered,rtu_gas_heat,natural_gas,2008,R-22,mixed,2,False,0,False,n/a,0,45,1
MNB-02526,Orange Cove Branch,Orange Cove,Fresno County,CA,93646,36.61847,-119.3039,full_service,6370,2023,leased,triple_net,bank,direct_utility_meter,rtu_gas_heat,natural_gas,2023,R-410A,led,1,False,0,False,n/a,0,51,1
MNB-02527,Holland Branch,Holland,Dubois County,IN,47541,38.24882,-87.04094,full_service,4720,2012,leased,triple_net,bank,direct_utility_meter,heat_pump,electricity,2014,R-410A,fluorescent,4,True,3,False,n/a,0,45,1
MNB-02528,Royal Oak Branch,Royal Oak,Talbot County,MD,21662,38.70259,-76.21229,in_store,720,1999,leased,modified_gross,bank,direct_utility_meter,host_building_system,unknown,,unknown,fluorescent,0,False,0,False,n/a,0,64,3
MNB-02529,Bison Branch,Bison,Garfield County,OK,73720,36.19404,-97.86764,in_store,470,1998,leased,full_gross,landlord,shared_unmetered,host_building_system,unknown,,unknown,fluorescent,0,False,0,False,n/a,0,66,3
MNB-02530,Reading Branch,Reading,Berks County,PA,19607,40.3049,-76.00933,full_service,5760,1969,owned,n/a,bank,direct_utility_meter,rtu_gas_heat,natural_gas,2018,R-410A,led,4,True,1,False,n/a,0,50,2
MNB-02531,Colona Branch,Colona,Henry County,IL,61241,41.4764,-90.2974,full_service,7160,1992,owned,n/a,bank,direct_utility_meter,rtu_gas_heat,natural_gas,2023,R-410A,led,2,False,1,False,n/a,0,46,3
MNB-02532,Louisiana Branch,Louisiana,Pike County,MO,63353,39.4252,-91.03707,in_store,700,1967,leased,full_gross,landlord,shared_unmetered,host_building_system,unknown,,unknown,mixed,1,False,0,False,n/a,0,64,2
MNB-02533,Sparks Branch #2,Sparks,Washoe County,NV,89441,39.65403,-119.72788,full_service,3510,1961,leased,full_gross,landlord,shared_unmetered,heat_pump,electricity,2022,R-410A,fluorescent,1,False,2,False,n/a,0,52,3
MNB-02534,Edmond Branch #2,Edmond,Oklahoma County,OK,73003,35.65765,-97.50087,full_service,4000,1963,owned,n/a,bank,direct_utility_meter,heat_pump,electricity,2019,R-410A,fluorescent,3,True,0,False,n/a,0,52,2
MNB-02535,Wausau Branch,Wausau,Marathon County,WI,54401,44.96033,-89.71523,full_service,3700,2003,leased,triple_net,bank,direct_utility_meter,rtu_gas_heat,propane,2020,R-410A,mixed,2,True,3,True,diesel,0,42,2
MNB-02536,Lutts Branch,Lutts,Wayne County,TN,38471,35.11523,-87.89548,full_service,3760,1972,leased,modified_gross,landlord,shared_unmetered,heat_pump,electricity,2003,R-22,led,3,False,2,False,n/a,0,53,2
MNB-02537,Stevinson Branch,Stevinson,Merced County,CA,95374,37.32351,-120.88142,full_service,5100,1968,owned,n/a,bank,direct_utility_meter,heat_pump,electricity,2019,R-410A,mixed,1,False,1,False,n/a,0,50,2
MNB-02538,Booneville Branch,Booneville,Prentiss County,MS,38829,34.66614,-88.53456,full_service,4560,2018,owned,n/a,bank,direct_utility_meter,rtu_gas_heat,natural_gas,2018,R-410A,fluorescent,3,True,1,True,diesel,0,42,1
MNB-02539,Thawville Branch,Thawville,Iroquois County,IL,60968,40.68376,-88.10125,in_store,830,1965,leased,full_gross,landlord,landlord_submeter,host_building_system,unknown,,unknown,fluorescent,1,False,0,False,n/a,0,74,3
MNB-02540,Houston Branch #12,Houston,Harris County,TX,77042,29.73253,-95.56983,flagship,16230,2009,owned,n/a,bank,direct_utility_meter,rtu_gas_heat,natural_gas,2009,R-22,led,1,False,0,True,diesel,0,58,2
MNB-02541,Brookfield Branch,Brookfield,Cook County,IL,60513,41.82999,-87.85127,full_service,3240,1990,leased,triple_net,bank,direct_utility_meter,rtu_gas_heat,natural_gas,2004,R-22,fluorescent,2,False,3,False,n/a,0,52,1
MNB-02542,Oakland Branch #3,Oakland,Alameda County,CA,94605,37.78133,-122.15712,full_service,3610,2001,leased,triple_net,bank,direct_utility_meter,rtu_gas_heat,natural_gas,2023,R-410A,fluorescent,2,False,0,False,n/a,0,48,1
MNB-02543,Old Station Branch,Old Station,Shasta County,CA,96071,40.62003,-121.4727,drive_thru_only,860,1953,leased,triple_net,bank,direct_utility_meter,rtu_gas_heat,natural_gas,2009,R-22,fluorescent,1,False,3,False,n/a,0,53,1
MNB-02544,Milliken Branch,Milliken,Weld County,CO,80543,40.33522,-104.87495,full_service,3970,1950,leased,triple_net,bank,landlord_submeter,heat_pump,electricity,2022,R-410A,mixed,4,True,0,False,n/a,0,54,1
MNB-02545,Gustine Branch,Gustine,Comanche County,TX,76455,31.84392,-98.37779,flagship,28700,2015,leased,full_gross,landlord,shared_unmetered,heat_pump,electricity,2015,R-410A,led,4,False,0,True,diesel,0,53,3
MNB-02546,Sainte Genevieve Branch,Sainte Genevieve,Ste. Genevieve County,MO,63670,37.86989,-90.18291,full_service,7550,1994,leased,triple_net,bank,direct_utility_meter,split_ac_gas_furnace,natural_gas,2006,R-22,mixed,4,True,0,False,n/a,0,48,1
MNB-02547,Los Angeles Branch #12,Los Angeles,Los Angeles County,CA,90077,34.12999,-118.45185,full_service,5390,1959,owned,n/a,bank,landlord_submeter,boiler_with_split_ac,natural_gas,2009,R-22,led,1,False,3,False,n/a,0,43,3
MNB-02548,Rock Falls Branch,Rock Falls,Whiteside County,IL,61071,41.7726,-89.69727,full_service,4350,1985,owned,n/a,bank,landlord_submeter,heat_pump,electricity,2002,R-22,mixed,4,True,0,False,n/a,0,46,2
MNB-02549,Berwick Branch,Berwick,Warren County,IL,61417,40.75862,-90.49932,full_service,2790,1996,owned,n/a,bank,direct_utility_meter,rtu_gas_heat,natural_gas,2009,R-22,led,3,False,2,False,n/a,0,42,1
MNB-02550,Yulan Branch,Yulan,Sullivan County,NY,12792,41.52805,-74.91163,in_store,680,1966,leased,full_gross,landlord,shared_unmetered,host_building_system,unknown,,unknown,mixed,1,False,0,False,n/a,0,72,3
MNB-02551,Lake Jackson Branch,Lake Jackson,Brazoria County,TX,77566,29.05409,-95.43314,full_service,3310,1999,leased,triple_net,bank,direct_utility_meter,heat_pump,electricity,2001,R-22,mixed,4,False,0,False,n/a,0,53,1
MNB-02552,Scottsburg Branch,Scottsburg,Halifax County,VA,24589,36.78354,-78.80482,drive_thru_only,1500,1998,owned,n/a,bank,direct_utility_meter,rtu_gas_heat,natural_gas,2002,R-22,led,1,False,1,False,n/a,0,49,1
MNB-02553,Lake Alfred Branch,Lake Alfred,Polk County,FL,33850,28.10145,-81.74371,in_store,430,2003,leased,full_gross,landlord,shared_unmetered,host_building_system,unknown,,unknown,led,0,False,0,False,n/a,0,70,3
MNB-02554,Dallas Branch #6,Dallas,Dallas County,TX,75215,32.74992,-96.76709,drive_thru_only,1100,2015,owned,n/a,bank,direct_utility_meter,heat_pump,electricity,2015,R-410A,led,4,False,2,False,n/a,0,53,2
MNB-02555,Mt Zion Branch,Mt Zion,Macon County,IL,62549,39.75517,-88.86482,express,1440,1990,leased,triple_net,bank,direct_utility_meter,split_ac_gas_furnace,natural_gas,2008,R-22,led,2,False,0,False,n/a,0,46,1
MNB-02556,Mount Carmel Branch,Mount Carmel,McCormick County,SC,29840,34.00819,-82.55306,full_service,4180,2019,owned,n/a,bank,direct_utility_meter,rtu_gas_heat,natural_gas,2019,R-410A,led,3,False,1,False,n/a,0,54,1
MNB-02557,Lakewood Branch #2,Lakewood,Pierce County,WA,98439,47.10762,-122.50047,full_service,5120,1994,owned,n/a,bank,landlord_submeter,rtu_gas_heat,natural_gas,2023,R-410A,led,3,True,0,False,n/a,0,42,2
MNB-02558,Riverside Branch,Riverside,Burlington County,NJ,08075,40.02642,-74.96274,drive_thru_only,1290,1993,leased,modified_gross,bank,direct_utility_meter,rtu_gas_heat,natural_gas,2002,R-22,fluorescent,1,True,3,False,n/a,0,54,2
MNB-02559,Greenville Branch #2,Greenville,Greenville County,SC,29605,34.81554,-82.37528,full_service,4120,2006,owned,n/a,bank,direct_utility_meter,rtu_gas_heat,natural_gas,2015,R-410A,led,1,True,3,False,n/a,0,42,1
MNB-02560,Alexandria Branch,Alexandria,DeKalb County,TN,37012,36.04818,-86.01535,full_service,5270,2003,leased,full_gross,landlord,shared_unmetered,rtu_electric_heat,electricity,2008,R-22,led,1,True,3,False,n/a,0,49,2
MNB-02561,North Smithfield Branch,North Smithfield,Providence County,RI,02896,41.95705,-71.55378,full_service,3440,1951,leased,triple_net,bank,direct_utility_meter,split_ac_gas_furnace,natural_gas,1999,R-22,led,4,False,0,False,n/a,0,50,2
MNB-02562,Hayward Branch,Hayward,Alameda County,CA,94545,37.62082,-122.09183,full_service,4520,2024,owned,n/a,bank,direct_utility_meter,split_ac_gas_furnace,natural_gas,2024,R-410A,led,3,True,0,False,n/a,0,49,2
MNB-02563,Boerne Branch,Boerne,Kendall County,TX,78006,29.89234,-98.70048,express,2310,2022,leased,triple_net,bank,direct_utility_meter,heat_pump,electricity,2022,R-410A,led,2,True,0,False,n/a,0,45,1
MNB-02564,Manzanola Branch,Manzanola,Otero County,CO,81058,38.10651,-103.86912,full_service,4640,1980,owned,n/a,bank,direct_utility_meter,boiler_with_split_ac,natural_gas,2001,R-22,led,3,True,3,False,n/a,0,51,2
MNB-02565,Grand Rapids Branch,Grand Rapids,Kent County,MI,49505,43.02879,-85.63688,in_store,560,2000,leased,full_gross,landlord,landlord_submeter,host_building_system,unknown,,unknown,mixed,1,False,0,False,n/a,0,73,3
MNB-02566,Locust Branch,Locust,Stanly County,NC,28097,35.28185,-80.43415,flagship,12520,2012,leased,triple_net,bank,direct_utility_meter,heat_pump,electricity,2012,R-410A,fluorescent,2,True,0,True,diesel,0,56,1
MNB-02567,San Jose Branch #4,San Jose,Santa Clara County,CA,95123,37.25174,-121.83407,full_service,5690,2020,leased,triple_net,bank,direct_utility_meter,split_ac_gas_furnace,natural_gas,2020,R-410A,led,3,False,2,False,n/a,0,47,1
MNB-02568,Coolidge Branch,Coolidge,Pinal County,AZ,85128,32.95915,-111.53999,in_store,490,2002,leased,full_gross,landlord,shared_unmetered,host_building_system,unknown,,unknown,led,1,False,0,False,n/a,0,66,3
MNB-02569,East Galesburg Branch,East Galesburg,Knox County,IL,61430,40.94492,-90.3148,full_service,3160,1952,leased,modified_gross,landlord,shared_unmetered,rtu_gas_heat,natural_gas,2002,R-22,led,4,False,3,False,n/a,0,47,3
MNB-02570,Gruetli Laager Branch,Gruetli Laager,Grundy County,TN,37339,35.36196,-85.6066,full_service,5030,2007,leased,modified_gross,bank,direct_utility_meter,rtu_gas_heat,natural_gas,2007,R-22,fluorescent,1,True,3,False,n/a,0,46,1
MNB-02571,Oxford Branch,Oxford,Sumter County,FL,34484,28.91619,-82.07062,full_service,3680,1962,owned,n/a,bank,direct_utility_meter,rtu_gas_heat,natural_gas,2003,R-22,mixed,2,False,1,False,n/a,0,50,1
MNB-02572,Hooper Branch,Hooper,Weber County,UT,84315,41.15346,-112.11558,full_service,2710,2007,owned,n/a,bank,direct_utility_meter,rtu_gas_heat,natural_gas,2007,R-22,mixed,1,False,1,False,n/a,0,51,1
MNB-02573,Ogden Branch,Ogden,Weber County,UT,84401,41.23152,-111.978,full_service,6290,2002,leased,triple_net,bank,direct_utility_meter,rtu_gas_heat,natural_gas,2005,R-22,led,4,True,3,False,n/a,0,53,1
MNB-02574,Kremmling Branch,Kremmling,Grand County,CO,80459,40.07743,-106.37611,full_service,3010,2005,leased,modified_gross,bank,direct_utility_meter,split_ac_gas_furnace,natural_gas,2019,R-410A,led,2,False,1,True,diesel,0,52,1
MNB-02575,La Mesa Branch #2,La Mesa,San Diego County,CA,91942,32.78603,-117.0311,full_service,3950,1972,owned,n/a,bank,direct_utility_meter,rtu_gas_heat,natural_gas,2001,R-22,fluorescent,3,False,3,True,diesel,0,48,3
MNB-02576,Benoit Branch,Benoit,Bolivar County,MS,38725,33.64269,-91.03381,full_service,3480,1996,leased,triple_net,bank,direct_utility_meter,heat_pump,electricity,2024,R-410A,led,2,False,3,True,diesel,0,50,1
MNB-02577,Forest Lake Branch,Forest Lake,Washington County,MN,55025,45.2733,-92.98078,in_store,600,2004,leased,modified_gross,bank,direct_utility_meter,host_building_system,unknown,,unknown,led,0,False,0,False,n/a,0,76,2
MNB-02578,Sanderson Branch,Sanderson,Baker County,FL,32087,30.21786,-82.27702,full_service,3220,1981,leased,modified_gross,landlord,shared_unmetered,rtu_electric_heat,electricity,2003,R-22,mixed,2,True,3,False,n/a,0,51,2
MNB-02579,Magnolia Branch,Magnolia,Kent County,DE,19962,39.07713,-75.49868,drive_thru_only,1190,1971,leased,full_gross,landlord,shared_unmetered,heat_pump,electricity,2002,R-22,led,1,True,2,False,n/a,0,51,3
MNB-02580,Homosassa Branch,Homosassa,Citrus County,FL,34446,28.74944,-82.4959,express,1850,1975,leased,modified_gross,landlord,shared_unmetered,rtu_gas_heat,natural_gas,2002,R-22,led,3,False,0,False,n/a,0,42,3
MNB-02581,West Burlington Branch,West Burlington,Otsego County,NY,13482,42.70369,-75.17061,in_store,830,2017,leased,full_gross,landlord,landlord_submeter,host_building_system,unknown,,unknown,led,0,False,0,False,n/a,0,66,3
MNB-02582,Tonopah Branch,Tonopah,Maricopa County,AZ,85354,33.43128,-112.95766,full_service,3490,1994,leased,full_gross,landlord,shared_unmetered,rtu_gas_heat,natural_gas,2002,R-22,mixed,1,True,0,False,n/a,0,54,3
MNB-02583,Prescott Valley Branch,Prescott Valley,Yavapai County,AZ,86314,34.601,-112.32419,in_store,1100,2006,leased,full_gross,landlord,shared_unmetered,host_building_system,unknown,,unknown,mixed,1,False,0,False,n/a,0,69,3
MNB-02584,Mcpherson Branch,Mcpherson,McPherson County,KS,67460,38.36262,-97.67958,in_store,400,1997,leased,full_gross,landlord,shared_unmetered,host_building_system,unknown,,unknown,fluorescent,0,False,0,False,n/a,0,61,3
MNB-02585,Independence Branch,Independence,Inyo County,CA,93526,36.8379,-118.2167,express,1210,2016,leased,full_gross,landlord,landlord_submeter,rtu_gas_heat,natural_gas,2016,R-410A,fluorescent,1,True,0,False,n/a,0,42,2
MNB-02586,Bombay Branch,Bombay,Franklin County,NY,12914,44.94871,-74.60846,flagship,28220,1997,owned,n/a,bank,direct_utility_meter,rtu_gas_heat,natural_gas,2020,R-410A,led,3,False,0,True,diesel,0,56,1
MNB-02587,Quincy Branch #2,Quincy,Adams County,IL,62301,39.93208,-91.38155,full_service,4840,1962,owned,n/a,bank,direct_utility_meter,rtu_gas_heat,natural_gas,2019,R-410A,fluorescent,1,True,0,True,diesel,0,51,1
MNB-02588,Fitzgerald Branch,Fitzgerald,Ben Hill County,GA,31750,31.72674,-83.2465,full_service,4650,1972,leased,triple_net,bank,direct_utility_meter,rtu_gas_heat,natural_gas,2011,R-410A,fluorescent,4,True,3,False,n/a,0,45,2
MNB-02589,Quicksburg Branch,Quicksburg,Shenandoah County,VA,22847,38.73257,-78.74424,drive_thru_only,1110,1951,leased,triple_net,bank,landlord_submeter,rtu_gas_heat,natural_gas,2005,R-22,led,1,True,3,False,n/a,0,54,1
MNB-02590,Yates City Branch,Yates City,Knox County,IL,61572,40.77477,-90.02706,full_service,4980,2016,owned,n/a,bank,landlord_submeter,rtu_gas_heat,natural_gas,2016,R-410A,led,4,True,1,False,n/a,0,45,2
MNB-02591,Geyserville Branch,Geyserville,Sonoma County,CA,95441,38.71941,-122.86521,full_service,4590,2006,leased,modified_gross,bank,direct_utility_meter,rtu_gas_heat,natural_gas,2006,R-22,led,4,False,0,False,n/a,0,51,2
MNB-02592,Three Rivers Branch,Three Rivers,Hampden County,MA,01080,42.19738,-72.34894,in_store,510,2012,leased,full_gross,landlord,shared_unmetered,host_building_system,unknown,,unknown,mixed,1,False,0,False,n/a,0,65,2
MNB-02593,Greenwood Lake Branch,Greenwood Lake,Orange County,NY,10925,41.18928,-74.31032,in_store,790,2009,leased,full_gross,landlord,shared_unmetered,host_building_system,unknown,,unknown,mixed,1,False,0,False,n/a,0,62,3
MNB-02594,San Antonio Branch #7,San Antonio,Bexar County,TX,78239,29.52036,-98.37946,full_service,5120,2015,owned,n/a,bank,direct_utility_meter,heat_pump,electricity,2015,R-410A,led,4,False,2,True,diesel,0,42,3
MNB-02595,Holyoke Branch,Holyoke,Carlton County,MN,55749,46.45938,-92.36948,full_service,6440,2024,leased,triple_net,bank,landlord_submeter,split_ac_gas_furnace,natural_gas,2024,R-410A,led,3,False,3,True,diesel,0,44,1
MNB-02596,Redford Branch,Redford,Wayne County,MI,48239,42.37115,-83.31671,full_service,7130,2006,owned,n/a,bank,direct_utility_meter,rtu_gas_heat,natural_gas,2006,R-22,mixed,1,False,1,False,n/a,0,54,1
MNB-02597,San Jose Branch #5,San Jose,Santa Clara County,CA,95135,37.28654,-121.74288,full_service,4630,1977,leased,modified_gross,bank,direct_utility_meter,rtu_gas_heat,natural_gas,2014,R-410A,fluorescent,3,False,0,False,n/a,0,43,1
MNB-02598,Washington Branch #6,Washington,District of Columbia,DC,20006,38.89437,-77.04726,express,1320,1963,leased,triple_net,bank,direct_utility_meter,rtu_gas_heat,natural_gas,2015,R-410A,fluorescent,3,False,0,False,n/a,0,47,3
MNB-02599,Kula Branch,Kula,Maui County,HI,96790,20.6908,-156.39502,express,2800,2002,owned,n/a,bank,direct_utility_meter,split_ac_gas_furnace,natural_gas,2015,R-410A,led,1,False,0,False,n/a,0,45,2
MNB-02600,Hop Bottom Branch,Hop Bottom,Susquehanna County,PA,18824,41.67803,-75.81042,full_service,3090,2012,owned,n/a,bank,direct_utility_meter,split_ac_gas_furnace,natural_gas,2015,R-410A,mixed,4,True,2,False,n/a,0,43,1
MNB-02601,Dobson Branch,Dobson,Surry County,NC,27017,36.35576,-80.69908,full_service,4640,2000,owned,n/a,bank,direct_utility_meter,rtu_electric_heat,electricity,2010,R-410A,led,2,True,0,False,n/a,0,45,2
MNB-02602,Tarkio Branch,Tarkio,Atchison County,MO,64491,40.42618,-95.37981,in_store,600,1982,leased,full_gross,landlord,landlord_submeter,host_building_system,unknown,,unknown,led,0,False,0,False,n/a,0,69,3
MNB-02603,Fremont Branch,Fremont,Rockingham County,NH,03044,43.00473,-71.12577,in_store,580,2010,leased,modified_gross,landlord,shared_unmetered,host_building_system,unknown,,unknown,led,1,False,0,False,n/a,0,69,3
MNB-02604,Parsons Branch,Parsons,Tucker County,WV,26287,39.09045,-79.69514,full_service,5280,1992,leased,triple_net,bank,direct_utility_meter,rtu_gas_heat,natural_gas,2003,R-22,led,4,False,3,False,n/a,0,49,1
MNB-02605,Ida Grove Branch,Ida Grove,Ida County,IA,51445,42.33969,-95.45735,full_service,4510,1980,leased,modified_gross,bank,direct_utility_meter,split_ac_gas_furnace,natural_gas,2003,R-22,mixed,4,True,0,False,n/a,0,47,1
MNB-02606,Austin Branch,Austin,Delta County,CO,81410,38.79267,-107.96569,full_service,4890,2016,leased,triple_net,bank,direct_utility_meter,rtu_gas_heat,propane,2020,R-410A,led,1,True,1,False,n/a,0,51,3
MNB-02607,Clinton Branch,Clinton,Middlesex County,CT,06413,41.27987,-72.50658,in_store,530,2001,leased,modified_gross,bank,direct_utility_meter,host_building_system,unknown,,unknown,fluorescent,1,False,0,False,n/a,0,61,1
MNB-02608,Birmingham Branch #3,Birmingham,Jefferson County,AL,35216,33.41598,-86.7746,full_service,3980,1980,owned,n/a,bank,direct_utility_meter,rtu_electric_heat,electricity,2012,R-410A,mixed,2,False,0,False,n/a,0,48,1
MNB-02609,Flint Branch,Flint,Genesee County,MI,48502,43.0446,-83.70193,full_service,3330,1984,leased,full_gross,landlord,landlord_submeter,rtu_gas_heat,natural_gas,2007,R-22,led,1,True,0,False,n/a,0,47,3
MNB-02610,Bacliff Branch,Bacliff,Galveston County,TX,77518,29.5222,-95.00135,express,1710,2001,leased,triple_net,bank,direct_utility_meter,heat_pump,electricity,2002,R-22,led,1,False,0,False,n/a,0,50,2
MNB-02611,Riverside Branch,Riverside,Malheur County,OR,97917,43.49966,-118.11502,in_store,630,1991,leased,modified_gross,bank,direct_utility_meter,host_building_system,unknown,,unknown,led,0,False,0,False,n/a,0,68,1
MNB-02612,West Friendship Branch,West Friendship,Howard County,MD,21794,39.30117,-76.94832,express,2800,1969,leased,modified_gross,bank,direct_utility_meter,boiler_with_split_ac,natural_gas,2015,R-410A,mixed,1,False,0,False,n/a,0,44,2
MNB-02613,Long Pine Branch,Long Pine,Brown County,NE,69217,42.52642,-99.71004,full_service,3880,2003,leased,triple_net,bank,direct_utility_meter,split_ac_gas_furnace,natural_gas,2011,R-410A,led,4,False,1,False,n/a,0,46,1
MNB-02614,Center Cross Branch,Center Cross,Essex County,VA,22437,37.77158,-76.73704,full_service,2210,2008,leased,full_gross,landlord,landlord_submeter,rtu_gas_heat,natural_gas,2020,R-410A,fluorescent,3,True,1,False,n/a,0,53,3
MNB-02615,Stuart Branch,Stuart,Martin County,FL,34994,27.20903,-80.2475,express,2550,1950,leased,triple_net,bank,direct_utility_meter,heat_pump,electricity,2007,R-22,fluorescent,2,True,0,False,n/a,0,49,1
MNB-02616,Hamburg Branch,Hamburg,Berks County,PA,19526,40.56272,-75.98344,express,2010,1998,leased,triple_net,bank,direct_utility_meter,split_ac_gas_furnace,natural_gas,2006,R-22,led,4,False,0,False,n/a,0,53,1
MNB-02617,Bartlett Branch,Bartlett,Williamson County,TX,76511,30.81165,-97.42998,flagship,13280,2001,owned,n/a,bank,direct_utility_meter,rtu_electric_heat,electricity,2001,R-22,led,2,False,0,True,diesel,0,58,2
MNB-02618,Martinsville Branch,Martinsville,Morgan County,IN,46151,39.47196,-86.45887,drive_thru_only,890,1984,owned,n/a,bank,direct_utility_meter,split_ac_gas_furnace,natural_gas,2018,R-410A,led,4,True,0,False,n/a,0,47,2
MNB-02619,Denver Branch #5,Denver,Denver County,CO,80216,39.7815,-104.96709,full_service,3160,1984,owned,n/a,bank,direct_utility_meter,split_ac_gas_furnace,natural_gas,2024,R-410A,fluorescent,2,False,3,False,n/a,47,51,1
MNB-02620,Wolfforth Branch,Wolfforth,Lubbock County,TX,79382,33.5149,-102.01353,full_service,7510,1983,leased,modified_gross,bank,direct_utility_meter,rtu_electric_heat,electricity,2020,R-410A,fluorescent,3,True,3,True,diesel,0,46,1
MNB-02621,La Jolla Branch,La Jolla,San Diego County,CA,92037,32.8502,-117.24375,full_service,4260,1992,owned,n/a,bank,direct_utility_meter,rtu_gas_heat,natural_gas,1998,R-22,led,3,False,0,False,n/a,0,47,2
MNB-02622,Devils Tower Branch,Devils Tower,Crook County,WY,82714,44.52008,-104.68843,express,1160,2015,leased,modified_gross,bank,direct_utility_meter,split_ac_gas_furnace,natural_gas,2015,R-410A,led,4,False,0,False,n/a,34,52,1
MNB-02623,Sierra City Branch,Sierra City,Sierra County,CA,96125,39.57417,-120.63648,full_service,4630,1994,leased,triple_net,bank,direct_utility_meter,rtu_gas_heat,natural_gas,2023,R-410A,led,4,True,0,False,n/a,0,44,1
MNB-02624,Somerdale Branch,Somerdale,Camden County,NJ,08083,39.84137,-75.0237,in_store,870,2024,leased,modified_gross,landlord,shared_unmetered,host_building_system,unknown,,unknown,mixed,0,False,0,False,n/a,0,70,3
MNB-02625,Saint Louis Branch #2,Saint Louis,St. Louis County,MO,63140,38.75005,-90.32717,express,1870,1987,owned,n/a,bank,direct_utility_meter,split_ac_gas_furnace,natural_gas,2003,R-22,mixed,1,True,0,False,n/a,0,45,1
MNB-02626,Woodrow Branch,Woodrow,Washington County,CO,80757,39.79063,-103.56933,flagship,9760,2008,owned,n/a,bank,direct_utility_meter,rtu_gas_heat,natural_gas,2008,R-22,led,1,True,0,True,diesel,0,53,3
MNB-02627,Melbourne Branch #2,Melbourne,Brevard County,FL,32940,28.21377,-80.69045,express,1400,1999,leased,modified_gross,landlord,landlord_submeter,heat_pump,electricity,2012,R-410A,fluorescent,1,False,0,False,n/a,0,53,3
MNB-02628,Jim Thorpe Branch,Jim Thorpe,Carbon County,PA,18229,40.87398,-75.75421,full_service,3180,2012,owned,n/a,bank,direct_utility_meter,heat_pump,electricity,2012,R-410A,led,3,False,2,True,diesel,0,42,1
MNB-02629,Cream Ridge Branch,Cream Ridge,Monmouth County,NJ,08514,40.1489,-74.44418,full_service,6620,2019,owned,n/a,bank,direct_utility_meter,split_ac_gas_furnace,natural_gas,2019,R-410A,led,4,False,3,False,n/a,0,52,1
MNB-02630,Canal Point Branch,Canal Point,Palm Beach County,FL,33438,26.86966,-80.61514,flagship,13600,1997,owned,n/a,bank,direct_utility_meter,rtu_gas_heat,natural_gas,2018,R-410A,mixed,1,False,0,True,diesel,0,59,2
MNB-02631,Virginia Beach Branch,Virginia Beach,Virginia Beach city,VA,23457,36.61407,-76.01429,full_service,2530,1996,leased,triple_net,bank,direct_utility_meter,rtu_gas_heat,natural_gas,2018,R-410A,led,3,False,1,False,n/a,0,46,1
MNB-02632,Troy Branch,Troy,Montgomery County,NC,27371,35.3583,-79.91395,full_service,4710,2022,leased,full_gross,landlord,landlord_submeter,rtu_gas_heat,natural_gas,2022,R-410A,led,2,False,2,False,n/a,0,44,3
MNB-02633,San Francisco Branch #7,San Francisco,San Francisco County,CA,94129,37.7941,-122.4686,flagship,14810,2021,owned,n/a,bank,direct_utility_meter,split_ac_gas_furnace,natural_gas,2021,R-410A,led,4,True,0,True,diesel,0,56,1
MNB-02634,High Point Branch,High Point,Guilford County,NC,27262,35.98407,-79.99411,in_store,580,2024,leased,full_gross,landlord,landlord_submeter,host_building_system,unknown,,unknown,led,1,False,0,False,n/a,0,72,2
MNB-02635,Prospect Heights Branch,Prospect Heights,Cook County,IL,60070,42.0993,-87.94375,full_service,3090,1968,owned,n/a,bank,direct_utility_meter,rtu_gas_heat,natural_gas,2018,R-410A,led,3,True,2,False,n/a,0,43,3
MNB-02636,Bethesda Branch #2,Bethesda,Montgomery County,MD,20817,38.98127,-77.16139,full_service,3050,1950,leased,triple_net,bank,direct_utility_meter,boiler_with_split_ac,natural_gas,2015,R-410A,mixed,4,False,1,False,n/a,13,42,1
MNB-02637,Greenville Branch,Greenville,Meriwether County,GA,30222,33.02494,-84.71773,full_service,5810,1992,leased,full_gross,landlord,landlord_submeter,heat_pump,electricity,2016,R-410A,fluorescent,2,True,2,False,n/a,0,46,3
MNB-02638,Sharon Branch,Sharon,York County,SC,29742,34.92943,-81.37347,express,1910,2010,leased,triple_net,bank,direct_utility_meter,rtu_gas_heat,natural_gas,2011,R-410A,led,1,True,0,False,n/a,0,49,1
MNB-02639,Elk Grove Branch,Elk Grove,Sacramento County,CA,95624,38.43311,-121.33868,full_service,4840,1959,leased,modified_gross,bank,direct_utility_meter,split_ac_gas_furnace,natural_gas,2008,R-22,mixed,4,True,1,False,n/a,0,44,2
MNB-02640,Surprise Branch #3,Surprise,Maricopa County,AZ,85387,33.72214,-112.45428,full_service,4520,1987,owned,n/a,bank,direct_utility_meter,rtu_electric_heat,electricity,2000,R-22,led,4,True,2,True,diesel,0,53,2
MNB-02641,York Branch,York,York County,PA,17403,39.96101,-76.70678,full_service,4630,2001,leased,triple_net,bank,direct_utility_meter,rtu_gas_heat,natural_gas,2018,R-410A,led,1,False,1,False,n/a,0,45,1
MNB-02642,Locust Grove Branch,Locust Grove,Henry County,GA,30248,33.35182,-84.07335,express,1600,1974,leased,triple_net,bank,direct_utility_meter,heat_pump,electricity,2019,R-410A,led,2,True,0,False,n/a,0,54,3
MNB-02643,Grant Branch,Grant,Brevard County,FL,32949,27.92597,-80.52604,express,1700,2010,leased,triple_net,bank,direct_utility_meter,heat_pump,electricity,2010,R-410A,led,3,False,0,False,n/a,0,44,3
MNB-02644,Kenansville Branch,Kenansville,Osceola County,FL,34739,27.87473,-81.05317,full_service,5950,1975,owned,n/a,bank,direct_utility_meter,heat_pump,electricity,1998,R-22,led,2,True,0,False,n/a,0,49,1
MNB-02645,Dayton Branch,Dayton,Rhea County,TN,37321,35.49507,-85.02751,full_service,6420,2016,owned,n/a,bank,direct_utility_meter,rtu_electric_heat,electricity,2016,R-410A,led,2,False,1,False,n/a,0,43,2
MNB-02646,Reno Branch #3,Reno,Washoe County,NV,89501,39.55842,-119.79831,full_service,2910,1985,owned,n/a,bank,direct_utility_meter,heat_pump,electricity,2003,R-22,led,4,False,0,False,n/a,0,47,1
MNB-02647,Pittsburg Branch,Pittsburg,Contra Costa County,CA,94565,38.00977,-121.92644,full_service,3940,2002,leased,full_gross,landlord,shared_unmetered,rtu_gas_heat,natural_gas,2023,R-410A,led,4,False,0,True,diesel,0,52,1
MNB-02648,Tampa Branch #6,Tampa,Hillsborough County,FL,33615,28.00253,-82.58164,full_service,5400,1999,leased,triple_net,bank,direct_utility_meter,rtu_gas_heat,natural_gas,2014,R-410A,fluorescent,2,False,1,False,n/a,0,46,1
MNB-02649,Vancouver Branch,Vancouver,Clark County,WA,98662,45.69699,-122.59531,full_service,7380,1981,leased,triple_net,bank,direct_utility_meter,split_ac_gas_furnace,propane,2024,R-410A,fluorescent,3,True,0,False,n/a,0,45,2
MNB-02650,Joshua Branch,Joshua,Johnson County,TX,76058,32.45417,-97.38242,full_service,7160,1992,owned,n/a,bank,direct_utility_meter,rtu_electric_heat,electricity,2018,R-410A,mixed,3,False,0,False,n/a,0,48,1
MNB-02651,Shade Gap Branch,Shade Gap,Huntingdon County,PA,17255,40.19105,-77.85414,full_service,3300,2017,leased,modified_gross,bank,direct_utility_meter,split_ac_gas_furnace,natural_gas,2021,R-410A,fluorescent,2,True,3,False,n/a,0,46,3
MNB-02652,Lake Branch,Lake,Logan County,WV,25121,37.91247,-81.90378,full_service,6150,1999,owned,n/a,bank,direct_utility_meter,heat_pump,electricity,2010,R-410A,led,4,True,3,False,n/a,0,52,3
MNB-02653,Pittsford Branch,Pittsford,Hillsdale County,MI,49271,41.90231,-84.45785,full_service,4270,1957,owned,n/a,bank,direct_utility_meter,split_ac_gas_furnace,natural_gas,2023,R-410A,led,3,True,1,False,n/a,0,45,1
MNB-02654,Leesburg Branch,Leesburg,Loudoun County,VA,20175,39.05479,-77.58697,full_service,5740,2009,owned,n/a,bank,direct_utility_meter,rtu_gas_heat,natural_gas,2010,R-410A,led,1,False,1,False,n/a,0,45,2
MNB-02655,Laie Branch,Laie,Honolulu County,HI,96762,21.62992,-157.94539,in_store,790,1971,leased,full_gross,landlord,shared_unmetered,host_building_system,unknown,,unknown,mixed,1,False,0,False,n/a,0,64,2
MNB-02656,Bingham Lake Branch,Bingham Lake,Cottonwood County,MN,56118,43.89533,-95.05896,full_service,2870,1995,leased,full_gross,landlord,landlord_submeter,split_ac_gas_furnace,natural_gas,2023,R-410A,mixed,2,False,0,False,n/a,0,44,3
MNB-02657,Ethelsville Branch,Ethelsville,Pickens County,AL,35461,33.41583,-88.23785,full_service,4950,1994,leased,modified_gross,bank,direct_utility_meter,rtu_gas_heat,natural_gas,2007,R-22,fluorescent,4,True,1,False,n/a,0,49,1
MNB-02658,Palmyra Branch,Palmyra,Fluvanna County,VA,22963,37.89242,-78.34635,flagship,20930,1995,owned,n/a,bank,direct_utility_meter,rtu_gas_heat,natural_gas,2006,R-22,led,3,False,0,True,diesel,0,54,1
MNB-02659,Spring Lake Branch,Spring Lake,Harnett County,NC,28390,35.17608,-78.99606,full_service,4170,1954,leased,full_gross,landlord,shared_unmetered,heat_pump,electricity,2012,R-410A,mixed,1,False,0,False,n/a,0,45,3
MNB-02660,Clinton Branch,Clinton,Summit County,OH,44216,40.93371,-81.59457,express,1690,1979,leased,triple_net,bank,direct_utility_meter,split_ac_gas_furnace,natural_gas,2012,R-410A,led,2,True,0,False,n/a,0,48,1
MNB-02661,Quarryville Branch,Quarryville,Lancaster County,PA,17566,39.91266,-76.13757,full_service,2620,1957,owned,n/a,bank,landlord_submeter,rtu_gas_heat,natural_gas,2012,R-410A,fluorescent,3,True,3,True,diesel,0,45,2
MNB-02662,Miami Branch #11,Miami,Miami-Dade County,FL,33169,25.9428,-80.2189,in_store,770,1990,leased,modified_gross,bank,landlord_submeter,host_building_system,unknown,,unknown,mixed,1,False,0,False,n/a,0,66,1
MNB-02663,Tyler Branch,Tyler,Smith County,TX,75709,32.29837,-95.39133,full_service,4470,2004,leased,full_gross,landlord,landlord_submeter,rtu_gas_heat,natural_gas,2010,R-410A,led,3,True,2,True,diesel,0,44,3
MNB-02664,Jacksonville Branch #8,Jacksonville,Duval County,FL,32211,30.3418,-81.59688,full_service,3180,2006,leased,full_gross,landlord,shared_unmetered,rtu_gas_heat,natural_gas,2023,R-410A,led,3,True,2,True,diesel,0,54,3
MNB-02665,Union Springs Branch,Union Springs,Cayuga County,NY,13160,42.8467,-76.67322,drive_thru_only,920,1958,owned,n/a,bank,landlord_submeter,rtu_gas_heat,natural_gas,2022,R-410A,led,1,False,0,False,n/a,0,52,3
MNB-02666,Rusk Branch,Rusk,Cherokee County,TX,75785,31.82171,-95.07345,drive_thru_only,1030,1964,owned,n/a,bank,direct_utility_meter,rtu_electric_heat,electricity,2018,R-410A,led,4,False,2,False,n/a,0,50,1
MNB-02667,Williams Bay Branch,Williams Bay,Walworth County,WI,53191,42.58342,-88.54728,full_service,3550,2006,owned,n/a,bank,direct_utility_meter,rtu_gas_heat,natural_gas,2007,R-22,led,3,True,3,False,n/a,0,44,1
MNB-02668,Winters Branch,Winters,Yolo County,CA,95694,38.52911,-121.96299,in_store,650,1998,leased,modified_gross,bank,direct_utility_meter,host_building_system,unknown,,unknown,mixed,0,False,0,False,n/a,0,73,3
MNB-02669,Sweet Valley Branch,Sweet Valley,Luzerne County,PA,18656,41.31348,-76.15269,full_service,2480,2016,owned,n/a,bank,direct_utility_meter,split_ac_gas_furnace,natural_gas,2016,R-410A,led,2,False,3,False,n/a,0,49,1
MNB-02670,Salt Flat Branch,Salt Flat,Hudspeth County,TX,79847,31.74818,-104.74506,express,2520,1973,owned,n/a,bank,direct_utility_meter,rtu_electric_heat,electricity,2018,R-410A,mixed,2,False,0,False,n/a,0,52,1
MNB-02671,Grandfield Branch,Grandfield,Tillman County,OK,73546,34.22508,-98.69243,drive_thru_only,1000,1965,owned,n/a,bank,direct_utility_meter,heat_pump,electricity,2002,R-22,mixed,3,False,0,False,n/a,0,50,1
MNB-02672,Trenton Branch,Trenton,Mercer County,NJ,08618,40.24934,-74.76949,full_service,3020,1986,owned,n/a,bank,direct_utility_meter,rtu_gas_heat,natural_gas,2014,R-410A,led,3,False,3,False,n/a,0,52,1
MNB-02673,Dunlap Branch,Dunlap,Sequatchie County,TN,37327,35.39469,-85.39398,express,1000,2005,leased,triple_net,bank,direct_utility_meter,heat_pump,electricity,2009,R-22,led,3,False,0,False,n/a,0,51,2
MNB-02674,Gotha Branch,Gotha,Orange County,FL,34734,28.52662,-81.51346,flagship,21130,1995,owned,n/a,bank,direct_utility_meter,heat_pump,electricity,2018,R-410A,led,3,False,0,True,diesel,0,52,3
MNB-02675,Sugar Land Branch,Sugar Land,Fort Bend County,TX,77498,29.62933,-95.64195,in_store,740,1962,leased,full_gross,landlord,shared_unmetered,host_building_system,unknown,,unknown,mixed,1,False,0,False,n/a,0,64,3
MNB-02676,Sacramento Branch,Sacramento,Otero County,NM,88347,32.8065,-105.62653,full_service,4470,1959,leased,triple_net,bank,direct_utility_meter,rtu_gas_heat,natural_gas,2000,R-22,mixed,3,False,1,False,n/a,0,51,1
MNB-02677,Elk Garden Branch,Elk Garden,Mineral County,WV,26717,39.38381,-79.1408,drive_thru_only,1240,2007,leased,triple_net,bank,direct_utility_meter,rtu_gas_heat,natural_gas,2011,R-410A,fluorescent,4,True,1,False,n/a,0,52,2
MNB-02678,Westchester Branch,Westchester,Cook County,IL,60154,41.82941,-87.89361,in_store,800,1981,leased,modified_gross,bank,direct_utility_meter,host_building_system,unknown,,unknown,mixed,1,False,0,False,n/a,0,74,1
MNB-02679,Inkster Branch,Inkster,Wayne County,MI,48141,42.29734,-83.30526,full_service,4450,2007,owned,n/a,bank,direct_utility_meter,rtu_gas_heat,natural_gas,2008,R-22,led,3,True,2,False,n/a,0,43,1
MNB-02680,Crestview Branch,Crestview,Okaloosa County,FL,32539,30.76079,-86.48788,express,1680,1981,owned,n/a,bank,direct_utility_meter,rtu_gas_heat,natural_gas,2019,R-410A,mixed,1,True,0,False,n/a,0,47,1
MNB-02681,Rochester Branch #4,Rochester,Monroe County,NY,14626,43.20499,-77.69981,full_service,3700,1982,leased,triple_net,bank,direct_utility_meter,boiler_with_split_ac,fuel_oil,2018,R-410A,mixed,2,True,1,False,n/a,0,53,2
MNB-02682,Rialto Branch,Rialto,San Bernardino County,CA,92376,34.10883,-117.38264,drive_thru_only,1110,1974,owned,n/a,bank,direct_utility_meter,rtu_gas_heat,natural_gas,2020,R-410A,fluorescent,4,False,3,False,n/a,0,46,1
MNB-02683,Corunna Branch,Corunna,Shiawassee County,MI,48817,43.03635,-84.027,in_store,920,2024,leased,modified_gross,landlord,landlord_submeter,host_building_system,unknown,,unknown,mixed,1,False,0,False,n/a,0,74,3
MNB-02684,Columbia Branch #3,Columbia,Richland County,SC,29201,33.99399,-81.0463,full_service,4070,1952,leased,triple_net,bank,direct_utility_meter,heat_pump,electricity,2021,R-410A,mixed,2,False,2,False,n/a,0,46,1
MNB-02685,West Harrison Branch,West Harrison,Westchester County,NY,10604,41.05179,-73.72743,flagship,25270,1965,leased,triple_net,bank,direct_utility_meter,split_ac_gas_furnace,natural_gas,1998,R-22,led,4,True,0,True,diesel,0,59,1
MNB-02686,Pearl River Branch,Pearl River,St. Tammany Parish,LA,70452,30.38798,-89.77267,full_service,4690,2016,owned,n/a,bank,direct_utility_meter,rtu_electric_heat,electricity,2016,R-410A,led,1,False,2,False,n/a,0,42,3
MNB-02687,Tullahoma Branch,Tullahoma,Coffee County,TN,37388,35.32925,-86.22648,full_service,4700,1967,owned,n/a,bank,direct_utility_meter,heat_pump,electricity,2002,R-22,mixed,3,True,0,False,n/a,0,49,1
MNB-02688,Spencer Branch,Spencer,Worcester County,MA,01562,42.25346,-71.99126,full_service,8000,1980,owned,n/a,bank,direct_utility_meter,split_ac_gas_furnace,natural_gas,2019,R-410A,mixed,3,True,2,False,n/a,0,42,1
MNB-02689,Yeoman Branch,Yeoman,Carroll County,IN,47997,40.67673,-86.72199,full_service,6890,1978,owned,n/a,bank,direct_utility_meter,boiler_with_split_ac,natural_gas,2001,R-22,fluorescent,2,True,1,False,n/a,0,54,1
MNB-02690,Ronks Branch,Ronks,Lancaster County,PA,17572,40.03092,-76.1735,in_store,980,2008,leased,full_gross,landlord,shared_unmetered,host_building_system,unknown,,unknown,led,0,False,0,False,n/a,0,75,2
MNB-02691,Miami Branch #12,Miami,Miami-Dade County,FL,33170,25.53991,-80.45975,full_service,3300,1990,leased,full_gross,landlord,shared_unmetered,split_ac_gas_furnace,natural_gas,2005,R-22,led,2,True,1,False,n/a,0,52,3
MNB-02692,Coleman Branch,Coleman,Midland County,MI,48618,43.75299,-84.60317,express,2800,2016,leased,triple_net,bank,direct_utility_meter,split_ac_gas_furnace,natural_gas,2016,R-410A,led,1,True,0,False,n/a,0,48,1
MNB-02693,Freeland Branch,Freeland,Luzerne County,PA,18224,41.02771,-75.85985,flagship,13540,2011,owned,n/a,bank,direct_utility_meter,heat_pump,electricity,2016,R-410A,fluorescent,3,True,0,True,diesel,45,53,1
MNB-02694,Apache Junction Branch,Apache Junction,Pinal County,AZ,85119,33.38773,-111.49009,in_store,610,1998,leased,full_gross,landlord,shared_unmetered,host_building_system,unknown,,unknown,led,0,False,0,False,n/a,0,66,3
MNB-02695,Youngstown Branch #3,Youngstown,Mahoning County,OH,44507,41.07331,-80.65202,full_service,2200,1977,leased,modified_gross,bank,landlord_submeter,rtu_gas_heat,natural_gas,2024,R-410A,led,1,True,1,False,n/a,0,54,1
MNB-02696,Cissna Park Branch,Cissna Park,Iroquois County,IL,60924,40.5844,-87.86183,in_store,700,2014,leased,modified_gross,bank,direct_utility_meter,host_building_system,unknown,,unknown,led,1,False,0,False,n/a,0,60,2
MNB-02697,Pasadena Branch,Pasadena,Los Angeles County,CA,91103,34.18901,-118.17885,full_service,3030,2018,leased,triple_net,bank,direct_utility_meter,rtu_gas_heat,natural_gas,2018,R-410A,mixed,1,True,0,False,n/a,0,44,1
MNB-02698,Camden Wyoming Branch,Camden Wyoming,Kent County,DE,19934,39.11619,-75.64489,drive_thru_only,1100,2016,owned,n/a,bank,direct_utility_meter,rtu_gas_heat,natural_gas,2016,R-410A,mixed,1,False,0,False,n/a,0,49,1
MNB-02699,Springfield Branch,Springfield,Livingston Parish,LA,70462,30.39573,-90.58229,full_service,2960,1957,owned,n/a,bank,landlord_submeter,rtu_gas_heat,natural_gas,1999,R-22,mixed,3,False,3,False,n/a,0,43,1
MNB-02700,Cross City Branch,Cross City,Dixie County,FL,32628,29.66713,-83.21974,express,2800,2008,owned,n/a,bank,direct_utility_meter,heat_pump,electricity,2008,R-22,fluorescent,2,False,0,False,n/a,0,49,1
MNB-02701,North Las Vegas Branch #3,North Las Vegas,Clark County,NV,89031,36.24792,-115.17464,full_service,4950,2009,leased,full_gross,landlord,shared_unmetered,split_ac_gas_furnace,natural_gas,2011,R-410A,led,1,False,0,False,n/a,0,47,3
MNB-02702,Dilley Branch,Dilley,Frio County,TX,78017,28.68997,-99.17223,full_service,8000,2022,leased,triple_net,bank,direct_utility_meter,rtu_gas_heat,natural_gas,2022,R-410A,led,2,False,1,False,n/a,0,44,2
MNB-02703,Bronx Branch #4,Bronx,Bronx County,NY,10466,40.90205,-73.83926,flagship,9290,1978,owned,n/a,bank,direct_utility_meter,rtu_gas_heat,natural_gas,2017,R-410A,led,4,False,0,True,diesel,0,59,3
MNB-02704,Oakland Branch #4,Oakland,Alameda County,CA,94610,37.80065,-122.25796,full_service,6680,2013,leased,triple_net,bank,landlord_submeter,rtu_gas_heat,natural_gas,2014,R-410A,fluorescent,3,True,1,False,n/a,0,49,1
MNB-02705,Fort Sumner Branch,Fort Sumner,De Baca County,NM,88119,34.46592,-104.2269,drive_thru_only,630,2008,leased,full_gross,landlord,landlord_submeter,heat_pump,electricity,2012,R-410A,fluorescent,3,True,1,False,n/a,0,50,3
MNB-02706,Richmond Branch #2,Richmond,Contra Costa County,CA,94805,37.94041,-122.32363,express,1890,2018,owned,n/a,bank,direct_utility_meter,rtu_gas_heat,natural_gas,2018,R-410A,fluorescent,2,False,0,False,n/a,0,48,1
MNB-02707,Star Branch,Star,Montgomery County,NC,27356,35.42775,-79.77843,full_service,3470,2008,owned,n/a,bank,direct_utility_meter,heat_pump,electricity,2020,R-410A,led,4,False,1,True,diesel,0,46,1
MNB-02708,Crystal City Branch,Crystal City,Zavala County,TX,78839,28.68977,-99.83264,full_service,3670,2017,leased,modified_gross,bank,direct_utility_meter,heat_pump,electricity,2017,R-410A,led,1,False,3,False,n/a,0,49,1
MNB-02709,Delta Branch,Delta,Delta County,CO,81416,38.74926,-108.0438,full_service,3590,1986,leased,full_gross,landlord,shared_unmetered,heat_pump,electricity,2002,R-22,mixed,4,True,0,False,n/a,0,42,3
MNB-02710,Byars Branch,Byars,McClain County,OK,74831,34.8913,-97.10094,drive_thru_only,790,1969,owned,n/a,bank,direct_utility_meter,rtu_gas_heat,natural_gas,2002,R-22,mixed,3,True,3,False,n/a,0,54,1
MNB-02711,Doe Hill Branch,Doe Hill,Highland County,VA,24433,38.43009,-79.42321,flagship,8450,1986,owned,n/a,bank,direct_utility_meter,rtu_gas_heat,natural_gas,2014,R-410A,mixed,2,True,0,True,diesel,0,50,3
MNB-02712,Bessemer Branch,Bessemer,Jefferson County,AL,35023,33.48115,-87.10188,full_service,3670,2015,leased,full_gross,landlord,landlord_submeter,split_ac_gas_furnace,natural_gas,2015,R-410A,led,4,False,1,False,n/a,0,49,2
MNB-02713,Iva Branch,Iva,Anderson County,SC,29655,34.32676,-82.64849,in_store,660,1966,leased,modified_gross,landlord,shared_unmetered,host_building_system,unknown,,unknown,mixed,1,False,0,False,n/a,0,68,3
MNB-02714,Jefferson City Branch,Jefferson City,Cole County,MO,65109,38.58608,-92.24502,full_service,5950,2005,leased,triple_net,bank,landlord_submeter,rtu_gas_heat,natural_gas,2005,R-22,led,4,False,3,True,diesel,0,51,2
MNB-02715,Falmouth Branch,Falmouth,Barnstable County,MA,02540,41.55682,-70.62563,full_service,4580,2024,leased,triple_net,bank,direct_utility_meter,rtu_gas_heat,natural_gas,2024,R-410A,led,2,False,2,False,n/a,13,52,1
MNB-02716,Broad Brook Branch,Broad Brook,Hartford County,CT,06016,41.89166,-72.53681,drive_thru_only,1330,2019,leased,full_gross,landlord,shared_unmetered,rtu_gas_heat,natural_gas,2019,R-410A,mixed,1,True,1,False,n/a,0,49,2
MNB-02717,East Carbon Branch,East Carbon,Carbon County,UT,84520,39.53929,-110.41489,express,1240,2007,owned,n/a,bank,direct_utility_meter,rtu_gas_heat,natural_gas,2012,R-410A,led,2,True,0,False,n/a,0,54,1
MNB-02718,Leasburg Branch,Leasburg,Caswell County,NC,27291,36.40765,-79.22614,full_service,3680,2014,leased,triple_net,bank,direct_utility_meter,split_ac_gas_furnace,natural_gas,2017,R-410A,led,3,True,2,False,n/a,0,48,3
MNB-02719,Bisbee Branch,Bisbee,Cochise County,AZ,85603,31.41803,-109.94845,full_service,5190,1964,owned,n/a,bank,direct_utility_meter,heat_pump,electricity,2012,R-410A,led,1,False,0,True,diesel,0,48,1
MNB-02720,New River Branch,New River,Maricopa County,AZ,85087,33.93521,-112.11263,full_service,4650,1996,owned,n/a,bank,direct_utility_meter,heat_pump,electricity,2021,R-410A,led,1,True,0,False,n/a,0,53,1
MNB-02721,East Marion Branch,East Marion,Suffolk County,NY,11939,41.12454,-72.32714,full_service,3240,1998,owned,n/a,bank,direct_utility_meter,rtu_gas_heat,natural_gas,2013,R-410A,led,1,True,1,False,n/a,0,52,2
MNB-02722,Eagle Creek Branch,Eagle Creek,Clackamas County,OR,97022,45.37537,-122.31545,full_service,5550,2013,owned,n/a,bank,direct_utility_meter,rtu_gas_heat,natural_gas,2015,R-410A,led,2,True,3,False,n/a,0,49,1
MNB-02723,Spokane Branch,Spokane,Spokane County,WA,99208,47.75382,-117.43541,express,1570,1980,leased,triple_net,bank,landlord_submeter,heat_pump,electricity,2006,R-22,mixed,1,True,0,False,n/a,0,52,1
MNB-02724,Kenvil Branch,Kenvil,Morris County,NJ,07847,40.88482,-74.63651,full_service,3320,1963,leased,modified_gross,bank,landlord_submeter,split_ac_gas_furnace,natural_gas,2013,R-410A,mixed,4,True,1,False,n/a,0,46,1
MNB-02725,Reading Branch,Reading,Hillsdale County,MI,49274,41.83434,-84.76984,full_service,4860,2008,owned,n/a,bank,direct_utility_meter,rtu_gas_heat,natural_gas,2008,R-22,fluorescent,3,False,1,False,n/a,0,44,1
MNB-02726,Dalmatia Branch,Dalmatia,Northumberland County,PA,17017,40.6672,-76.87956,in_store,650,1995,leased,full_gross,landlord,shared_unmetered,host_building_system,unknown,,unknown,led,0,False,0,False,n/a,0,61,3
MNB-02727,Murrells Inlet Branch,Murrells Inlet,Horry County,SC,29576,33.54997,-79.06488,full_service,3590,2016,owned,n/a,bank,direct_utility_meter,heat_pump,electricity,2023,R-410A,led,2,False,0,False,n/a,0,50,1
MNB-02728,Memphis Branch,Memphis,St. Clair County,MI,48041,42.94251,-82.78482,full_service,3550,1995,leased,full_gross,landlord,landlord_submeter,rtu_gas_heat,natural_gas,2021,R-410A,led,4,True,2,True,diesel,0,51,3
MNB-02729,Princeton Branch,Princeton,Collin County,TX,75407,33.15142,-96.47123,express,1370,2017,owned,n/a,bank,direct_utility_meter,rtu_electric_heat,electricity,2017,R-410A,led,4,False,0,False,n/a,0,48,1
MNB-02730,Barryton Branch,Barryton,Mecosta County,MI,49305,43.74002,-85.14896,full_service,3720,1996,leased,triple_net,bank,direct_utility_meter,heat_pump,electricity,2006,R-22,led,2,True,3,False,n/a,0,48,3
MNB-02731,Zwolle Branch,Zwolle,Sabine Parish,LA,71486,31.59618,-93.66373,full_service,5840,2013,owned,n/a,bank,landlord_submeter,rtu_gas_heat,natural_gas,2014,R-410A,led,2,False,3,True,diesel,0,52,1
MNB-02732,Watsonville Branch,Watsonville,Santa Cruz County,CA,95076,36.91779,-121.77244,full_service,4510,2010,leased,triple_net,bank,direct_utility_meter,split_ac_gas_furnace,natural_gas,2016,R-410A,led,3,True,1,True,diesel,0,52,2
MNB-02733,Farwell Branch,Farwell,Clare County,MI,48622,43.8248,-84.85684,full_service,5590,1978,leased,full_gross,landlord,shared_unmetered,rtu_gas_heat,natural_gas,1998,R-22,led,3,False,3,False,n/a,0,48,3
MNB-02734,Charlotte Branch #5,Charlotte,Mecklenburg County,NC,28273,35.16541,-80.93288,full_service,4900,1982,leased,triple_net,bank,direct_utility_meter,heat_pump,electricity,2018,R-410A,led,2,True,2,False,n/a,0,49,1
MNB-02735,Rutherford Branch,Rutherford,Bergen County,NJ,07070,40.81617,-74.11557,full_service,3490,2019,leased,triple_net,bank,direct_utility_meter,rtu_gas_heat,natural_gas,2019,R-410A,led,3,False,1,False,n/a,0,50,1
MNB-02736,Grand Chain Branch,Grand Chain,Pulaski County,IL,62941,37.23591,-89.00253,full_service,2560,1975,leased,triple_net,bank,direct_utility_meter,rtu_gas_heat,natural_gas,1999,R-22,mixed,3,True,2,False,n/a,0,42,1
MNB-02737,Omak Branch,Omak,Okanogan County,WA,98841,48.42042,-119.53423,express,1420,2008,owned,n/a,bank,direct_utility_meter,rtu_gas_heat,natural_gas,2010,R-410A,led,3,False,0,False,n/a,0,47,3
MNB-02738,Yalaha Branch,Yalaha,Lake County,FL,34797,28.76275,-81.82454,full_service,3430,1967,owned,n/a,bank,direct_utility_meter,heat_pump,electricity,2015,R-410A,mixed,3,False,0,True,diesel,0,48,1
MNB-02739,Athens Branch,Athens,Clarke County,GA,30606,33.94688,-83.43531,full_service,3350,2012,leased,modified_gross,bank,direct_utility_meter,rtu_gas_heat,natural_gas,2012,R-410A,led,2,False,1,True,diesel,0,54,1
MNB-02740,Orangeburg Branch,Orangeburg,Rockland County,NY,10962,41.05107,-73.94785,full_service,5630,1975,leased,triple_net,bank,direct_utility_meter,boiler_with_split_ac,fuel_oil,2023,R-410A,led,1,True,0,False,n/a,0,48,1
MNB-02741,Deeth Branch,Deeth,Elko County,NV,89823,41.04338,-115.27605,flagship,20640,2002,owned,n/a,bank,direct_utility_meter,rtu_gas_heat,natural_gas,2009,R-22,led,3,False,0,True,diesel,0,53,1
MNB-02742,Rancho Palos Verdes Branch,Rancho Palos Verdes,Los Angeles County,CA,90275,33.74337,-118.35309,full_service,8000,2000,owned,n/a,bank,direct_utility_meter,rtu_gas_heat,natural_gas,2016,R-410A,mixed,1,False,2,True,diesel,0,51,1
MNB-02743,Bascom Branch,Bascom,Jackson County,FL,32423,30.93852,-85.09961,express,1480,1973,leased,modified_gross,landlord,landlord_submeter,rtu_gas_heat,natural_gas,2011,R-410A,mixed,3,False,0,False,n/a,0,52,3
MNB-02744,Pond Creek Branch,Pond Creek,Grant County,OK,73766,36.64156,-97.80353,full_service,6780,1995,leased,full_gross,landlord,shared_unmetered,split_ac_gas_furnace,natural_gas,2010,R-410A,mixed,4,False,0,False,n/a,0,52,3
MNB-02745,Garberville Branch,Garberville,Humboldt County,CA,95542,40.0878,-123.81365,express,2670,2018,leased,triple_net,bank,direct_utility_meter,split_ac_gas_furnace,natural_gas,2018,R-410A,led,4,True,0,False,n/a,0,51,3
MNB-02746,Owatonna Branch,Owatonna,Steele County,MN,55060,44.05359,-93.20998,full_service,3910,2007,owned,n/a,bank,direct_utility_meter,split_ac_gas_furnace,natural_gas,2008,R-22,led,4,True,2,False,n/a,0,43,3
MNB-02747,Okemah Branch,Okemah,Okfuskee County,OK,74859,35.44883,-96.33921,full_service,4840,2024,owned,n/a,bank,direct_utility_meter,rtu_electric_heat,electricity,2024,R-410A,fluorescent,3,True,1,False,n/a,0,48,3
MNB-02748,Marbury Branch,Marbury,Charles County,MD,20658,38.55685,-77.16544,full_service,6090,2013,leased,modified_gross,bank,direct_utility_meter,split_ac_gas_furnace,natural_gas,2013,R-410A,led,3,False,3,False,n/a,0,50,1
MNB-02749,Orting Branch,Orting,Pierce County,WA,98360,47.07222,-122.18599,full_service,4120,2005,leased,triple_net,bank,direct_utility_meter,split_ac_gas_furnace,natural_gas,2018,R-410A,led,4,True,0,False,n/a,0,53,1
MNB-02750,Tyner Branch,Tyner,Marshall County,IN,46572,41.41456,-86.40105,in_store,620,2000,leased,full_gross,landlord,shared_unmetered,host_building_system,unknown,,unknown,led,0,False,0,False,n/a,0,75,3
MNB-02751,Clintondale Branch,Clintondale,Ulster County,NY,12515,41.67857,-74.07617,in_store,550,2021,leased,full_gross,landlord,landlord_submeter,host_building_system,unknown,,unknown,mixed,0,False,0,False,n/a,0,75,2
MNB-02752,Hilo Branch,Hilo,Hawaii County,HI,96720,19.71323,-155.09667,in_store,360,1998,leased,full_gross,landlord,landlord_submeter,host_building_system,unknown,,unknown,led,1,False,0,False,n/a,0,69,3
MNB-02753,Feura Bush Branch,Feura Bush,Albany County,NY,12067,42.56403,-73.91416,full_service,4280,1989,owned,n/a,bank,direct_utility_meter,heat_pump,electricity,2016,R-410A,led,2,False,3,False,n/a,0,46,3
MNB-02754,Raleigh Branch #3,Raleigh,Wake County,NC,27605,35.80449,-78.65754,in_store,540,2016,leased,full_gross,landlord,shared_unmetered,host_building_system,unknown,,unknown,led,0,False,0,False,n/a,0,60,3
MNB-02755,Easton Branch,Easton,Aroostook County,ME,04740,46.63568,-67.9045,full_service,3040,2021,owned,n/a,bank,direct_utility_meter,rtu_gas_heat,natural_gas,2021,R-410A,led,3,True,0,False,n/a,0,53,2
MNB-02756,Rochester Branch,Rochester,Windsor County,VT,05767,43.88404,-72.81395,flagship,16570,1995,owned,n/a,bank,direct_utility_meter,rtu_gas_heat,natural_gas,2002,R-22,led,2,True,0,True,diesel,0,57,2
MNB-02757,Grygla Branch,Grygla,Marshall County,MN,56727,48.31324,-95.64131,in_store,450,1966,leased,full_gross,landlord,shared_unmetered,host_building_system,unknown,,unknown,fluorescent,0,False,0,False,n/a,0,75,3
MNB-02758,Salem Branch,Salem,Richardson County,NE,68433,40.0637,-95.73967,full_service,5340,2003,owned,n/a,bank,direct_utility_meter,rtu_gas_heat,natural_gas,2008,R-22,fluorescent,4,True,1,False,n/a,0,43,1
MNB-02759,Waterbury Branch #2,Waterbury,New Haven County,CT,06710,41.56273,-73.04724,drive_thru_only,1120,2011,leased,full_gross,landlord,landlord_submeter,rtu_gas_heat,natural_gas,2011,R-410A,led,4,False,1,False,n/a,0,49,2
MNB-02760,Eden Prairie Branch,Eden Prairie,Hennepin County,MN,55344,44.85341,-93.42567,full_service,3720,1987,owned,n/a,bank,direct_utility_meter,rtu_gas_heat,natural_gas,2009,R-22,mixed,2,False,3,False,n/a,0,47,1
MNB-02761,Burbank Branch,Burbank,Walla Walla County,WA,99323,46.18679,-118.91431,full_service,4120,2011,leased,modified_gross,bank,direct_utility_meter,split_ac_gas_furnace,natural_gas,2011,R-410A,led,3,False,0,True,diesel,0,45,1
MNB-02762,Westfield Branch,Westfield,Clark County,IL,62474,39.46146,-88.00059,full_service,2930,1998,leased,modified_gross,landlord,landlord_submeter,split_ac_gas_furnace,natural_gas,2007,R-22,led,4,False,2,False,n/a,0,51,3
MNB-02763,College Station Branch,College Station,Brazos County,TX,77845,30.51067,-96.33368,in_store,780,1981,leased,full_gross,landlord,landlord_submeter,host_building_system,unknown,,unknown,mixed,0,False,0,False,n/a,0,70,3
MNB-02764,Advance Branch,Advance,Davie County,NC,27006,35.99854,-80.435,full_service,4440,2004,leased,triple_net,bank,direct_utility_meter,rtu_electric_heat,electricity,2004,R-22,fluorescent,4,False,2,False,n/a,0,54,2
MNB-02765,Prosper Branch,Prosper,Collin County,TX,75078,33.22825,-96.79651,full_service,4540,1988,leased,full_gross,landlord,shared_unmetered,rtu_electric_heat,electricity,1998,R-22,fluorescent,2,True,1,False,n/a,0,51,3
MNB-02766,Las Vegas Branch #7,Las Vegas,Clark County,NV,89135,36.12328,-115.3363,drive_thru_only,1130,2013,leased,triple_net,bank,direct_utility_meter,heat_pump,electricity,2013,R-410A,led,4,False,3,False,n/a,0,47,1
MNB-02767,Gilmer Branch,Gilmer,Upshur County,TX,75645,32.61615,-94.84799,full_service,3460,1950,leased,triple_net,bank,direct_utility_meter,heat_pump,electricity,2016,R-410A,mixed,1,False,0,True,diesel,0,43,2
MNB-02768,Fort Myers Branch #2,Fort Myers,Lee County,FL,33901,26.62134,-81.88694,in_store,440,2015,leased,modified_gross,bank,direct_utility_meter,host_building_system,unknown,,unknown,led,1,False,0,False,n/a,0,77,1
MNB-02769,Durand Branch,Durand,Shiawassee County,MI,48429,42.90135,-84.0001,full_service,5590,1982,leased,modified_gross,landlord,landlord_submeter,split_ac_gas_furnace,natural_gas,2022,R-410A,led,1,False,2,False,n/a,0,42,3
MNB-02770,New York Branch #12,New York,New York County,NY,10106,40.7749,-73.99792,full_service,5160,2022,leased,triple_net,bank,landlord_submeter,rtu_gas_heat,natural_gas,2022,R-410A,led,4,False,0,False,n/a,0,51,1
MNB-02771,Fullerton Branch #2,Fullerton,Orange County,CA,92833,33.86987,-117.9679,drive_thru_only,870,2012,owned,n/a,bank,direct_utility_meter,rtu_gas_heat,natural_gas,2012,R-410A,led,1,True,3,False,n/a,0,49,2
MNB-02772,Fox Lake Branch,Fox Lake,Lake County,IL,60020,42.37682,-88.14851,full_service,4740,1976,leased,triple_net,bank,direct_utility_meter,rtu_gas_heat,natural_gas,2007,R-22,mixed,2,False,0,False,n/a,0,42,2
MNB-02773,Kennewick Branch,Kennewick,Benton County,WA,99336,46.22315,-119.1768,in_store,890,2023,leased,full_gross,landlord,shared_unmetered,host_building_system,unknown,,unknown,led,1,False,0,False,n/a,0,67,3
MNB-02774,West Milford Branch,West Milford,Harrison County,WV,26451,39.19315,-80.39701,full_service,5910,1996,owned,n/a,bank,landlord_submeter,split_ac_gas_furnace,natural_gas,2017,R-410A,mixed,2,False,3,False,n/a,0,48,1
MNB-02775,Kearneysville Branch,Kearneysville,Jefferson County,WV,25430,39.31709,-77.96884,drive_thru_only,860,1997,owned,n/a,bank,direct_utility_meter,split_ac_gas_furnace,natural_gas,1999,R-22,fluorescent,1,False,1,False,n/a,0,48,1
MNB-02776,Tuscumbia Branch,Tuscumbia,Miller County,MO,65082,38.21859,-92.43699,full_service,2680,2020,leased,triple_net,bank,direct_utility_meter,rtu_gas_heat,natural_gas,2020,R-410A,led,3,True,3,False,n/a,0,43,1
MNB-02777,Reagan Branch,Reagan,Henderson County,TN,38368,35.52331,-88.36311,drive_thru_only,710,2020,owned,n/a,bank,direct_utility_meter,heat_pump,electricity,2021,R-410A,led,3,True,2,False,n/a,0,51,1
MNB-02778,Savoy Branch,Savoy,Berkshire County,MA,01256,42.57724,-73.02283,full_service,3820,2008,leased,modified_gross,bank,direct_utility_meter,rtu_gas_heat,natural_gas,2020,R-410A,fluorescent,2,False,1,False,n/a,0,48,2
MNB-02779,Prairie Farm Branch,Prairie Farm,Barron County,WI,54762,45.23181,-91.97357,full_service,6510,2023,leased,modified_gross,bank,direct_utility_meter,rtu_gas_heat,natural_gas,2023,R-410A,led,3,False,3,False,n/a,0,54,1
MNB-02780,Glendale Branch #4,Glendale,Maricopa County,AZ,85303,33.53273,-112.18697,full_service,3370,1984,owned,n/a,bank,direct_utility_meter,rtu_gas_heat,natural_gas,2012,R-410A,led,3,True,2,False,n/a,0,53,2
MNB-02781,Loveland Branch,Loveland,Clermont County,OH,45140,39.23868,-84.25123,full_service,3510,1976,owned,n/a,bank,landlord_submeter,rtu_gas_heat,natural_gas,2017,R-410A,mixed,1,False,2,False,n/a,0,54,2
MNB-02782,Ketchikan Branch,Ketchikan,Ketchikan Gateway Borough,AK,99901,55.39466,-131.69031,full_service,3490,1954,leased,modified_gross,bank,landlord_submeter,heat_pump,electricity,2012,R-410A,fluorescent,4,True,3,False,n/a,25,52,1
MNB-02783,Starkville Branch,Starkville,Oktibbeha County,MS,39759,33.45049,-88.81138,full_service,3580,1985,owned,n/a,bank,direct_utility_meter,heat_pump,electricity,2018,R-410A,led,2,False,0,False,n/a,0,47,1
MNB-02784,Deer Trail Branch,Deer Trail,Arapahoe County,CO,80105,39.56628,-104.04234,full_service,4180,2003,leased,modified_gross,bank,direct_utility_meter,rtu_gas_heat,natural_gas,2003,R-22,led,4,False,1,False,n/a,0,50,1
MNB-02785,Carthage Branch,Carthage,Hancock County,IL,62321,40.41719,-91.12006,in_store,470,1982,leased,modified_gross,bank,direct_utility_meter,host_building_system,unknown,,unknown,mixed,0,False,0,False,n/a,0,71,1
MNB-02786,Tawas City Branch,Tawas City,Iosco County,MI,48763,44.29084,-83.55501,full_service,5810,2001,owned,n/a,bank,direct_utility_meter,rtu_gas_heat,natural_gas,2001,R-22,led,2,True,1,False,n/a,0,53,1
MNB-02787,Hambleton Branch,Hambleton,Tucker County,WV,26269,39.10101,-79.64814,full_service,4020,1956,owned,n/a,bank,direct_utility_meter,split_ac_gas_furnace,natural_gas,2017,R-410A,mixed,4,False,1,False,n/a,0,42,1
MNB-02788,Williamstown Branch,Williamstown,Dauphin County,PA,17098,40.60277,-76.62731,full_service,8000,1986,owned,n/a,bank,direct_utility_meter,heat_pump,electricity,2020,R-410A,fluorescent,2,True,3,True,diesel,0,45,1
MNB-02789,Antioch Branch,Antioch,Davidson County,TN,37013,36.04726,-86.66319,full_service,2950,2011,leased,triple_net,bank,direct_utility_meter,rtu_gas_heat,natural_gas,2011,R-410A,mixed,4,False,0,False,n/a,0,46,1
MNB-02790,Carol Stream Branch,Carol Stream,Dupage County,IL,60199,41.85065,-88.10435,in_store,960,1963,leased,full_gross,landlord,landlord_submeter,host_building_system,unknown,,unknown,led,0,False,0,False,n/a,0,77,2
MNB-02791,Lansing Branch,Lansing,Ingham County,MI,48912,42.72844,-84.50755,express,2540,2009,owned,n/a,bank,landlord_submeter,rtu_gas_heat,propane,2009,R-22,led,3,False,0,False,n/a,0,51,2
MNB-02792,Summit Argo Branch,Summit Argo,Cook County,IL,60501,41.78239,-87.84397,full_service,3710,2012,leased,triple_net,bank,landlord_submeter,rtu_gas_heat,natural_gas,2012,R-410A,fluorescent,3,True,2,False,n/a,0,45,1
MNB-02793,Albany Branch #3,Albany,Albany County,NY,12210,42.64152,-73.7629,in_store,580,2000,leased,full_gross,landlord,shared_unmetered,host_building_system,unknown,,unknown,fluorescent,1,False,0,False,n/a,0,64,2
MNB-02794,Granger Branch,Granger,Yakima County,WA,98932,46.34027,-120.16925,full_service,3180,2019,owned,n/a,bank,direct_utility_meter,rtu_gas_heat,natural_gas,2019,R-410A,mixed,4,False,2,False,n/a,0,46,1
MNB-02795,Jackson Branch,Jackson,Madison County,TN,38305,35.67479,-88.82846,express,1430,2022,leased,triple_net,bank,direct_utility_meter,heat_pump,electricity,2023,R-410A,led,2,False,0,False,n/a,0,48,1
MNB-02796,Cougar Branch,Cougar,Cowlitz County,WA,98616,46.06228,-122.31125,full_service,4190,1954,owned,n/a,bank,direct_utility_meter,rtu_gas_heat,natural_gas,1998,R-22,mixed,2,True,1,False,n/a,0,50,1
MNB-02797,Foothill Ranch Branch,Foothill Ranch,Orange County,CA,92610,33.68441,-117.68108,full_service,4220,2007,leased,triple_net,bank,direct_utility_meter,split_ac_gas_furnace,natural_gas,2021,R-410A,led,1,False,3,False,n/a,0,46,1
MNB-02798,Garden City Branch,Garden City,Wayne County,MI,48135,42.32752,-83.34296,full_service,2590,1976,leased,triple_net,bank,direct_utility_meter,split_ac_gas_furnace,natural_gas,2017,R-410A,led,2,True,1,True,diesel,0,50,1
MNB-02799,Topanga Branch,Topanga,Los Angeles County,CA,90290,34.09139,-118.61138,full_service,8000,1990,leased,triple_net,bank,direct_utility_meter,split_ac_gas_furnace,natural_gas,2009,R-22,mixed,4,False,0,False,n/a,0,50,1
MNB-02800,Tioga Branch,Tioga,Tioga County,PA,16946,41.90876,-77.13684,drive_thru_only,930,2004,leased,triple_net,bank,landlord_submeter,rtu_gas_heat,natural_gas,2012,R-410A,led,3,False,3,False,n/a,0,49,1
MNB-02801,White Stone Branch,White Stone,Lancaster County,VA,22578,37.67965,-76.37842,full_service,4280,2009,leased,modified_gross,landlord,shared_unmetered,split_ac_gas_furnace,natural_gas,2009,R-22,led,3,True,0,False,n/a,0,42,3
MNB-02802,Canones Branch,Canones,Rio Arriba County,NM,87516,36.19184,-106.42784,full_service,3480,2016,owned,n/a,bank,direct_utility_meter,rtu_gas_heat,natural_gas,2022,R-410A,mixed,2,False,2,False,n/a,0,53,1
MNB-02803,Keatchie Branch,Keatchie,De Soto Parish,LA,71046,32.17634,-93.94961,full_service,3870,2009,leased,triple_net,bank,direct_utility_meter,heat_pump,electricity,2009,R-22,mixed,1,False,3,False,n/a,0,52,1
MNB-02804,Moreland Branch,Moreland,Coweta County,GA,30259,33.28608,-84.75432,flagship,12130,2013,leased,triple_net,bank,direct_utility_meter,heat_pump,electricity,2013,R-410A,fluorescent,1,False,0,True,diesel,0,59,1
MNB-02805,Glasgow Branch,Glasgow,Rockbridge County,VA,24555,37.63394,-79.44171,in_store,640,2002,leased,modified_gross,bank,direct_utility_meter,host_building_system,unknown,,unknown,led,1,False,0,False,n/a,0,77,1
MNB-02806,Somerset Center Branch,Somerset Center,Hillsdale County,MI,49282,42.00593,-84.41125,express,1790,1964,leased,modified_gross,bank,direct_utility_meter,split_ac_gas_furnace,natural_gas,2002,R-22,led,1,True,0,False,n/a,0,45,1
MNB-02807,Gouldsboro Branch,Gouldsboro,Lackawanna County,PA,18424,41.2236,-75.51241,drive_thru_only,1220,1953,leased,triple_net,bank,direct_utility_meter,boiler_with_split_ac,fuel_oil,2000,R-22,mixed,1,True,0,False,n/a,0,46,1
MNB-02808,Darien Center Branch,Darien Center,Genesee County,NY,14040,42.91186,-78.39437,express,1900,1998,leased,triple_net,bank,direct_utility_meter,split_ac_gas_furnace,natural_gas,2004,R-22,mixed,3,True,0,False,n/a,0,46,1
MNB-02809,Houston Branch #13,Houston,Harris County,TX,77084,29.83918,-95.66461,full_service,5180,2009,owned,n/a,bank,landlord_submeter,rtu_electric_heat,electricity,2013,R-410A,mixed,2,True,2,False,n/a,0,44,1
MNB-02810,Ivesdale Branch,Ivesdale,Champaign County,IL,61851,39.94119,-88.44619,full_service,4180,1963,leased,modified_gross,landlord,shared_unmetered,heat_pump,electricity,2006,R-22,fluorescent,2,True,1,False,n/a,0,46,3
MNB-02811,Menifee Branch,Menifee,Riverside County,CA,92587,33.72671,-117.25497,full_service,4500,1991,owned,n/a,bank,direct_utility_meter,rtu_gas_heat,natural_gas,2020,R-410A,led,3,True,3,False,n/a,0,54,1
MNB-02812,Independence Branch,Independence,Tangipahoa Parish,LA,70443,30.65028,-90.55198,full_service,3900,1978,leased,full_gross,landlord,shared_unmetered,rtu_gas_heat,natural_gas,2023,R-410A,led,3,False,2,False,n/a,0,50,2
MNB-02813,Arnold Afb Branch,Arnold AFB,Coffee County,TN,37389,35.36079,-86.22053,in_store,830,2000,leased,modified_gross,bank,direct_utility_meter,host_building_system,unknown,,unknown,led,0,False,0,False,n/a,0,64,2
MNB-02814,Marks Branch,Marks,Quitman County,MS,38609,34.23158,-90.28838,full_service,4620,1988,leased,full_gross,landlord,shared_unmetered,rtu_electric_heat,electricity,2013,R-410A,fluorescent,4,False,0,False,n/a,0,50,3
MNB-02815,Hinsdale Branch,Hinsdale,Cheshire County,NH,03451,42.80111,-72.49986,full_service,4000,1973,owned,n/a,bank,direct_utility_meter,rtu_gas_heat,natural_gas,2014,R-410A,mixed,4,True,3,False,n/a,0,48,2
MNB-02816,Franklin Branch,Franklin,Hancock County,ME,04634,44.61143,-68.22731,in_store,620,1950,leased,modified_gross,bank,direct_utility_meter,host_building_system,unknown,,unknown,fluorescent,1,False,0,False,n/a,0,61,2
MNB-02817,East Lansing Branch,East Lansing,Ingham County,MI,48823,42.758,-84.45293,full_service,4060,1983,owned,n/a,bank,direct_utility_meter,boiler_with_split_ac,natural_gas,2010,R-410A,mixed,4,True,2,False,n/a,0,48,3
MNB-02818,La Quinta Branch,La Quinta,Riverside County,CA,92253,33.67357,-116.29899,full_service,4230,1997,leased,triple_net,bank,landlord_submeter,heat_pump,electricity,2003,R-22,led,3,False,3,False,n/a,0,48,1
MNB-02819,Freeburg Branch,Freeburg,Snyder County,PA,17827,40.77371,-76.92291,full_service,4120,2021,leased,modified_gross,bank,direct_utility_meter,rtu_gas_heat,natural_gas,2024,R-410A,mixed,3,True,2,False,n/a,0,54,1
MNB-02820,Tintah Branch,Tintah,Traverse County,MN,56583,46.02143,-96.3501,in_store,560,1975,leased,full_gross,landlord,landlord_submeter,host_building_system,unknown,,unknown,led,0,False,0,False,n/a,0,74,3
MNB-02821,Mill Valley Branch,Mill Valley,Marin County,CA,94941,37.88176,-122.51338,full_service,5280,1997,leased,modified_gross,bank,direct_utility_meter,split_ac_gas_furnace,natural_gas,2009,R-22,led,3,False,1,False,n/a,0,51,3
MNB-02822,Saint Petersburg Branch,Saint Petersburg,Pinellas County,FL,33730,27.77996,-82.65709,full_service,5380,2000,leased,triple_net,bank,direct_utility_meter,rtu_electric_heat,electricity,2003,R-22,led,4,True,0,False,n/a,0,45,1
MNB-02823,Sicklerville Branch,Sicklerville,Camden County,NJ,08081,39.73187,-74.97499,full_service,7170,2005,owned,n/a,bank,landlord_submeter,heat_pump,electricity,2005,R-22,led,1,True,2,False,n/a,0,43,3
MNB-02824,Blooming Prairie Branch,Blooming Prairie,Steele County,MN,55917,43.86751,-93.05232,in_store,550,1984,leased,modified_gross,bank,direct_utility_meter,host_building_system,unknown,,unknown,mixed,1,False,0,False,n/a,0,61,3
MNB-02825,Phoenix Branch #7,Phoenix,Maricopa County,AZ,85023,33.60686,-112.11426,full_service,5120,1962,owned,n/a,bank,direct_utility_meter,heat_pump,electricity,2006,R-22,mixed,1,True,3,False,n/a,0,51,2
MNB-02826,Melvin Branch,Melvin,Sanilac County,MI,48454,43.18078,-82.8398,full_service,2360,2021,owned,n/a,bank,direct_utility_meter,rtu_gas_heat,propane,2021,R-410A,led,3,True,3,False,n/a,0,44,1
MNB-02827,Boston Branch #3,Boston,Suffolk County,MA,02210,42.35527,-71.05055,express,2210,2022,leased,triple_net,bank,direct_utility_meter,heat_pump,electricity,2023,R-410A,led,3,True,0,False,n/a,0,53,2
MNB-02828,Monticello Branch,Monticello,Wayne County,KY,42633,36.86877,-84.81794,express,1250,1992,leased,triple_net,bank,direct_utility_meter,rtu_gas_heat,natural_gas,2016,R-410A,led,2,True,0,False,n/a,0,47,1
MNB-02829,Walnut Creek Branch,Walnut Creek,Contra Costa County,CA,94597,37.92041,-122.08034,full_service,3120,2001,owned,n/a,bank,direct_utility_meter,heat_pump,electricity,2002,R-22,led,3,True,2,False,n/a,0,46,1
MNB-02830,Lakewood Branch #2,Lakewood,Los Angeles County,CA,90713,33.87071,-118.11379,full_service,4640,1954,leased,triple_net,bank,direct_utility_meter,rtu_gas_heat,propane,2000,R-22,led,4,False,1,False,n/a,0,52,1
MNB-02831,Kansas City Branch #3,Kansas City,Jackson County,MO,64136,39.00347,-94.42906,full_service,3480,1956,owned,n/a,bank,direct_utility_meter,rtu_gas_heat,natural_gas,2011,R-410A,led,4,False,0,False,n/a,0,49,1
MNB-02832,Pinopolis Branch,Pinopolis,Berkeley County,SC,29469,33.22377,-80.01912,in_store,530,1960,leased,full_gross,landlord,landlord_submeter,host_building_system,unknown,,unknown,fluorescent,0,False,0,False,n/a,0,68,1
MNB-02833,Pioneer Branch,Pioneer,Amador County,CA,95666,38.43555,-120.57455,full_service,3630,2011,leased,triple_net,bank,direct_utility_meter,rtu_gas_heat,natural_gas,2011,R-410A,mixed,2,True,2,False,n/a,0,48,1
MNB-02834,Reno Branch #4,Reno,Washoe County,NV,89512,39.53946,-119.79023,express,2160,1975,leased,triple_net,bank,direct_utility_meter,split_ac_gas_furnace,natural_gas,2013,R-410A,mixed,3,False,0,False,n/a,0,54,1
MNB-02835,Queen Creek Branch,Queen Creek,Pinal County,AZ,85144,33.19144,-111.51051,drive_thru_only,790,1971,owned,n/a,bank,direct_utility_meter,heat_pump,electricity,2000,R-22,mixed,1,False,2,False,n/a,0,53,1
MNB-02836,Valley Village Branch,Valley Village,Los Angeles County,CA,91607,34.148,-118.3953,full_service,4130,1951,owned,n/a,bank,direct_utility_meter,split_ac_gas_furnace,natural_gas,2015,R-410A,mixed,4,False,2,False,n/a,0,54,2
MNB-02837,Griffithville Branch,Griffithville,White County,AR,72060,35.13132,-91.60687,full_service,3740,1953,leased,triple_net,bank,direct_utility_meter,heat_pump,electricity,2024,R-410A,mixed,1,False,2,False,n/a,0,48,1
MNB-02838,New Castle Branch,New Castle,Garfield County,CO,81647,39.56272,-107.5577,express,2200,1989,leased,triple_net,bank,direct_utility_meter,rtu_gas_heat,natural_gas,1998,R-22,mixed,3,True,0,False,n/a,0,52,1
MNB-02839,Due West Branch,Due West,Abbeville County,SC,29639,34.35878,-82.37143,in_store,800,1999,leased,full_gross,landlord,shared_unmetered,host_building_system,unknown,,unknown,led,0,False,0,False,n/a,0,63,3
MNB-02840,Milwaukee Branch #2,Milwaukee,Milwaukee County,WI,53209,43.11841,-87.93475,in_store,410,2001,leased,modified_gross,bank,direct_utility_meter,host_building_system,unknown,,unknown,led,1,False,0,False,n/a,0,74,1
MNB-02841,Indianapolis Branch #6,Indianapolis,Marion County,IN,46282,39.79184,-86.13029,full_service,5740,1993,leased,triple_net,bank,direct_utility_meter,rtu_gas_heat,natural_gas,2017,R-410A,mixed,1,True,2,False,n/a,0,48,1
MNB-02842,New York Branch #13,New York,New York County,NY,10281,40.71396,-73.9979,in_store,550,1993,leased,full_gross,landlord,shared_unmetered,host_building_system,unknown,,unknown,led,0,False,0,False,n/a,0,64,3
MNB-02843,Sheffield Branch,Sheffield,Warren County,PA,16347,41.70013,-79.04882,drive_thru_only,1060,2011,leased,triple_net,bank,direct_utility_meter,split_ac_gas_furnace,natural_gas,2023,R-410A,led,3,True,3,False,n/a,0,54,3
MNB-02844,Glendo Branch,Glendo,Platte County,WY,82213,42.49339,-105.00346,express,1420,1980,leased,triple_net,bank,direct_utility_meter,rtu_gas_heat,natural_gas,2009,R-22,fluorescent,4,False,0,False,n/a,0,50,1
MNB-02845,Brownsburg Branch,Brownsburg,Hendricks County,IN,46112,39.84803,-86.36957,full_service,4690,1976,owned,n/a,bank,direct_utility_meter,split_ac_gas_furnace,natural_gas,2015,R-410A,fluorescent,1,False,0,False,n/a,0,53,1
MNB-02846,Bremond Branch,Bremond,Robertson County,TX,76629,31.15982,-96.6921,full_service,8000,2017,owned,n/a,bank,direct_utility_meter,rtu_gas_heat,natural_gas,2017,R-410A,led,1,False,0,False,n/a,0,53,1
MNB-02847,Warren Branch,Warren,Trumbull County,OH,44483,41.25449,-80.80967,full_service,4360,2008,owned,n/a,bank,direct_utility_meter,rtu_gas_heat,natural_gas,2024,R-410A,fluorescent,1,False,3,False,n/a,0,48,1
MNB-02848,Fellsmere Branch,Fellsmere,Indian River County,FL,32948,27.7628,-80.59551,in_store,570,1994,leased,full_gross,landlord,landlord_submeter,host_building_system,unknown,,unknown,led,0,False,0,False,n/a,0,69,2
MNB-02849,Enola Branch,Enola,Faulkner County,AR,72047,35.20138,-92.18867,express,1690,1979,owned,n/a,bank,landlord_submeter,rtu_electric_heat,electricity,2001,R-22,fluorescent,2,False,0,False,n/a,0,52,1
MNB-02850,Dillsboro Branch,Dillsboro,Dearborn County,IN,47018,39.0238,-85.074,full_service,2700,1966,owned,n/a,bank,direct_utility_meter,split_ac_gas_furnace,natural_gas,2020,R-410A,fluorescent,1,True,0,False,n/a,0,43,3
MNB-02851,Tabor City Branch,Tabor City,Columbus County,NC,28463,34.12222,-78.80388,full_service,6480,1955,owned,n/a,bank,landlord_submeter,split_ac_gas_furnace,natural_gas,2009,R-22,led,2,True,2,False,n/a,0,53,1
MNB-02852,Port Saint Lucie Branch #2,Port Saint Lucie,St. Lucie County,FL,34986,27.34004,-80.40971,full_service,4610,2017,leased,triple_net,bank,direct_utility_meter,rtu_gas_heat,natural_gas,2017,R-410A,led,3,True,2,True,diesel,0,49,1
MNB-02853,Holland Branch,Holland,Pipestone County,MN,56139,44.07355,-96.19566,full_service,3060,2002,leased,triple_net,bank,direct_utility_meter,split_ac_gas_furnace,natural_gas,2008,R-22,mixed,2,False,3,False,n/a,0,44,1
MNB-02854,Old Chatham Branch,Old Chatham,Columbia County,NY,12136,42.43881,-73.56916,drive_thru_only,770,1956,owned,n/a,bank,direct_utility_meter,split_ac_gas_furnace,natural_gas,2005,R-22,mixed,4,True,1,False,n/a,0,47,1
MNB-02855,New Orleans Branch #5,New Orleans,Orleans Parish,LA,70117,29.95444,-90.04425,full_service,4210,1969,owned,n/a,bank,direct_utility_meter,rtu_gas_heat,natural_gas,2004,R-22,led,3,False,0,False,n/a,0,45,3
MNB-02856,Lake Havasu City Branch,Lake Havasu City,Mohave County,AZ,86404,34.55214,-114.32586,full_service,5550,1980,leased,modified_gross,bank,direct_utility_meter,split_ac_gas_furnace,natural_gas,1998,R-22,led,1,False,3,False,n/a,0,49,2
MNB-02857,Oxnard Branch,Oxnard,Ventura County,CA,93030,34.21663,-119.18835,express,1340,1978,leased,modified_gross,landlord,landlord_submeter,rtu_gas_heat,propane,2000,R-22,fluorescent,2,True,0,False,n/a,0,45,3
MNB-02858,Watton Branch,Watton,Baraga County,MI,49970,46.56033,-88.59602,full_service,5860,1999,owned,n/a,bank,landlord_submeter,rtu_gas_heat,natural_gas,2008,R-22,mixed,3,False,2,False,n/a,0,53,1
MNB-02859,Boaz Branch,Boaz,Marshall County,AL,35957,34.19476,-86.20206,full_service,4080,1989,leased,triple_net,bank,landlord_submeter,split_ac_gas_furnace,natural_gas,2018,R-410A,mixed,2,False,3,False,n/a,0,53,1
MNB-02860,Anchorage Branch #3,Anchorage,Anchorage Municipality,AK,99507,61.1622,-149.78786,full_service,3170,2018,leased,modified_gross,landlord,shared_unmetered,rtu_gas_heat,natural_gas,2018,R-410A,led,3,False,2,False,n/a,0,52,3
MNB-02861,Little Orleans Branch,Little Orleans,Allegany County,MD,21766,39.69529,-78.38443,full_service,3650,2010,owned,n/a,bank,landlord_submeter,rtu_gas_heat,natural_gas,2016,R-410A,led,3,True,1,False,n/a,0,48,1
MNB-02862,Biggs Branch,Biggs,Butte County,CA,95917,39.43573,-121.71486,full_service,7090,2020,leased,modified_gross,bank,landlord_submeter,split_ac_gas_furnace,natural_gas,2020,R-410A,mixed,3,True,3,True,diesel,0,42,1
MNB-02863,Mobile Branch #2,Mobile,Mobile County,AL,36617,30.71379,-88.09513,in_store,450,2017,leased,modified_gross,bank,direct_utility_meter,host_building_system,unknown,,unknown,led,1,False,0,False,n/a,0,62,1
MNB-02864,Saint Jacob Branch,Saint Jacob,Madison County,IL,62281,38.73458,-89.79209,full_service,3370,2021,owned,n/a,bank,direct_utility_meter,rtu_gas_heat,natural_gas,2021,R-410A,led,3,True,1,False,n/a,0,43,3
MNB-02865,Cedar Key Branch,Cedar Key,Levy County,FL,32625,29.16518,-83.00845,in_store,820,2024,leased,full_gross,landlord,shared_unmetered,host_building_system,unknown,,unknown,led,0,False,0,False,n/a,0,65,3
MNB-02866,East Elmhurst Branch #2,East Elmhurst,Queens County,NY,11369,40.7521,-73.86091,full_service,4480,1982,leased,modified_gross,landlord,landlord_submeter,boiler_with_split_ac,natural_gas,2006,R-22,led,3,False,3,False,n/a,0,50,3
MNB-02867,Fresno Branch #7,Fresno,Fresno County,CA,93721,36.72318,-119.78802,full_service,3310,1973,leased,triple_net,bank,direct_utility_meter,rtu_gas_heat,natural_gas,2016,R-410A,fluorescent,3,True,3,False,n/a,0,44,1
MNB-02868,Sarasota Branch,Sarasota,Sarasota County,FL,34242,27.28457,-82.55233,full_service,5600,1969,leased,triple_net,bank,direct_utility_meter,rtu_electric_heat,electricity,2021,R-410A,fluorescent,4,False,0,False,n/a,0,49,1
MNB-02869,North Brookfield Branch,North Brookfield,Madison County,NY,13418,42.85993,-75.38059,full_service,5690,2004,leased,triple_net,bank,direct_utility_meter,rtu_gas_heat,natural_gas,2015,R-410A,mixed,4,True,0,False,n/a,0,53,1
MNB-02870,Suisun City Branch,Suisun City,Solano County,CA,94585,38.15159,-121.93945,full_service,4630,2007,leased,triple_net,bank,direct_utility_meter,rtu_gas_heat,natural_gas,2024,R-410A,mixed,1,True,0,False,n/a,0,44,1
MNB-02871,Austin Branch #2,Austin,Travis County,TX,78731,30.36209,-97.77843,in_store,550,1961,leased,full_gross,landlord,landlord_submeter,host_building_system,unknown,,unknown,led,1,False,0,False,n/a,0,62,3
MNB-02872,Waverly Hall Branch,Waverly Hall,Harris County,GA,31831,32.68755,-84.75319,full_service,3660,2015,leased,triple_net,bank,direct_utility_meter,heat_pump,electricity,2015,R-410A,fluorescent,1,False,2,False,n/a,0,42,3
MNB-02873,Coalport Branch,Coalport,Clearfield County,PA,16627,40.77389,-78.54383,in_store,690,2013,leased,full_gross,landlord,shared_unmetered,host_building_system,unknown,,unknown,mixed,1,False,0,False,n/a,0,76,3
MNB-02874,Industry Branch,Industry,Austin County,TX,78944,29.97183,-96.48679,full_service,2830,2004,leased,full_gross,landlord,shared_unmetered,rtu_electric_heat,electricity,2010,R-410A,mixed,4,False,1,False,n/a,0,45,3
MNB-02875,Huron Branch,Huron,Henderson County,TN,38345,35.61122,-88.52863,full_service,6250,1992,leased,full_gross,landlord,shared_unmetered,rtu_gas_heat,natural_gas,2022,R-410A,led,4,True,2,False,n/a,0,47,2
MNB-02876,Brooklyn Branch #4,Brooklyn,Kings County,NY,11208,40.67065,-73.86512,full_service,6990,1968,leased,triple_net,bank,direct_utility_meter,boiler_with_split_ac,fuel_oil,2000,R-22,mixed,1,False,1,True,diesel,0,45,1
MNB-02877,Hobucken Branch,Hobucken,Pamlico County,NC,28537,35.22812,-76.58886,full_service,3910,1996,owned,n/a,bank,direct_utility_meter,heat_pump,electricity,2024,R-410A,mixed,2,True,1,False,n/a,0,52,1
MNB-02878,Florence Branch,Florence,Marion County,KS,66851,38.25422,-96.95356,in_store,710,1969,leased,full_gross,landlord,landlord_submeter,host_building_system,unknown,,unknown,led,1,False,0,False,n/a,0,60,2
MNB-02879,Bethany Branch,Bethany,Caddo Parish,LA,71007,32.36296,-94.00741,drive_thru_only,1340,2003,owned,n/a,bank,direct_utility_meter,rtu_gas_heat,natural_gas,2006,R-22,led,3,False,2,False,n/a,0,54,2
MNB-02880,Dahlgren Branch,Dahlgren,King George County,VA,22448,38.34638,-77.04501,full_service,7550,1982,owned,n/a,bank,direct_utility_meter,rtu_gas_heat,natural_gas,2001,R-22,mixed,2,True,3,False,n/a,0,54,1
MNB-02881,Linden Branch,Linden,Iowa County,WI,53553,42.94672,-90.29716,full_service,6700,1977,leased,full_gross,landlord,landlord_submeter,split_ac_gas_furnace,natural_gas,2013,R-410A,fluorescent,4,True,1,True,diesel,0,54,1
MNB-02882,Troutman Branch,Troutman,Iredell County,NC,28166,35.68206,-80.88948,in_store,420,1992,leased,full_gross,landlord,shared_unmetered,host_building_system,unknown,,unknown,led,1,False,0,False,n/a,0,62,1
MNB-02883,Saint Jo Branch,Saint Jo,Montague County,TX,76265,33.73895,-97.56161,full_service,3820,2001,owned,n/a,bank,direct_utility_meter,split_ac_gas_furnace,natural_gas,2008,R-22,fluorescent,2,True,2,True,diesel,0,42,1
MNB-02884,Oxford Branch,Oxford,Adams County,WI,53952,43.78132,-89.56792,full_service,4880,1987,leased,full_gross,landlord,landlord_submeter,split_ac_gas_furnace,natural_gas,2015,R-410A,mixed,2,True,0,False,n/a,0,44,3
MNB-02885,Saint Paul Branch #2,Saint Paul,Dakota County,MN,55124,44.75835,-93.20018,full_service,3620,2023,owned,n/a,bank,direct_utility_meter,rtu_gas_heat,natural_gas,2023,R-410A,mixed,4,True,2,False,n/a,0,45,1
MNB-02886,Kaufman Branch,Kaufman,Kaufman County,TX,75142,32.5392,-96.29314,full_service,7170,1950,owned,n/a,bank,direct_utility_meter,split_ac_gas_furnace,natural_gas,2007,R-22,led,2,False,3,False,n/a,56,50,2
MNB-02887,Lordsburg Branch,Lordsburg,Hidalgo County,NM,88045,32.34163,-108.76887,express,2700,2020,leased,triple_net,bank,direct_utility_meter,heat_pump,electricity,2020,R-410A,led,3,False,0,False,n/a,0,49,2
MNB-02888,Moorhead Branch,Moorhead,Clay County,MN,56560,46.88039,-96.75134,full_service,3280,1950,owned,n/a,bank,direct_utility_meter,split_ac_gas_furnace,natural_gas,2000,R-22,fluorescent,4,False,2,False,n/a,0,52,3
MNB-02889,Reading Branch,Reading,Middlesex County,MA,01867,42.53254,-71.11869,full_service,4000,1974,owned,n/a,bank,direct_utility_meter,split_ac_gas_furnace,natural_gas,2012,R-410A,led,1,False,0,False,n/a,0,50,1
MNB-02890,Bushnell Branch,Bushnell,McDonough County,IL,61422,40.52936,-90.50487,in_store,530,2024,leased,full_gross,landlord,landlord_submeter,host_building_system,unknown,,unknown,led,0,False,0,False,n/a,0,74,3
MNB-02891,Ray Branch,Ray,Williams County,ND,58849,48.307,-103.16391,full_service,3960,2010,owned,n/a,bank,direct_utility_meter,rtu_gas_heat,propane,2024,R-410A,led,4,False,2,False,n/a,0,53,1
MNB-02892,Natoma Branch,Natoma,Osborne County,KS,67651,39.21931,-98.96832,in_store,610,2005,leased,full_gross,landlord,shared_unmetered,host_building_system,unknown,,unknown,led,1,False,0,False,n/a,0,77,3
MNB-02893,Kountze Branch,Kountze,Hardin County,TX,77625,30.37512,-94.3331,full_service,5590,2010,leased,triple_net,bank,direct_utility_meter,heat_pump,electricity,2010,R-410A,mixed,1,True,3,False,n/a,0,48,1
MNB-02894,Clarksville Branch,Clarksville,Albany County,NY,12041,42.56675,-73.95479,full_service,3210,1990,leased,full_gross,landlord,landlord_submeter,split_ac_gas_furnace,natural_gas,2002,R-22,fluorescent,4,False,3,True,diesel,0,45,3
MNB-02895,Raleigh Branch #4,Raleigh,Wake County,NC,27601,35.77066,-78.6319,full_service,2200,2013,owned,n/a,bank,direct_utility_meter,heat_pump,electricity,2021,R-410A,led,2,False,0,True,diesel,0,53,1
MNB-02896,Middlefield Branch,Middlefield,Geauga County,OH,44062,41.44566,-81.0194,full_service,2590,1968,owned,n/a,bank,direct_utility_meter,rtu_gas_heat,natural_gas,2022,R-410A,mixed,3,False,3,False,n/a,0,51,2
MNB-02897,Stockton Branch #3,Stockton,San Joaquin County,CA,95207,38.01123,-121.30831,full_service,3080,2014,leased,modified_gross,landlord,shared_unmetered,rtu_gas_heat,natural_gas,2019,R-410A,mixed,2,False,3,False,n/a,0,51,1
MNB-02898,Oil City Branch,Oil City,Venango County,PA,16301,41.4156,-79.68924,in_store,550,2021,leased,modified_gross,bank,direct_utility_meter,host_building_system,unknown,,unknown,led,1,False,0,False,n/a,0,69,1
MNB-02899,Garrison Branch,Garrison,Benton County,IA,52229,42.14871,-92.16755,in_store,680,2017,leased,full_gross,landlord,shared_unmetered,host_building_system,unknown,,unknown,led,0,False,0,False,n/a,0,71,3
MNB-02900,Tucson Branch #6,Tucson,Pima County,AZ,85741,32.35048,-111.03582,in_store,490,2011,leased,full_gross,landlord,shared_unmetered,host_building_system,unknown,,unknown,mixed,1,False,0,False,n/a,0,76,3
MNB-02901,Trenton Branch #2,Trenton,Mercer County,NJ,08611,40.2159,-74.74507,full_service,2920,2006,leased,modified_gross,landlord,shared_unmetered,rtu_gas_heat,natural_gas,2006,R-22,mixed,1,True,0,False,n/a,0,49,3
MNB-02902,Corsica Branch,Corsica,Jefferson County,PA,15829,41.18306,-79.17744,flagship,9650,1997,owned,n/a,bank,direct_utility_meter,heat_pump,electricity,2006,R-22,led,4,True,0,True,diesel,0,53,2
MNB-02903,Bronwood Branch,Bronwood,Terrell County,GA,39826,31.81605,-84.36306,full_service,3000,1989,leased,triple_net,bank,direct_utility_meter,rtu_electric_heat,electricity,2023,R-410A,mixed,2,False,0,False,n/a,0,51,1
MNB-02904,Westport Branch,Westport,Carroll County,TN,38387,35.88879,-88.29407,drive_thru_only,870,2018,leased,full_gross,landlord,landlord_submeter,heat_pump,electricity,2018,R-410A,led,1,False,1,False,n/a,0,54,3
MNB-02905,Millville Branch,Millville,Shasta County,CA,96062,40.5784,-122.11662,in_store,550,2005,leased,modified_gross,bank,direct_utility_meter,host_building_system,unknown,,unknown,fluorescent,1,False,0,False,n/a,0,63,1
MNB-02906,Lineville Branch,Lineville,Clay County,AL,36266,33.33444,-85.74916,full_service,5160,1991,leased,full_gross,landlord,shared_unmetered,heat_pump,electricity,1998,R-22,mixed,4,False,1,True,diesel,0,52,3
MNB-02907,Houston Branch #14,Houston,Harris County,TX,77071,29.65347,-95.51092,full_service,3120,2013,owned,n/a,bank,direct_utility_meter,rtu_gas_heat,propane,2016,R-410A,mixed,3,True,0,False,n/a,0,45,1
MNB-02908,Richton Branch,Richton,Perry County,MS,39476,31.34225,-88.91994,in_store,590,1957,leased,full_gross,landlord,shared_unmetered,host_building_system,unknown,,unknown,led,0,False,0,False,n/a,0,73,3
MNB-02909,Las Vegas Branch #8,Las Vegas,Clark County,NV,89118,36.07108,-115.20372,in_store,560,2015,leased,full_gross,landlord,shared_unmetered,host_building_system,unknown,,unknown,led,0,False,0,False,n/a,0,61,3
MNB-02910,Mariposa Branch,Mariposa,Mariposa County,CA,95338,37.49224,-119.93742,full_service,5350,2015,owned,n/a,bank,direct_utility_meter,heat_pump,electricity,2015,R-410A,led,4,False,1,False,n/a,0,45,1
MNB-02911,Pemberville Branch,Pemberville,Wood County,OH,43450,41.41742,-83.47207,drive_thru_only,960,1975,leased,modified_gross,bank,direct_utility_meter,rtu_gas_heat,natural_gas,2003,R-22,led,3,False,1,False,n/a,46,50,1
MNB-02912,Scottsdale Branch #4,Scottsdale,Maricopa County,AZ,85259,33.58647,-111.8266,full_service,5750,1955,owned,n/a,bank,direct_utility_meter,heat_pump,electricity,2024,R-410A,led,4,True,0,True,diesel,0,49,2
MNB-02913,Center Branch,Center,Ralls County,MO,63436,39.50472,-91.56563,full_service,2970,2009,owned,n/a,bank,direct_utility_meter,rtu_gas_heat,natural_gas,2024,R-410A,led,3,True,2,False,n/a,0,48,1
MNB-02914,Saint Charles Branch,Saint Charles,Kane County,IL,60174,41.91349,-88.28278,in_store,640,1973,leased,full_gross,landlord,shared_unmetered,host_building_system,unknown,,unknown,fluorescent,1,False,0,False,n/a,0,71,1
MNB-02915,Riddleton Branch,Riddleton,Smith County,TN,37151,36.35301,-86.0386,drive_thru_only,860,2024,leased,modified_gross,bank,landlord_submeter,heat_pump,electricity,2024,R-410A,led,2,True,3,False,n/a,0,45,1
MNB-02916,Walker Branch,Walker,Cass County,MN,56484,47.08322,-94.58301,full_service,2900,1951,owned,n/a,bank,direct_utility_meter,rtu_gas_heat,natural_gas,2001,R-22,led,2,False,3,False,n/a,0,49,1
MNB-02917,Blaine Branch,Blaine,Grainger County,TN,37709,36.16412,-83.67144,full_service,4110,1975,leased,modified_gross,bank,direct_utility_meter,heat_pump,electricity,2011,R-410A,mixed,4,True,0,True,diesel,0,50,1
MNB-02918,Hartstown Branch,Hartstown,Crawford County,PA,16131,41.55717,-80.37259,full_service,7060,1955,leased,modified_gross,landlord,shared_unmetered,rtu_gas_heat,natural_gas,2020,R-410A,led,3,True,3,False,n/a,0,48,3
MNB-02919,Mooreville Branch,Mooreville,Lee County,MS,38857,34.29147,-88.59171,full_service,3250,2013,leased,triple_net,bank,direct_utility_meter,rtu_gas_heat,natural_gas,2013,R-410A,led,1,False,2,True,diesel,0,51,2
MNB-02920,Loma Linda Branch,Loma Linda,San Bernardino County,CA,92354,34.06988,-117.23933,full_service,4040,2001,owned,n/a,bank,landlord_submeter,heat_pump,electricity,2019,R-410A,fluorescent,1,False,0,False,n/a,0,43,1
MNB-02921,Lake Providence Branch,Lake Providence,East Carroll Parish,LA,71254,32.81905,-91.18437,full_service,2830,2017,owned,n/a,bank,direct_utility_meter,heat_pump,electricity,2024,R-410A,led,2,False,0,False,n/a,31,49,3
MNB-02922,Tahuya Branch,Tahuya,Mason County,WA,98588,47.43339,-123.00207,in_store,450,2023,leased,full_gross,landlord,shared_unmetered,host_building_system,unknown,,unknown,led,1,False,0,False,n/a,0,74,2
MNB-02923,Grantsville Branch,Grantsville,Tooele County,UT,84029,40.58966,-112.45553,full_service,3310,2003,leased,full_gross,landlord,landlord_submeter,rtu_gas_heat,propane,2006,R-22,led,2,False,0,True,diesel,0,44,2
MNB-02924,Gadsden Branch,Gadsden,Crockett County,TN,38337,35.77899,-88.96932,full_service,3660,1975,leased,full_gross,landlord,shared_unmetered,rtu_gas_heat,natural_gas,2004,R-22,mixed,2,False,2,False,n/a,0,46,3
MNB-02925,Hawk Run Branch,Hawk Run,Clearfield County,PA,16840,40.91759,-78.19289,full_service,3710,1962,leased,triple_net,bank,landlord_submeter,rtu_gas_heat,natural_gas,2011,R-410A,mixed,3,False,0,False,n/a,0,54,1
MNB-02926,Malone Branch,Malone,Hill County,TX,76660,31.91034,-96.91237,full_service,3920,2018,leased,modified_gross,bank,direct_utility_meter,heat_pump,electricity,2018,R-410A,led,4,False,3,False,n/a,0,48,1
MNB-02927,Barre Branch,Barre,Worcester County,MA,01005,42.4044,-72.07707,full_service,2560,1977,leased,full_gross,landlord,shared_unmetered,rtu_gas_heat,natural_gas,2010,R-410A,mixed,4,True,2,False,n/a,0,51,3
MNB-02928,Buffalo Branch #5,Buffalo,Erie County,NY,14207,42.94341,-78.90469,full_service,3480,2019,leased,full_gross,landlord,landlord_submeter,rtu_gas_heat,natural_gas,2019,R-410A,led,1,False,2,False,n/a,0,51,2
MNB-02929,Sheppard Afb Branch,Sheppard AFB,Wichita County,TX,76311,33.97664,-98.48595,full_service,4880,2018,leased,modified_gross,bank,direct_utility_meter,rtu_gas_heat,natural_gas,2018,R-410A,led,4,False,0,True,diesel,0,45,1
MNB-02930,Fort Lauderdale Branch #5,Fort Lauderdale,Broward County,FL,33328,26.06331,-80.27198,full_service,2790,2004,owned,n/a,bank,direct_utility_meter,rtu_electric_heat,electricity,2019,R-410A,mixed,1,False,3,False,n/a,0,50,1
MNB-02931,Folsom Branch,Folsom,St. Tammany Parish,LA,70437,30.62864,-90.17517,full_service,3770,2003,owned,n/a,bank,direct_utility_meter,heat_pump,electricity,2021,R-410A,fluorescent,1,True,2,False,n/a,0,46,1
MNB-02932,Citra Branch,Citra,Marion County,FL,32113,29.39419,-82.11446,express,1930,2022,leased,triple_net,bank,direct_utility_meter,rtu_electric_heat,electricity,2022,R-410A,mixed,2,False,0,False,n/a,0,53,3
MNB-02933,Orlando Branch #5,Orlando,Orange County,FL,32833,28.53846,-81.06279,full_service,3320,2012,leased,modified_gross,bank,direct_utility_meter,rtu_electric_heat,electricity,2012,R-410A,fluorescent,2,True,3,True,diesel,0,54,2
MNB-02934,Hialeah Branch,Hialeah,Miami-Dade County,FL,33010,25.83455,-80.28384,full_service,4650,2007,owned,n/a,bank,direct_utility_meter,heat_pump,electricity,2023,R-410A,fluorescent,1,False,1,False,n/a,0,46,1
MNB-02935,Palestine Branch,Palestine,Crawford County,IL,62451,38.99932,-87.59675,full_service,2660,1992,leased,full_gross,landlord,shared_unmetered,rtu_gas_heat,natural_gas,2020,R-410A,led,3,False,1,False,n/a,0,45,3
MNB-02936,Cuyahoga Falls Branch,Cuyahoga Falls,Summit County,OH,44221,41.14015,-81.47374,full_service,5480,1995,leased,triple_net,bank,direct_utility_meter,rtu_gas_heat,natural_gas,2018,R-410A,mixed,4,False,3,False,n/a,0,46,3
MNB-02937,Beatty Branch,Beatty,Klamath County,OR,97621,42.43998,-121.20877,full_service,4680,1988,leased,triple_net,bank,direct_utility_meter,rtu_gas_heat,natural_gas,2007,R-22,mixed,3,True,3,False,n/a,0,51,2
MNB-02938,Lansing Branch,Lansing,Ashe County,NC,28643,36.52282,-81.55287,in_store,650,2022,leased,full_gross,landlord,shared_unmetered,host_building_system,unknown,,unknown,mixed,1,False,0,False,n/a,0,63,3
MNB-02939,San Jose Branch #6,San Jose,Santa Clara County,CA,95132,37.42802,-121.85953,full_service,5880,2005,owned,n/a,bank,direct_utility_meter,split_ac_gas_furnace,natural_gas,2016,R-410A,fluorescent,4,True,2,False,n/a,0,47,1
MNB-02940,Amity Branch,Amity,DeKalb County,MO,64422,39.87356,-94.50867,full_service,3800,2013,leased,modified_gross,bank,direct_utility_meter,rtu_gas_heat,natural_gas,2017,R-410A,led,3,False,0,True,diesel,0,43,2
MNB-02941,Saraland Branch,Saraland,Mobile County,AL,36571,30.84351,-88.09072,full_service,3480,1955,leased,triple_net,bank,direct_utility_meter,rtu_gas_heat,natural_gas,2004,R-22,mixed,2,True,0,False,n/a,0,47,1
MNB-02942,Santa Clarita Branch #2,Santa Clarita,Los Angeles County,CA,91383,34.39419,-118.53107,full_service,6330,2017,leased,full_gross,landlord,landlord_submeter,rtu_gas_heat,natural_gas,2017,R-410A,mixed,2,True,1,False,n/a,0,43,3
MNB-02943,West Hills Branch,West Hills,Los Angeles County,CA,91307,34.17745,-118.64329,express,2800,1990,leased,modified_gross,landlord,shared_unmetered,rtu_gas_heat,natural_gas,1999,R-22,led,4,True,0,False,n/a,0,50,2
MNB-02944,Nederland Branch,Nederland,Boulder County,CO,80466,39.97955,-105.48071,full_service,3410,2011,owned,n/a,bank,direct_utility_meter,rtu_gas_heat,natural_gas,2011,R-410A,led,4,False,1,False,n/a,0,53,1
MNB-02945,Prattville Branch,Prattville,Autauga County,AL,36067,32.48671,-86.46893,full_service,4050,1955,leased,full_gross,landlord,landlord_submeter,heat_pump,electricity,2010,R-410A,led,1,True,1,False,n/a,0,44,2
MNB-02946,Rancho Cordova Branch #2,Rancho Cordova,Sacramento County,CA,95670,38.59691,-121.30344,full_service,5740,2019,owned,n/a,bank,direct_utility_meter,split_ac_gas_furnace,natural_gas,2019,R-410A,led,4,True,1,False,n/a,0,54,1
MNB-02947,Kingsburg Branch,Kingsburg,Fresno County,CA,93631,36.50789,-119.53623,full_service,4100,2006,leased,full_gross,landlord,shared_unmetered,rtu_gas_heat,natural_gas,2006,R-22,mixed,2,True,3,False,n/a,0,53,3
MNB-02948,Bidwell Branch,Bidwell,Gallia County,OH,45614,38.9069,-82.27411,full_service,5020,1993,owned,n/a,bank,direct_utility_meter,rtu_gas_heat,natural_gas,2006,R-22,led,4,False,1,False,n/a,0,43,1
MNB-02949,Cleveland Branch,Cleveland,Montgomery County,TX,77328,30.38119,-95.20495,full_service,5300,1982,owned,n/a,bank,direct_utility_meter,rtu_electric_heat,electricity,2021,R-410A,fluorescent,1,True,1,False,n/a,0,47,1
MNB-02950,Evanston Branch,Evanston,Cook County,IL,60202,42.04278,-87.68246,full_service,3540,1982,leased,triple_net,bank,direct_utility_meter,rtu_gas_heat,natural_gas,2003,R-22,mixed,2,True,3,False,n/a,0,42,1
MNB-02951,Round Mountain Branch,Round Mountain,Blanco County,TX,78663,30.4373,-98.42177,full_service,4760,1982,owned,n/a,bank,direct_utility_meter,heat_pump,electricity,2015,R-410A,led,3,False,1,True,diesel,0,45,1
MNB-02952,Salinas Branch,Salinas,Monterey County,CA,93906,36.69699,-121.63133,full_service,4190,1966,owned,n/a,bank,direct_utility_meter,heat_pump,electricity,2017,R-410A,mixed,2,True,3,False,n/a,0,45,1
MNB-02953,Weir Branch,Weir,Choctaw County,MS,39772,33.26725,-89.28202,full_service,2910,1994,leased,triple_net,bank,direct_utility_meter,heat_pump,electricity,2014,R-410A,led,1,True,2,False,n/a,0,43,1
MNB-02954,Stronghurst Branch,Stronghurst,Henderson County,IL,61480,40.74603,-90.91519,full_service,3120,1993,owned,n/a,bank,direct_utility_meter,split_ac_gas_furnace,natural_gas,2020,R-410A,led,1,False,3,False,n/a,0,52,1
MNB-02955,Curtice Branch,Curtice,Lucas County,OH,43412,41.64205,-83.27538,drive_thru_only,840,1990,owned,n/a,bank,direct_utility_meter,boiler_with_split_ac,natural_gas,2005,R-22,mixed,4,True,3,False,n/a,0,50,2
MNB-02956,Defuniak Springs Branch,Defuniak Springs,Walton County,FL,32433,30.85827,-86.20335,full_service,5540,2009,leased,triple_net,bank,landlord_submeter,split_ac_gas_furnace,natural_gas,2009,R-22,led,4,True,2,False,n/a,0,51,1
MNB-02957,Concord Branch,Concord,Contra Costa County,CA,94521,37.94356,-121.98332,flagship,20560,1990,owned,n/a,bank,direct_utility_meter,rtu_gas_heat,natural_gas,2002,R-22,fluorescent,3,True,0,True,diesel,0,58,1
MNB-02958,Montgomery Branch,Montgomery,Montgomery County,AL,36113,32.37374,-86.31152,express,2170,1961,leased,triple_net,bank,landlord_submeter,rtu_gas_heat,natural_gas,2009,R-22,fluorescent,4,False,0,False,n/a,0,54,1
MNB-02959,Eaton Branch,Eaton,Preble County,OH,45320,39.74445,-84.64075,full_service,4790,2017,owned,n/a,bank,landlord_submeter,rtu_gas_heat,natural_gas,2017,R-410A,led,4,True,3,False,n/a,0,42,2
MNB-02960,Scottsdale Branch #5,Scottsdale,Maricopa County,AZ,85266,33.77853,-111.91871,full_service,4750,1991,owned,n/a,bank,direct_utility_meter,rtu_electric_heat,electricity,2014,R-410A,led,1,False,0,False,n/a,0,54,2
MNB-02961,Windsor Branch,Windsor,Broome County,NY,13865,42.09076,-75.65305,drive_thru_only,1070,2006,owned,n/a,bank,direct_utility_meter,heat_pump,electricity,2021,R-410A,fluorescent,3,True,0,False,n/a,0,48,1
MNB-02962,Smithville Branch,Smithville,Lee County,GA,31787,31.87672,-84.24732,full_service,4740,2021,leased,triple_net,bank,landlord_submeter,rtu_electric_heat,electricity,2021,R-410A,fluorescent,2,False,1,True,diesel,0,46,3
MNB-02963,Cape May Branch,Cape May,Cape May County,NJ,08204,38.98235,-74.91142,full_service,4840,2012,owned,n/a,bank,direct_utility_meter,rtu_gas_heat,natural_gas,2014,R-410A,led,4,True,1,False,n/a,0,47,1
MNB-02964,Titusville Branch,Titusville,Mercer County,NJ,08560,40.29829,-74.87206,full_service,2750,1999,leased,modified_gross,bank,direct_utility_meter,split_ac_gas_furnace,natural_gas,2007,R-22,fluorescent,3,True,2,True,diesel,0,45,2
MNB-02965,Mauk Branch,Mauk,Marion County,GA,31058,32.53091,-84.39594,full_service,3310,1999,owned,n/a,bank,direct_utility_meter,rtu_gas_heat,natural_gas,2016,R-410A,fluorescent,1,True,1,False,n/a,0,54,1
MNB-02966,Providence Branch,Providence,Providence County,RI,02904,41.84049,-71.42292,drive_thru_only,770,2017,owned,n/a,bank,direct_utility_meter,rtu_gas_heat,natural_gas,2017,R-410A,led,3,False,3,False,n/a,0,45,1
MNB-02967,Marlton Branch,Marlton,Burlington County,NJ,08053,39.90044,-74.92241,in_store,850,2015,leased,full_gross,landlord,shared_unmetered,host_building_system,unknown,,unknown,led,0,False,0,False,n/a,0,73,3
MNB-02968,Smithville Branch,Smithville,Wayne County,OH,44677,40.85132,-81.86384,express,2720,1971,leased,triple_net,bank,direct_utility_meter,split_ac_gas_furnace,natural_gas,2013,R-410A,led,2,True,0,False,n/a,0,48,1
MNB-02969,Sandwich Branch,Sandwich,Barnstable County,MA,02563,41.73546,-70.47955,in_store,370,2004,leased,full_gross,landlord,shared_unmetered,host_building_system,unknown,,unknown,led,1,False,0,False,n/a,0,66,2
MNB-02970,Colora Branch,Colora,Cecil County,MD,21917,39.6766,-76.08884,in_store,960,2018,leased,modified_gross,landlord,shared_unmetered,host_building_system,unknown,,unknown,led,1,False,0,False,n/a,0,60,3
MNB-02971,Canton Branch,Canton,Cherokee County,GA,30115,34.18711,-84.40503,full_service,4310,2014,leased,triple_net,bank,direct_utility_meter,heat_pump,electricity,2017,R-410A,led,2,False,3,False,n/a,0,48,1
MNB-02972,Dunnell Branch,Dunnell,Martin County,MN,56127,43.54683,-94.80355,flagship,20990,1965,owned,n/a,bank,direct_utility_meter,rtu_gas_heat,natural_gas,2010,R-410A,mixed,4,True,0,True,diesel,0,51,1
MNB-02973,Commodore Branch,Commodore,Indiana County,PA,15729,40.71097,-78.90656,express,2040,1992,leased,full_gross,landlord,shared_unmetered,rtu_gas_heat,propane,2008,R-22,led,2,True,0,False,n/a,0,52,3
MNB-02974,Hyrum Branch,Hyrum,Cache County,UT,84319,41.64373,-111.83662,drive_thru_only,1430,1997,owned,n/a,bank,landlord_submeter,rtu_gas_heat,natural_gas,2016,R-410A,led,2,False,0,False,n/a,0,51,1
MNB-02975,Acton Branch,Acton,Los Angeles County,CA,93510,34.48265,-118.19814,in_store,680,1978,leased,full_gross,landlord,shared_unmetered,host_building_system,unknown,,unknown,mixed,1,False,0,False,n/a,0,73,3
MNB-02976,Stratford Branch,Stratford,Camden County,NJ,08084,39.82934,-75.01635,full_service,2790,2007,owned,n/a,bank,direct_utility_meter,rtu_gas_heat,natural_gas,2017,R-410A,mixed,1,True,3,True,diesel,0,47,1
MNB-02977,Red Springs Branch,Red Springs,Robeson County,NC,28377,34.8174,-79.15858,full_service,4060,1994,owned,n/a,bank,direct_utility_meter,rtu_gas_heat,natural_gas,2017,R-410A,fluorescent,2,False,0,False,n/a,0,46,1
MNB-02978,Barnsdall Branch,Barnsdall,Osage County,OK,74002,36.54448,-96.12766,express,2040,1981,leased,triple_net,bank,direct_utility_meter,rtu_electric_heat,electricity,2024,R-410A,led,2,False,0,False,n/a,0,52,1
MNB-02979,Needham Branch,Needham,Johnson County,IN,46162,39.54498,-85.95861,full_service,3930,1984,owned,n/a,bank,direct_utility_meter,rtu_gas_heat,natural_gas,2006,R-22,mixed,3,False,3,False,n/a,0,44,1
MNB-02980,Franklinville Branch,Franklinville,Cattaraugus County,NY,14737,42.32904,-78.43326,full_service,5110,2017,leased,triple_net,bank,direct_utility_meter,rtu_gas_heat,natural_gas,2017,R-410A,led,1,False,0,False,n/a,0,46,1
MNB-02981,Bastrop Branch,Bastrop,Bastrop County,TX,78602,30.14162,-97.30388,full_service,4110,2018,owned,n/a,bank,direct_utility_meter,rtu_gas_heat,natural_gas,2018,R-410A,led,1,True,2,False,n/a,0,43,1
MNB-02982,San Juan Bautista Branch,San Juan Bautista,San Benito County,CA,95045,36.86089,-121.52272,full_service,3510,2015,owned,n/a,bank,direct_utility_meter,rtu_gas_heat,natural_gas,2015,R-410A,led,3,True,0,False,n/a,0,46,1
MNB-02983,Wapello Branch,Wapello,Louisa County,IA,52653,41.22639,-91.1579,full_service,3030,2020,leased,triple_net,bank,direct_utility_meter,heat_pump,electricity,2020,R-410A,led,1,False,0,False,n/a,0,42,1
MNB-02984,Lancaster Branch #2,Lancaster,Lancaster County,PA,17601,40.08595,-76.30847,full_service,3730,2022,leased,full_gross,landlord,landlord_submeter,rtu_gas_heat,natural_gas,2022,R-410A,led,3,False,2,False,n/a,0,52,2
MNB-02985,Sevierville Branch,Sevierville,Sevier County,TN,37876,35.86945,-83.49723,full_service,4460,1995,leased,triple_net,bank,direct_utility_meter,rtu_electric_heat,electricity,2006,R-22,fluorescent,3,True,1,False,n/a,0,49,2
MNB-02986,Banks Branch,Banks,Pike County,AL,36005,31.84579,-85.80118,full_service,2330,1962,owned,n/a,bank,direct_utility_meter,rtu_gas_heat,natural_gas,2001,R-22,led,1,False,1,False,n/a,0,47,3
MNB-02987,Fayette Branch,Fayette,Sanpete County,UT,84630,39.2235,-111.84737,full_service,3320,2014,owned,n/a,bank,direct_utility_meter,rtu_gas_heat,natural_gas,2014,R-410A,led,1,False,3,True,diesel,0,53,3
MNB-02988,Hesperia Branch,Hesperia,San Bernardino County,CA,92345,34.42036,-117.31624,full_service,2300,2004,owned,n/a,bank,direct_utility_meter,rtu_gas_heat,natural_gas,2004,R-22,led,2,True,2,False,n/a,0,42,1
MNB-02989,Mesa Branch #2,Mesa,Maricopa County,AZ,85202,33.37521,-111.87672,in_store,550,1988,leased,full_gross,landlord,shared_unmetered,host_building_system,unknown,,unknown,mixed,1,False,0,False,n/a,0,66,3
MNB-02990,Elk Branch,Elk,Mendocino County,CA,95432,39.14432,-123.73881,full_service,6010,2023,owned,n/a,bank,direct_utility_meter,split_ac_gas_furnace,natural_gas,2023,R-410A,mixed,4,False,3,False,n/a,0,53,1
MNB-02991,Midland Branch,Midland,Midland County,MI,48642,43.6415,-84.19061,full_service,2940,1984,leased,triple_net,bank,direct_utility_meter,rtu_gas_heat,natural_gas,2023,R-410A,led,3,True,3,True,diesel,0,54,1
MNB-02992,San Miguel Branch,San Miguel,San Luis Obispo County,CA,93451,35.90263,-120.59091,full_service,5180,2020,owned,n/a,bank,direct_utility_meter,rtu_gas_heat,natural_gas,2020,R-410A,led,4,True,1,False,n/a,0,53,1
MNB-02993,Windsor Mill Branch,Windsor Mill,Baltimore County,MD,21244,39.34135,-76.80465,full_service,8000,2002,leased,triple_net,bank,direct_utility_meter,rtu_gas_heat,natural_gas,2011,R-410A,led,2,False,2,True,diesel,0,49,2
MNB-02994,Elizabethtown Branch,Elizabethtown,Lancaster County,PA,17022,40.16185,-76.59828,drive_thru_only,1430,1955,owned,n/a,bank,direct_utility_meter,rtu_gas_heat,natural_gas,2014,R-410A,mixed,3,True,3,False,n/a,0,49,2
MNB-02995,Essex Branch,Essex,San Bernardino County,CA,92332,34.59101,-115.57778,full_service,4370,2017,leased,triple_net,bank,direct_utility_meter,heat_pump,electricity,2017,R-410A,led,2,False,1,False,n/a,0,53,1
MNB-02996,Inglis Branch,Inglis,Levy County,FL,34449,29.10218,-82.6499,full_service,5430,2012,owned,n/a,bank,direct_utility_meter,heat_pump,electricity,2012,R-410A,mixed,1,False,0,True,diesel,0,48,1
MNB-02997,Crystal Branch,Crystal,Montcalm County,MI,48818,43.26189,-84.904,in_store,460,2005,leased,full_gross,landlord,landlord_submeter,host_building_system,unknown,,unknown,led,0,False,0,False,n/a,0,60,2
MNB-02998,Minneapolis Branch #6,Minneapolis,Hennepin County,MN,55447,45.00825,-93.49712,full_service,2610,2003,owned,n/a,bank,direct_utility_meter,split_ac_gas_furnace,natural_gas,2020,R-410A,led,4,False,0,False,n/a,0,52,2
MNB-02999,Cudahy Branch,Cudahy,Milwaukee County,WI,53110,42.94029,-87.87125,drive_thru_only,1000,1974,owned,n/a,bank,direct_utility_meter,split_ac_gas_furnace,natural_gas,2003,R-22,led,1,False,0,False,n/a,0,54,1
MNB-03000,Tryon Branch,Tryon,Lincoln County,OK,74875,35.88034,-96.96876,flagship,16420,1974,owned,n/a,bank,direct_utility_meter,heat_pump,electricity,2000,R-22,led,1,True,0,True,diesel,0,51,1
MNB-03001,Denver Branch #6,Denver,Adams County,CO,80233,39.90952,-104.94047,full_service,5830,1954,owned,n/a,bank,direct_utility_meter,split_ac_gas_furnace,natural_gas,2015,R-410A,led,1,False,3,False,n/a,0,43,2
MNB-03002,Brownville Branch,Brownville,Nemaha County,NE,68321,40.39136,-95.69172,express,1560,1968,leased,modified_gross,bank,direct_utility_meter,boiler_with_split_ac,natural_gas,2016,R-410A,led,4,True,0,False,n/a,0,47,1
MNB-03003,Mineola Branch,Mineola,Wood County,TX,75773,32.66672,-95.48929,full_service,4450,1984,leased,triple_net,bank,direct_utility_meter,rtu_gas_heat,natural_gas,2017,R-410A,mixed,2,False,3,True,diesel,29,46,1
MNB-03004,Phil Campbell Branch,Phil Campbell,Franklin County,AL,35581,34.33952,-87.72048,full_service,4400,1999,owned,n/a,bank,direct_utility_meter,heat_pump,electricity,2016,R-410A,mixed,3,True,2,False,n/a,0,46,1
MNB-03005,Las Vegas Branch #9,Las Vegas,Clark County,NV,89144,36.17178,-115.32252,full_service,4030,1966,owned,n/a,bank,direct_utility_meter,split_ac_gas_furnace,natural_gas,2006,R-22,mixed,3,True,3,False,n/a,0,52,1
MNB-03006,Langley Branch,Langley,Pike County,AR,71952,34.3005,-93.82081,full_service,4100,2000,owned,n/a,bank,direct_utility_meter,heat_pump,electricity,2013,R-410A,led,2,True,2,False,n/a,0,54,1
MNB-03007,Fayette Branch,Fayette,Fayette County,IA,52142,42.86459,-91.82315,full_service,3250,1978,owned,n/a,bank,direct_utility_meter,rtu_gas_heat,natural_gas,2020,R-410A,led,3,False,1,False,n/a,0,49,1
MNB-03008,Shelbina Branch,Shelbina,Shelby County,MO,63468,39.70749,-92.0438,full_service,4560,1977,owned,n/a,bank,direct_utility_meter,heat_pump,electricity,2002,R-22,fluorescent,1,False,3,False,n/a,44,47,1
MNB-03009,Rochester Branch #5,Rochester,Monroe County,NY,14624,43.12805,-77.69157,full_service,4450,2022,leased,triple_net,bank,direct_utility_meter,split_ac_gas_furnace,natural_gas,2022,R-410A,led,1,False,3,False,n/a,0,50,3
MNB-03010,Tok Branch,Tok,Southeast Fairbanks Census Area,AK,99780,63.89097,-143.01495,full_service,3680,2024,leased,modified_gross,bank,direct_utility_meter,rtu_gas_heat,natural_gas,2024,R-410A,led,3,False,1,False,n/a,0,43,1
MNB-03011,Ossineke Branch,Ossineke,Alpena County,MI,49766,44.90813,-83.47576,full_service,5120,2015,leased,modified_gross,landlord,landlord_submeter,heat_pump,electricity,2015,R-410A,mixed,4,False,1,False,n/a,0,51,3
MNB-03012,Sterling Branch,Sterling,Wayne County,OH,44276,40.97328,-81.82039,full_service,5710,1957,owned,n/a,bank,direct_utility_meter,heat_pump,electricity,2022,R-410A,fluorescent,1,False,0,True,diesel,0,43,2
MNB-03013,Chesapeake Branch,Chesapeake,Chesapeake city,VA,23325,36.81127,-76.25152,full_service,5140,2010,owned,n/a,bank,landlord_submeter,split_ac_gas_furnace,natural_gas,2010,R-410A,led,2,True,1,False,n/a,0,53,1
MNB-03014,Avenel Branch,Avenel,Middlesex County,NJ,07001,40.58566,-74.26759,full_service,3070,1971,leased,triple_net,bank,direct_utility_meter,rtu_gas_heat,natural_gas,2019,R-410A,led,2,False,2,False,n/a,0,46,2
MNB-03015,Ajo Branch,Ajo,Pima County,AZ,85321,32.22473,-112.65673,in_store,660,2000,leased,full_gross,landlord,landlord_submeter,host_building_system,unknown,,unknown,led,0,False,0,False,n/a,0,71,2
MNB-03016,Myrtle Creek Branch,Myrtle Creek,Douglas County,OR,97457,43.02067,-123.29038,full_service,3190,2019,owned,n/a,bank,direct_utility_meter,rtu_gas_heat,natural_gas,2019,R-410A,led,1,False,2,True,diesel,0,47,1
MNB-03017,Canterbury Branch,Canterbury,Windham County,CT,06331,41.69443,-71.98169,in_store,660,1988,leased,full_gross,landlord,landlord_submeter,host_building_system,unknown,,unknown,mixed,1,False,0,False,n/a,0,64,2
MNB-03018,Gardnerville Branch,Gardnerville,Douglas County,NV,89410,38.86893,-119.6047,full_service,3190,2021,leased,full_gross,landlord,shared_unmetered,heat_pump,electricity,2021,R-410A,mixed,4,False,2,True,diesel,0,43,3
MNB-03019,Kingdom City Branch,Kingdom City,Callaway County,MO,65262,38.97642,-91.94032,full_service,6160,2009,owned,n/a,bank,direct_utility_meter,rtu_gas_heat,natural_gas,2009,R-22,mixed,4,True,1,False,n/a,0,50,1
MNB-03020,Denver Branch #7,Denver,Denver County,CO,80290,39.74647,-104.98238,flagship,19150,1981,leased,triple_net,bank,direct_utility_meter,split_ac_gas_furnace,natural_gas,2019,R-410A,led,4,False,0,True,diesel,0,50,2
MNB-03021,Madera Branch,Madera,Madera County,CA,93638,37.04345,-120.03883,full_service,5930,1962,owned,n/a,bank,direct_utility_meter,rtu_gas_heat,natural_gas,2015,R-410A,led,3,True,2,False,n/a,0,51,1
MNB-03022,Ormond Beach Branch,Ormond Beach,Volusia County,FL,32176,29.31129,-81.05106,full_service,5750,2015,leased,triple_net,bank,direct_utility_meter,heat_pump,electricity,2015,R-410A,led,1,False,3,False,n/a,0,44,1
MNB-03023,Conneaut Lake Branch,Conneaut Lake,Crawford County,PA,16316,41.62392,-80.29409,full_service,3870,1993,owned,n/a,bank,direct_utility_meter,rtu_gas_heat,natural_gas,2018,R-410A,mixed,3,False,3,False,n/a,0,53,2
MNB-03024,Phoenix Branch #8,Phoenix,Maricopa County,AZ,85050,33.68469,-111.99468,full_service,3690,1959,leased,modified_gross,bank,landlord_submeter,rtu_gas_heat,natural_gas,2017,R-410A,led,3,False,0,False,n/a,0,53,1
MNB-03025,Fontana Branch,Fontana,San Bernardino County,CA,92335,34.0721,-117.43348,full_service,7080,1963,owned,n/a,bank,direct_utility_meter,rtu_gas_heat,natural_gas,2000,R-22,fluorescent,1,True,1,False,n/a,0,49,1
MNB-03026,Marengo Branch,Marengo,McHenry County,IL,60152,42.23488,-88.59719,full_service,3990,2023,leased,triple_net,bank,landlord_submeter,rtu_gas_heat,natural_gas,2023,R-410A,fluorescent,2,False,0,False,n/a,25,50,3
MNB-03027,Olivia Branch,Olivia,Renville County,MN,56277,44.80266,-94.97016,full_service,2790,1976,leased,triple_net,bank,direct_utility_meter,split_ac_gas_furnace,natural_gas,1998,R-22,fluorescent,3,True,2,True,diesel,0,47,3
MNB-03028,San Jose Branch #7,San Jose,Santa Clara County,CA,95119,37.22974,-121.78448,express,2310,2023,leased,triple_net,bank,direct_utility_meter,heat_pump,electricity,2023,R-410A,led,1,True,0,False,n/a,0,47,1
MNB-03029,Honeoye Falls Branch,Honeoye Falls,Monroe County,NY,14472,42.95202,-77.57645,full_service,4380,2007,leased,triple_net,bank,direct_utility_meter,rtu_gas_heat,natural_gas,2007,R-22,fluorescent,1,True,0,False,n/a,0,44,1
MNB-03030,Oklahoma City Branch #3,Oklahoma City,Oklahoma County,OK,73110,35.45212,-97.41241,full_service,6590,1981,leased,modified_gross,bank,direct_utility_meter,rtu_electric_heat,electricity,2000,R-22,led,2,False,2,False,n/a,0,51,1
MNB-03031,Johnston City Branch,Johnston City,Williamson County,IL,62951,37.82388,-88.92198,drive_thru_only,1060,1988,owned,n/a,bank,direct_utility_meter,split_ac_gas_furnace,natural_gas,2015,R-410A,mixed,4,True,2,False,n/a,0,50,1
MNB-03032,Gates Mills Branch,Gates Mills,Cuyahoga County,OH,44040,41.53896,-81.41235,full_service,4170,2013,owned,n/a,bank,direct_utility_meter,split_ac_gas_furnace,natural_gas,2013,R-410A,led,2,False,3,False,n/a,0,53,2
MNB-03033,Busby Branch,Busby,Big Horn County,MT,59016,45.56076,-106.87729,express,2630,1992,leased,modified_gross,bank,direct_utility_meter,rtu_gas_heat,natural_gas,2020,R-410A,led,4,False,0,False,n/a,0,51,1
MNB-03034,Chicago Branch #2,Chicago,Cook County,IL,60615,41.81032,-87.59655,full_service,2640,1959,leased,triple_net,bank,direct_utility_meter,rtu_gas_heat,natural_gas,2006,R-22,mixed,1,False,2,False,n/a,0,42,1
MNB-03035,Oneida Branch,Oneida,Brown County,WI,54155,44.50886,-88.18564,full_service,3520,1975,owned,n/a,bank,direct_utility_meter,rtu_gas_heat,natural_gas,2021,R-410A,mixed,1,False,2,False,n/a,0,44,1
MNB-03036,Clarington Branch,Clarington,Monroe County,OH,43915,39.78599,-80.90202,express,1440,2017,owned,n/a,bank,direct_utility_meter,rtu_gas_heat,natural_gas,2017,R-410A,mixed,4,False,0,False,n/a,0,50,1
MNB-03037,Lakebay Branch,Lakebay,Pierce County,WA,98349,47.27809,-122.76964,full_service,2200,2008,owned,n/a,bank,direct_utility_meter,rtu_gas_heat,natural_gas,2008,R-22,led,2,False,2,False,n/a,0,42,1
MNB-03038,Roca Branch,Roca,Lancaster County,NE,68430,40.66276,-96.63709,drive_thru_only,1240,1996,owned,n/a,bank,landlord_submeter,split_ac_gas_furnace,natural_gas,2006,R-22,led,1,True,0,False,n/a,0,51,1
MNB-03039,Petrolia Branch,Petrolia,Humboldt County,CA,95558,40.27579,-124.24351,full_service,3550,1977,owned,n/a,bank,direct_utility_meter,rtu_gas_heat,natural_gas,2007,R-22,fluorescent,3,False,3,False,n/a,0,50,1
MNB-03040,Ava Branch,Ava,Douglas County,MO,65608,36.92644,-92.65501,drive_thru_only,1250,1994,leased,triple_net,bank,direct_utility_meter,rtu_gas_heat,natural_gas,2011,R-410A,fluorescent,3,True,1,False,n/a,0,49,3
MNB-03041,North Hollywood Branch #2,North Hollywood,Los Angeles County,CA,91605,34.21847,-118.4018,full_service,4720,2013,owned,n/a,bank,landlord_submeter,rtu_gas_heat,natural_gas,2017,R-410A,led,1,True,3,False,n/a,0,53,1
MNB-03042,Shawnee Branch,Shawnee,Pottawatomie County,OK,74801,35.30406,-96.96107,full_service,5030,1960,leased,modified_gross,landlord,shared_unmetered,split_ac_gas_furnace,natural_gas,2002,R-22,mixed,4,True,1,False,n/a,0,49,3
MNB-03043,Mountain Rest Branch,Mountain Rest,Oconee County,SC,29664,34.90152,-83.17691,full_service,3660,2024,leased,triple_net,bank,direct_utility_meter,split_ac_gas_furnace,natural_gas,2024,R-410A,led,1,False,3,False,n/a,0,46,1
MNB-03044,Portland Branch #3,Portland,Clackamas County,OR,97267,45.40257,-122.62026,flagship,10310,2017,owned,n/a,bank,direct_utility_meter,split_ac_gas_furnace,natural_gas,2017,R-410A,led,1,False,0,True,diesel,0,58,1
MNB-03045,Ashford Branch,Ashford,Pierce County,WA,98304,46.76242,-121.97127,full_service,4310,1983,leased,triple_net,bank,direct_utility_meter,split_ac_gas_furnace,natural_gas,2024,R-410A,led,4,False,0,False,n/a,0,48,1
MNB-03046,Smithfield Branch,Smithfield,Cache County,UT,84335,41.81916,-111.83617,full_service,5530,2018,leased,full_gross,landlord,shared_unmetered,rtu_gas_heat,natural_gas,2018,R-410A,led,1,True,3,False,n/a,0,50,2
MNB-03047,Hamlin Branch,Hamlin,Monroe County,NY,14464,43.31796,-77.92167,express,1770,2007,owned,n/a,bank,direct_utility_meter,rtu_gas_heat,natural_gas,2023,R-410A,led,2,True,0,False,n/a,0,53,1
MNB-03048,Livonia Branch,Livonia,Wayne County,MI,48152,42.42793,-83.36489,full_service,3400,2006,leased,modified_gross,landlord,landlord_submeter,split_ac_gas_furnace,natural_gas,2006,R-22,fluorescent,3,False,3,True,diesel,0,44,3
MNB-03049,Strasburg Branch,Strasburg,Adams County,CO,80136,39.78893,-104.26087,full_service,2930,1967,leased,triple_net,bank,direct_utility_meter,rtu_gas_heat,natural_gas,2003,R-22,fluorescent,3,False,1,False,n/a,0,54,3
MNB-03050,Newmanstown Branch,Newmanstown,Lebanon County,PA,17073,40.35406,-76.21241,full_service,4460,2020,owned,n/a,bank,direct_utility_meter,rtu_gas_heat,natural_gas,2024,R-410A,led,3,False,3,False,n/a,0,52,3
MNB-03051,Beverly Hills Branch #2,Beverly Hills,Los Angeles County,CA,90210,34.07826,-118.40878,in_store,560,1993,leased,full_gross,landlord,shared_unmetered,host_building_system,unknown,,unknown,led,1,False,0,False,n/a,0,63,3
MNB-03052,Santa Rosa Branch #4,Santa Rosa,Sonoma County,CA,95409,38.44122,-122.63524,full_service,4110,2014,owned,n/a,bank,direct_utility_meter,rtu_gas_heat,natural_gas,2014,R-410A,mixed,4,True,1,True,diesel,0,44,1
MNB-03053,Houston Branch #15,Houston,Harris County,TX,77064,29.91046,-95.56219,full_service,3900,1981,owned,n/a,bank,direct_utility_meter,heat_pump,electricity,2013,R-410A,mixed,3,False,0,False,n/a,0,44,1
MNB-03054,Remer Branch,Remer,Cass County,MN,56672,47.09418,-93.91657,full_service,3670,1982,leased,triple_net,bank,direct_utility_meter,rtu_gas_heat,natural_gas,2003,R-22,mixed,2,False,0,True,diesel,0,46,3
MNB-03055,Lakeport Branch,Lakeport,Lake County,CA,95453,39.05528,-122.93035,full_service,4580,2023,owned,n/a,bank,direct_utility_meter,rtu_gas_heat,natural_gas,2023,R-410A,led,3,True,2,False,n/a,0,54,1
MNB-03056,Two Buttes Branch,Two Buttes,Baca County,CO,81084,37.50498,-102.42596,full_service,4960,1996,owned,n/a,bank,direct_utility_meter,rtu_gas_heat,natural_gas,2016,R-410A,led,4,True,3,False,n/a,0,52,1
MNB-03057,Oakdale Branch,Oakdale,Antelope County,NE,68761,42.05793,-97.97663,full_service,7570,1958,owned,n/a,bank,direct_utility_meter,split_ac_gas_furnace,natural_gas,2010,R-410A,fluorescent,3,False,2,False,n/a,0,45,1
MNB-03058,Calabasas Branch,Calabasas,Los Angeles County,CA,91302,34.13322,-118.65558,in_store,780,2016,leased,full_gross,landlord,landlord_submeter,host_building_system,unknown,,unknown,fluorescent,1,False,0,False,n/a,0,69,2
MNB-03059,Costa Mesa Branch,Costa Mesa,Orange County,CA,92627,33.64401,-117.92638,full_service,6770,1975,owned,n/a,bank,direct_utility_meter,rtu_gas_heat,natural_gas,2016,R-410A,fluorescent,4,True,2,True,diesel,0,42,1
MNB-03060,Fort Bidwell Branch,Fort Bidwell,Modoc County,CA,96112,41.85896,-120.12287,full_service,3280,2018,leased,triple_net,bank,direct_utility_meter,rtu_gas_heat,natural_gas,2023,R-410A,mixed,2,False,1,False,n/a,0,49,1
MNB-03061,Sloan Branch,Sloan,Clark County,NV,89054,35.91794,-115.21215,full_service,2590,2020,owned,n/a,bank,direct_utility_meter,heat_pump,electricity,2020,R-410A,led,4,True,3,False,n/a,0,48,1
MNB-03062,Lebanon Branch,Lebanon,Marion County,KY,40033,37.55594,-85.27966,full_service,4180,1959,leased,triple_net,bank,direct_utility_meter,split_ac_gas_furnace,natural_gas,1999,R-22,mixed,4,False,3,False,n/a,0,42,1
MNB-03063,Chinook Branch,Chinook,Blaine County,MT,59523,48.58094,-109.21031,in_store,800,2001,leased,full_gross,landlord,shared_unmetered,host_building_system,unknown,,unknown,mixed,1,False,0,False,n/a,0,70,3
MNB-03064,Edwards Branch,Edwards,Benton County,MO,65326,38.17643,-93.15873,full_service,5180,2024,owned,n/a,bank,direct_utility_meter,heat_pump,electricity,2024,R-410A,mixed,1,False,0,False,n/a,0,43,1
MNB-03065,South Padre Island Branch,South Padre Island,Cameron County,TX,78597,26.23791,-97.20199,express,2430,2021,leased,modified_gross,bank,direct_utility_meter,rtu_gas_heat,natural_gas,2021,R-410A,led,4,False,0,False,n/a,0,43,1
MNB-03066,Jbsa Lackland Branch,Jbsa Lackland,Bexar County,TX,78236,29.389,-98.61124,in_store,350,1998,leased,full_gross,landlord,shared_unmetered,host_building_system,unknown,,unknown,mixed,0,False,0,False,n/a,0,70,3
MNB-03067,Fairchild Air Force Base Branch,Fairchild Air Force Base,Spokane County,WA,99011,47.61758,-117.66145,drive_thru_only,1360,2007,leased,modified_gross,bank,direct_utility_meter,rtu_gas_heat,natural_gas,2007,R-22,fluorescent,4,False,3,False,n/a,0,53,3
MNB-03068,Earlimart Branch,Earlimart,Tulare County,CA,93219,35.87192,-119.28326,in_store,700,2003,leased,full_gross,landlord,shared_unmetered,host_building_system,unknown,,unknown,led,1,False,0,False,n/a,0,69,3
MNB-03069,Pimento Branch,Pimento,Vigo County,IN,47866,39.3052,-87.34764,full_service,2640,1973,leased,triple_net,bank,direct_utility_meter,rtu_gas_heat,natural_gas,2024,R-410A,fluorescent,3,True,3,False,n/a,0,53,1
MNB-03070,Littleton Branch #2,Littleton,Douglas County,CO,80125,39.47948,-105.0461,flagship,18690,2006,leased,triple_net,bank,direct_utility_meter,rtu_gas_heat,natural_gas,2012,R-410A,led,3,False,0,True,diesel,0,58,1
MNB-03071,Florence Branch,Florence,Florence County,SC,29505,34.11622,-79.67914,in_store,670,1984,leased,modified_gross,bank,landlord_submeter,host_building_system,unknown,,unknown,fluorescent,1,False,0,False,n/a,0,74,1
MNB-03072,Woodville Branch,Woodville,Tyler County,TX,75979,30.78916,-94.40663,full_service,4700,1984,leased,modified_gross,bank,direct_utility_meter,rtu_electric_heat,electricity,2004,R-22,fluorescent,1,False,0,False,n/a,0,52,1
MNB-03073,Cascilla Branch,Cascilla,Tallahatchie County,MS,38920,33.90423,-90.02975,full_service,5660,1990,leased,full_gross,landlord,shared_unmetered,heat_pump,electricity,2003,R-22,led,4,False,1,False,n/a,0,49,3
MNB-03074,Saginaw Branch #3,Saginaw,Saginaw County,MI,48609,43.40015,-84.09172,full_service,4770,2017,owned,n/a,bank,direct_utility_meter,rtu_gas_heat,natural_gas,2017,R-410A,led,3,True,0,False,n/a,0,49,1
MNB-03075,Nashville Branch #3,Nashville,Davidson County,TN,37216,36.21765,-86.73199,full_service,2690,1976,owned,n/a,bank,direct_utility_meter,heat_pump,electricity,2017,R-410A,fluorescent,4,True,0,False,n/a,0,49,2
MNB-03076,Oakfield Branch,Oakfield,Worth County,GA,31772,31.77569,-83.98038,full_service,4020,1977,owned,n/a,bank,direct_utility_meter,rtu_gas_heat,natural_gas,2019,R-410A,led,3,True,2,False,n/a,0,45,1
MNB-03077,Nogales Branch,Nogales,Santa Cruz County,AZ,85621,31.38276,-110.92802,in_store,430,1951,leased,full_gross,landlord,landlord_submeter,host_building_system,unknown,,unknown,led,0,False,0,False,n/a,0,75,3
MNB-03078,Bennettsville Branch,Bennettsville,Marlboro County,SC,29512,34.62935,-79.68062,full_service,5100,1968,owned,n/a,bank,direct_utility_meter,heat_pump,electricity,2024,R-410A,led,3,False,3,False,n/a,0,45,1
MNB-03079,Mount Ulla Branch,Mount Ulla,Rowan County,NC,28125,35.65115,-80.73222,full_service,6380,2023,owned,n/a,bank,direct_utility_meter,split_ac_gas_furnace,natural_gas,2023,R-410A,led,1,False,3,False,n/a,0,53,1
MNB-03080,Linesville Branch,Linesville,Crawford County,PA,16424,41.61782,-80.45182,full_service,2890,1991,leased,full_gross,landlord,landlord_submeter,split_ac_gas_furnace,natural_gas,2004,R-22,led,1,False,3,False,n/a,0,45,3
MNB-03081,Indianapolis Branch #7,Indianapolis,Marion County,IN,46268,39.86869,-86.2159,full_service,3430,1972,leased,triple_net,bank,direct_utility_meter,split_ac_gas_furnace,natural_gas,2022,R-410A,mixed,3,True,2,False,n/a,0,53,1
MNB-03082,Brunswick Branch,Brunswick,Medina County,OH,44212,41.24636,-81.84154,full_service,3220,2023,leased,triple_net,bank,direct_utility_meter,split_ac_gas_furnace,natural_gas,2023,R-410A,led,2,True,1,False,n/a,0,46,1
MNB-03083,Byron Branch,Byron,Shiawassee County,MI,48418,42.81435,-83.97087,drive_thru_only,890,1953,owned,n/a,bank,direct_utility_meter,heat_pump,electricity,2018,R-410A,mixed,4,True,0,False,n/a,0,53,1
MNB-03084,Kents Hill Branch,Kents Hill,Kennebec County,ME,04349,44.426,-70.07979,full_service,4750,1995,leased,triple_net,bank,direct_utility_meter,rtu_gas_heat,natural_gas,2013,R-410A,mixed,2,True,3,False,n/a,0,46,3
MNB-03085,Canal Winchester Branch,Canal Winchester,Franklin County,OH,43110,39.8471,-82.81583,express,1610,2014,leased,full_gross,landlord,shared_unmetered,rtu_gas_heat,natural_gas,2014,R-410A,led,3,False,0,False,n/a,0,45,3
MNB-03086,Winnebago Branch,Winnebago,Faribault County,MN,56098,43.7811,-94.18095,in_store,760,2013,leased,full_gross,landlord,landlord_submeter,host_building_system,unknown,,unknown,mixed,1,False,0,False,n/a,0,69,3
MNB-03087,Lakeside Branch,Lakeside,San Diego County,CA,92040,32.8404,-116.93887,in_store,840,1972,leased,full_gross,landlord,shared_unmetered,host_building_system,unknown,,unknown,fluorescent,1,False,0,False,n/a,0,66,3
MNB-03088,Posey Branch,Posey,Tulare County,CA,93260,35.828,-118.66876,full_service,5840,2009,owned,n/a,bank,direct_utility_meter,rtu_gas_heat,natural_gas,2018,R-410A,mixed,4,False,2,False,n/a,0,47,3
MNB-03089,Corpus Christi Branch #3,Corpus Christi,Nueces County,TX,78408,27.82131,-97.43912,drive_thru_only,750,2004,leased,triple_net,bank,direct_utility_meter,rtu_gas_heat,natural_gas,2013,R-410A,led,2,False,2,False,n/a,0,46,1
MNB-03090,Vacaville Branch,Vacaville,Solano County,CA,95687,38.36022,-121.9643,express,2540,2007,leased,full_gross,landlord,shared_unmetered,heat_pump,electricity,2018,R-410A,mixed,1,False,0,False,n/a,0,52,3
MNB-03091,Fresno Branch #8,Fresno,Fresno County,CA,93728,36.77522,-119.80349,in_store,930,1978,leased,full_gross,landlord,shared_unmetered,host_building_system,unknown,,unknown,mixed,1,False,0,False,n/a,0,64,3
MNB-03092,Burke Branch,Burke,Gregory County,SD,57523,43.18352,-99.29449,full_service,6690,2015,leased,triple_net,bank,direct_utility_meter,rtu_gas_heat,natural_gas,2015,R-410A,led,4,True,2,True,diesel,0,52,1
MNB-03093,Crookston Branch,Crookston,Todd County,NE,69212,42.90556,-100.76658,in_store,620,2000,leased,full_gross,landlord,shared_unmetered,host_building_system,unknown,,unknown,fluorescent,0,False,0,False,n/a,0,70,3
MNB-03094,Amite Branch,Amite,Tangipahoa Parish,LA,70422,30.70447,-90.51119,full_service,3350,2010,leased,triple_net,bank,landlord_submeter,rtu_gas_heat,natural_gas,2010,R-410A,led,4,True,0,False,n/a,0,48,1
MNB-03095,Montesano Branch,Montesano,Grays Harbor County,WA,98563,47.09316,-123.51005,full_service,3120,2021,leased,modified_gross,bank,direct_utility_meter,split_ac_gas_furnace,natural_gas,2021,R-410A,led,1,True,3,False,n/a,0,46,1
MNB-03096,Long Beach Branch #5,Long Beach,Los Angeles County,CA,90808,33.817,-118.10893,in_store,490,2017,leased,modified_gross,bank,direct_utility_meter,host_building_system,unknown,,unknown,led,0,False,0,False,n/a,0,62,3
MNB-03097,Luttrell Branch,Luttrell,Union County,TN,37779,36.18913,-83.77515,drive_thru_only,1000,2013,owned,n/a,bank,direct_utility_meter,rtu_electric_heat,electricity,2013,R-410A,led,3,False,2,False,n/a,0,54,2
MNB-03098,Convoy Branch,Convoy,Van Wert County,OH,45832,40.92625,-84.71733,full_service,5410,1980,owned,n/a,bank,direct_utility_meter,split_ac_gas_furnace,natural_gas,2017,R-410A,fluorescent,3,False,2,False,n/a,0,49,2
MNB-03099,Greencreek Branch,Greencreek,Idaho County,ID,83533,46.12289,-116.28365,full_service,6210,1957,leased,triple_net,bank,direct_utility_meter,rtu_gas_heat,natural_gas,2008,R-22,mixed,1,False,2,False,n/a,0,53,2
MNB-03100,Ider Branch,Ider,DeKalb County,AL,35981,34.71767,-85.63058,express,1590,2001,leased,triple_net,bank,direct_utility_meter,heat_pump,electricity,2012,R-410A,fluorescent,2,False,0,False,n/a,0,46,1
MNB-03101,Baker Branch,Baker,Okaloosa County,FL,32531,30.82621,-86.68106,full_service,4150,1954,leased,full_gross,landlord,shared_unmetered,heat_pump,electricity,2003,R-22,mixed,1,False,3,False,n/a,0,53,3
MNB-03102,Green River Branch,Green River,Emery County,UT,84525,39.01832,-110.14705,full_service,4070,2009,owned,n/a,bank,direct_utility_meter,rtu_gas_heat,natural_gas,2024,R-410A,fluorescent,2,False,0,False,n/a,0,44,1
MNB-03103,Beech Bluff Branch,Beech Bluff,Madison County,TN,38313,35.5793,-88.65307,in_store,550,2011,leased,full_gross,landlord,shared_unmetered,host_building_system,unknown,,unknown,led,1,False,0,False,n/a,0,77,3
MNB-03104,Compton Branch,Compton,Lee County,IL,61318,41.69544,-89.09583,drive_thru_only,1200,2000,leased,modified_gross,bank,landlord_submeter,rtu_gas_heat,natural_gas,2007,R-22,led,4,True,1,False,n/a,0,53,1
MNB-03105,Cedarville Branch,Cedarville,Crawford County,AR,72932,35.59718,-94.37033,full_service,4680,1970,leased,triple_net,bank,direct_utility_meter,heat_pump,electricity,2011,R-410A,led,3,False,1,False,n/a,0,49,1
MNB-03106,Hawthorne Branch,Hawthorne,Mineral County,NV,89415,38.56075,-118.49695,full_service,4380,2018,leased,full_gross,landlord,shared_unmetered,rtu_electric_heat,electricity,2018,R-410A,led,1,True,0,False,n/a,0,54,3
MNB-03107,Twain Harte Branch,Twain Harte,Tuolumne County,CA,95383,38.05857,-120.1978,full_service,4670,2002,owned,n/a,bank,direct_utility_meter,rtu_gas_heat,natural_gas,2002,R-22,mixed,4,True,3,False,n/a,0,46,1
MNB-03108,Richmond Branch,Richmond,Berkshire County,MA,01254,42.3873,-73.364,full_service,5050,1997,leased,triple_net,bank,direct_utility_meter,heat_pump,electricity,2013,R-410A,led,4,True,1,False,n/a,0,45,1
MNB-03109,Gainesville Branch,Gainesville,Cooke County,TX,76240,33.66561,-97.13625,in_store,750,2000,leased,modified_gross,bank,direct_utility_meter,host_building_system,unknown,,unknown,led,1,False,0,False,n/a,54,69,1
MNB-03110,Bremerton Branch,Bremerton,Kitsap County,WA,98311,47.61328,-122.64078,drive_thru_only,810,1960,owned,n/a,bank,direct_utility_meter,heat_pump,electricity,2012,R-410A,mixed,3,True,1,False,n/a,0,50,1
MNB-03111,Johnson City Branch,Johnson City,Blanco County,TX,78636,30.30816,-98.35591,full_service,5490,2011,owned,n/a,bank,direct_utility_meter,heat_pump,electricity,2011,R-410A,led,1,False,0,False,n/a,0,51,2
MNB-03112,San Antonio Branch #8,San Antonio,Bexar County,TX,78264,29.16307,-98.48361,full_service,4530,1958,leased,triple_net,bank,direct_utility_meter,heat_pump,electricity,2009,R-22,fluorescent,3,False,3,False,n/a,0,43,2
MNB-03113,Cambridge Branch,Cambridge,Guernsey County,OH,43725,40.03011,-81.57696,full_service,3680,2001,owned,n/a,bank,direct_utility_meter,rtu_gas_heat,natural_gas,2015,R-410A,mixed,3,True,1,False,n/a,0,53,2
MNB-03114,Cottonwood Branch,Cottonwood,Houston County,AL,36320,31.0538,-85.3435,full_service,4500,1970,owned,n/a,bank,direct_utility_meter,rtu_gas_heat,natural_gas,2008,R-22,mixed,2,False,0,False,n/a,0,46,1
MNB-03115,Cochecton Branch,Cochecton,Sullivan County,NY,12726,41.69782,-74.98756,full_service,4650,1973,leased,triple_net,bank,direct_utility_meter,rtu_gas_heat,natural_gas,2018,R-410A,fluorescent,1,False,2,False,n/a,0,50,1
MNB-03116,Manistique Branch,Manistique,Schoolcraft County,MI,49854,46.01024,-86.2499,full_service,5810,1976,leased,triple_net,bank,direct_utility_meter,rtu_gas_heat,natural_gas,2004,R-22,mixed,1,False,0,False,n/a,0,49,2
MNB-03117,Harwich Branch,Harwich,Barnstable County,MA,02645,41.69067,-70.07365,in_store,500,1952,leased,full_gross,landlord,shared_unmetered,host_building_system,unknown,,unknown,fluorescent,0,False,0,False,n/a,0,69,3
MNB-03118,Holly Branch,Holly,Prowers County,CO,81047,38.0043,-102.13638,full_service,6240,2019,owned,n/a,bank,direct_utility_meter,rtu_gas_heat,natural_gas,2019,R-410A,led,2,True,3,True,diesel,0,43,1
MNB-03119,San Bernardino Branch,San Bernardino,San Bernardino County,CA,92408,34.09357,-117.26022,in_store,650,2014,leased,full_gross,landlord,shared_unmetered,host_building_system,unknown,,unknown,led,1,False,0,False,n/a,0,70,3
MNB-03120,Oklahoma City Branch #4,Oklahoma City,Oklahoma County,OK,73117,35.48193,-97.47822,full_service,3600,1954,owned,n/a,bank,direct_utility_meter,split_ac_gas_furnace,natural_gas,2017,R-410A,fluorescent,3,False,2,False,n/a,0,51,1
MNB-03121,Chatham Branch,Chatham,Jackson Parish,LA,71226,32.30599,-92.44903,drive_thru_only,870,1957,owned,n/a,bank,direct_utility_meter,heat_pump,electricity,2008,R-22,mixed,2,True,3,False,n/a,0,49,1
MNB-03122,Porterville Branch,Porterville,Tulare County,CA,93257,36.06806,-119.03719,flagship,9370,2013,leased,triple_net,bank,direct_utility_meter,rtu_gas_heat,natural_gas,2016,R-410A,led,2,True,0,True,diesel,0,52,1
MNB-03123,Henderson Branch,Henderson,Henderson County,KY,42420,37.81054,-87.57479,full_service,2490,1951,owned,n/a,bank,direct_utility_meter,split_ac_gas_furnace,natural_gas,1999,R-22,led,4,False,0,False,n/a,0,50,1
MNB-03124,Kimberly Branch,Kimberly,Grant County,OR,97848,44.73419,-119.59771,full_service,5140,1994,owned,n/a,bank,direct_utility_meter,split_ac_gas_furnace,natural_gas,2024,R-410A,led,3,True,0,False,n/a,0,54,2
MNB-03125,Fort Lauderdale Branch #6,Fort Lauderdale,Broward County,FL,33319,26.18036,-80.23937,in_store,1060,1963,leased,full_gross,landlord,landlord_submeter,host_building_system,unknown,,unknown,mixed,0,False,0,False,n/a,0,67,3
MNB-03126,West Fairlee Branch,West Fairlee,Orange County,VT,05083,43.923,-72.27177,full_service,2580,2002,owned,n/a,bank,direct_utility_meter,split_ac_gas_furnace,natural_gas,2006,R-22,mixed,1,False,2,False,n/a,0,49,1
MNB-03127,Sharon Branch,Sharon,Mercer County,PA,16146,41.22383,-80.47921,full_service,3150,2024,owned,n/a,bank,direct_utility_meter,rtu_gas_heat,natural_gas,2024,R-410A,led,1,True,1,False,n/a,0,43,1
MNB-03128,Ashville Branch,Ashville,Chautauqua County,NY,14710,42.12813,-79.41423,full_service,5260,1970,leased,triple_net,bank,direct_utility_meter,rtu_gas_heat,natural_gas,2002,R-22,mixed,3,False,2,False,n/a,0,43,1
MNB-03129,Saint Paul Branch #3,Saint Paul,Ramsey County,MN,55112,45.06828,-93.1705,express,1770,2022,owned,n/a,bank,direct_utility_meter,rtu_gas_heat,natural_gas,2024,R-410A,led,4,True,0,False,n/a,0,44,1
MNB-03130,Marietta Branch,Marietta,Greenville County,SC,29661,35.02555,-82.52609,full_service,5390,2018,owned,n/a,bank,direct_utility_meter,heat_pump,electricity,2018,R-410A,mixed,3,False,1,False,n/a,0,52,1
MNB-03131,North Fork Branch,North Fork,Lemhi County,ID,83466,45.42549,-114.04103,full_service,4070,2024,leased,full_gross,landlord,landlord_submeter,rtu_gas_heat,natural_gas,2024,R-410A,led,2,False,0,False,n/a,0,47,3
MNB-03132,Elizabethville Branch,Elizabethville,Dauphin County,PA,17023,40.54189,-76.8213,full_service,3520,2012,leased,triple_net,bank,direct_utility_meter,rtu_gas_heat,natural_gas,2012,R-410A,led,4,False,3,False,n/a,0,53,1
MNB-03133,Horseheads Branch,Horseheads,Chemung County,NY,14845,42.18447,-76.82092,in_store,610,2017,leased,full_gross,landlord,shared_unmetered,host_building_system,unknown,,unknown,led,1,False,0,False,n/a,0,70,2
MNB-03134,Harrison Township Branch,Harrison Township,Macomb County,MI,48045,42.60494,-82.82224,full_service,2200,2002,leased,triple_net,bank,direct_utility_meter,rtu_gas_heat,natural_gas,2005,R-22,led,2,False,1,False,n/a,0,45,1
MNB-03135,Denver Branch #8,Denver,Denver County,CO,80224,39.68211,-104.90414,express,1350,2018,owned,n/a,bank,direct_utility_meter,rtu_gas_heat,natural_gas,2018,R-410A,led,4,False,0,False,n/a,0,52,1
MNB-03136,Lanett Branch,Lanett,Chambers County,AL,36863,32.86634,-85.21105,in_store,820,1964,leased,full_gross,landlord,landlord_submeter,host_building_system,unknown,,unknown,led,0,False,0,False,n/a,0,70,3
MNB-03137,Jacksonville Branch #9,Jacksonville,Duval County,FL,32207,30.25781,-81.63858,full_service,6000,2011,leased,triple_net,bank,direct_utility_meter,rtu_gas_heat,natural_gas,2011,R-410A,led,4,True,1,True,diesel,0,43,1
MNB-03138,Cincinnati Branch #5,Cincinnati,Hamilton County,OH,45240,39.28463,-84.52141,full_service,6400,2004,owned,n/a,bank,direct_utility_meter,rtu_gas_heat,natural_gas,2023,R-410A,led,4,True,0,False,n/a,0,46,1
MNB-03139,Sacramento Branch #3,Sacramento,Sacramento County,CA,95830,38.48584,-121.25485,drive_thru_only,1110,1958,owned,n/a,bank,direct_utility_meter,split_ac_gas_furnace,natural_gas,2013,R-410A,fluorescent,2,True,2,False,n/a,0,46,1
MNB-03140,Youngstown Branch #4,Youngstown,Mahoning County,OH,44505,41.11588,-80.62204,in_store,360,1981,leased,modified_gross,landlord,shared_unmetered,host_building_system,unknown,,unknown,fluorescent,0,False,0,False,n/a,0,68,1
MNB-03141,Dumas Branch,Dumas,Moore County,TX,79029,35.89528,-101.9612,full_service,3470,1974,owned,n/a,bank,direct_utility_meter,heat_pump,electricity,2022,R-410A,mixed,1,False,1,False,n/a,0,51,2
MNB-03142,Carolina Beach Branch,Carolina Beach,New Hanover County,NC,28428,34.03269,-77.88823,full_service,6240,1989,owned,n/a,bank,landlord_submeter,split_ac_gas_furnace,natural_gas,2023,R-410A,led,3,True,1,False,n/a,0,51,1
MNB-03143,Hartford Branch,Hartford,Madison County,IL,62048,38.82567,-90.11013,full_service,6830,1972,owned,n/a,bank,direct_utility_meter,rtu_gas_heat,natural_gas,2009,R-22,led,4,False,0,False,n/a,0,45,1
MNB-03144,Mitchell Branch,Mitchell,Glascock County,GA,30820,33.20067,-82.67618,full_service,6320,1979,leased,triple_net,bank,direct_utility_meter,rtu_gas_heat,natural_gas,2008,R-22,led,2,True,2,False,n/a,0,46,3
MNB-03145,Apalachicola Branch,Apalachicola,Franklin County,FL,32320,29.7025,-85.0185,full_service,3910,1981,owned,n/a,bank,direct_utility_meter,heat_pump,electricity,2020,R-410A,led,2,False,3,True,diesel,0,47,1
MNB-03146,Cool Branch,Cool,El Dorado County,CA,95614,38.86972,-120.99528,full_service,2830,2002,leased,modified_gross,landlord,shared_unmetered,rtu_gas_heat,natural_gas,2012,R-410A,led,3,True,3,False,n/a,0,42,3
MNB-03147,Bakersfield Branch #3,Bakersfield,Kern County,CA,93301,35.39813,-118.99116,full_service,4140,1966,owned,n/a,bank,direct_utility_meter,split_ac_gas_furnace,natural_gas,2005,R-22,mixed,3,True,0,False,n/a,0,53,1
MNB-03148,Johnstown Branch #3,Johnstown,Cambria County,PA,15905,40.28188,-78.94604,drive_thru_only,1000,1976,leased,triple_net,bank,direct_utility_meter,boiler_with_split_ac,fuel_oil,2014,R-410A,mixed,4,True,3,False,n/a,0,53,1
MNB-03149,Belmont Branch,Belmont,San Mateo County,CA,94002,37.5082,-122.30158,drive_thru_only,1470,1983,owned,n/a,bank,direct_utility_meter,rtu_gas_heat,natural_gas,2007,R-22,led,2,False,1,False,n/a,0,53,1
MNB-03150,Alva Branch,Alva,Lee County,FL,33920,26.7099,-81.62127,drive_thru_only,1050,1992,owned,n/a,bank,direct_utility_meter,rtu_gas_heat,natural_gas,2008,R-22,mixed,1,True,0,False,n/a,0,53,1
MNB-03151,Dayton Branch #2,Dayton,Greene County,OH,45430,39.73012,-84.11617,full_service,4220,1955,leased,modified_gross,landlord,shared_unmetered,rtu_gas_heat,natural_gas,2015,R-410A,fluorescent,4,True,1,False,n/a,0,42,3
MNB-03152,Camp Dennison Branch,Camp Dennison,Hamilton County,OH,45111,39.20542,-84.29507,full_service,4290,2024,leased,modified_gross,bank,direct_utility_meter,split_ac_gas_furnace,natural_gas,2024,R-410A,led,1,False,2,False,n/a,0,47,1
MNB-03153,Albers Branch,Albers,Clinton County,IL,62215,38.52531,-89.60521,full_service,4730,1981,owned,n/a,bank,direct_utility_meter,rtu_gas_heat,natural_gas,2012,R-410A,led,1,True,2,False,n/a,0,54,1
MNB-03154,Port Orange Branch,Port Orange,Volusia County,FL,32128,29.15395,-80.99509,in_store,760,1980,leased,full_gross,landlord,shared_unmetered,host_building_system,unknown,,unknown,led,1,False,0,False,n/a,0,68,3
MNB-03155,Philadelphia Branch #2,Philadelphia,Philadelphia County,PA,19138,40.04791,-75.17564,full_service,3370,2000,leased,full_gross,landlord,shared_unmetered,split_ac_gas_furnace,natural_gas,2022,R-410A,mixed,3,False,1,False,n/a,0,46,2
MNB-03156,Felton Branch,Felton,Santa Cruz County,CA,95018,37.07831,-122.05527,full_service,3050,2017,owned,n/a,bank,direct_utility_meter,split_ac_gas_furnace,natural_gas,2022,R-410A,led,1,True,2,False,n/a,0,42,3
MNB-03157,Hart Branch,Hart,Castro County,TX,79043,34.37149,-102.12026,express,2530,1993,leased,triple_net,bank,landlord_submeter,rtu_gas_heat,natural_gas,2021,R-410A,led,1,True,0,False,n/a,0,43,1
MNB-03158,Indianapolis Branch #8,Indianapolis,Marion County,IN,46216,39.87758,-85.99512,express,1190,1977,leased,full_gross,landlord,shared_unmetered,split_ac_gas_furnace,natural_gas,2018,R-410A,mixed,3,False,0,False,n/a,0,46,2
MNB-03159,Blair Branch,Blair,Trempealeau County,WI,54616,44.29193,-91.23077,full_service,6860,2000,leased,triple_net,bank,direct_utility_meter,rtu_gas_heat,natural_gas,2010,R-410A,led,3,False,1,True,diesel,0,50,1
MNB-03160,Bucyrus Branch,Bucyrus,Johnson County,KS,66013,38.71596,-94.67609,in_store,400,1995,leased,full_gross,landlord,shared_unmetered,host_building_system,unknown,,unknown,led,1,False,0,False,n/a,0,62,3
MNB-03161,Chicago Ridge Branch,Chicago Ridge,Cook County,IL,60415,41.69909,-87.75609,full_service,3520,1991,leased,triple_net,bank,direct_utility_meter,split_ac_gas_furnace,natural_gas,1999,R-22,mixed,2,True,2,False,n/a,0,51,1
MNB-03162,Rushville Branch,Rushville,Buchanan County,MO,64484,39.56863,-95.05151,full_service,5620,2024,leased,modified_gross,bank,direct_utility_meter,split_ac_gas_furnace,natural_gas,2024,R-410A,led,1,False,2,False,n/a,0,48,1
MNB-03163,Tomahawk Branch,Tomahawk,Martin County,KY,41262,37.86276,-82.59942,full_service,4200,2024,leased,modified_gross,landlord,landlord_submeter,rtu_gas_heat,natural_gas,2024,R-410A,led,1,True,3,False,n/a,0,49,3
MNB-03164,San Antonio Branch #9,San Antonio,Bexar County,TX,78251,29.46635,-98.65084,full_service,2820,2000,owned,n/a,bank,direct_utility_meter,rtu_gas_heat,natural_gas,2015,R-410A,mixed,4,False,3,False,n/a,0,44,1
MNB-03165,Bowen Branch,Bowen,Hancock County,IL,62316,40.2271,-91.08079,in_store,720,1959,leased,full_gross,landlord,landlord_submeter,host_building_system,unknown,,unknown,mixed,1,False,0,False,n/a,0,65,3
MNB-03166,Catonsville Branch,Catonsville,Baltimore County,MD,21228,39.28564,-76.73686,full_service,4280,2000,owned,n/a,bank,landlord_submeter,rtu_gas_heat,natural_gas,2011,R-410A,led,4,False,2,False,n/a,0,52,1
MNB-03167,Clinton Branch,Clinton,De Witt County,IL,61727,40.15401,-88.9654,full_service,3930,2022,owned,n/a,bank,direct_utility_meter,rtu_gas_heat,natural_gas,2022,R-410A,mixed,3,True,3,False,n/a,49,44,3
MNB-03168,Hinckley Branch,Hinckley,Millard County,UT,84635,39.33007,-112.67454,flagship,10900,2021,owned,n/a,bank,landlord_submeter,rtu_gas_heat,natural_gas,2021,R-410A,led,3,True,0,True,diesel,0,55,2
MNB-03169,Norfolk Branch #2,Norfolk,Norfolk city,VA,23511,36.9303,-76.30281,full_service,4150,1974,leased,triple_net,bank,direct_utility_meter,boiler_with_split_ac,natural_gas,2009,R-22,fluorescent,3,True,0,False,n/a,0,50,1
MNB-03170,Goodwell Branch,Goodwell,Texas County,OK,73939,36.67622,-101.71284,full_service,3520,1972,leased,triple_net,bank,direct_utility_meter,heat_pump,electricity,2011,R-410A,mixed,3,True,1,False,n/a,0,44,1
MNB-03171,Casa Grande Branch,Casa Grande,Pinal County,AZ,85194,32.905,-111.62413,full_service,8000,1968,leased,triple_net,bank,landlord_submeter,rtu_electric_heat,electricity,2014,R-410A,fluorescent,3,True,2,False,n/a,0,48,1
MNB-03172,Flintstone Branch,Flintstone,Walker County,GA,30725,34.94994,-85.35959,full_service,3900,2015,owned,n/a,bank,direct_utility_meter,split_ac_gas_furnace,natural_gas,2015,R-410A,led,1,True,0,True,diesel,0,53,1
MNB-03173,Bridgeport Branch,Bridgeport,Fairfield County,CT,06606,41.22037,-73.21526,full_service,3750,1995,leased,triple_net,bank,direct_utility_meter,rtu_gas_heat,natural_gas,2009,R-22,mixed,4,True,3,False,n/a,0,45,1
MNB-03174,Beaverton Branch,Beaverton,Gladwin County,MI,48612,43.89831,-84.42552,full_service,3570,1984,leased,triple_net,bank,direct_utility_meter,rtu_gas_heat,natural_gas,2016,R-410A,mixed,3,False,3,False,n/a,0,52,1
MNB-03175,Chichester Branch,Chichester,Merrimack County,NH,03258,43.28106,-71.41104,express,2800,1983,leased,full_gross,landlord,shared_unmetered,split_ac_gas_furnace,natural_gas,2006,R-22,led,1,True,0,False,n/a,0,48,3
MNB-03176,Margarettsville Branch,Margarettsville,Northampton County,NC,27853,36.53069,-77.33127,full_service,2560,1979,leased,triple_net,bank,direct_utility_meter,rtu_electric_heat,electricity,2009,R-22,mixed,1,False,2,False,n/a,0,49,1
MNB-03177,Tyler Branch #2,Tyler,Smith County,TX,75704,32.37962,-95.40311,full_service,4670,2018,owned,n/a,bank,direct_utility_meter,heat_pump,electricity,2018,R-410A,led,3,False,2,False,n/a,0,48,1
MNB-03178,Plattsburg Branch,Plattsburg,Clinton County,MO,64477,39.57895,-94.45558,full_service,3900,1990,leased,triple_net,bank,landlord_submeter,rtu_gas_heat,natural_gas,2005,R-22,led,2,True,1,False,n/a,0,44,2
MNB-03179,Kingman Branch,Kingman,Mohave County,AZ,86409,35.25119,-114.03107,drive_thru_only,700,1977,leased,triple_net,bank,direct_utility_meter,heat_pump,electricity,2017,R-410A,led,4,True,2,False,n/a,0,46,1
MNB-03180,Guyton Branch,Guyton,Effingham County,GA,31312,32.30867,-81.39296,full_service,3280,2009,leased,triple_net,bank,direct_utility_meter,rtu_electric_heat,electricity,2011,R-410A,mixed,3,True,3,False,n/a,0,54,2
MNB-03181,Howey In The Hills Branch,Howey In The Hills,Lake County,FL,34737,28.69103,-81.80787,full_service,4610,2005,owned,n/a,bank,direct_utility_meter,rtu_gas_heat,natural_gas,2007,R-22,led,4,True,1,False,n/a,0,49,2
MNB-03182,Naples Branch #5,Naples,Collier County,FL,34114,26.02207,-81.56605,flagship,9900,2009,owned,n/a,bank,landlord_submeter,rtu_gas_heat,natural_gas,2023,R-410A,mixed,4,True,0,True,diesel,29,51,1
MNB-03183,Clayton Branch,Clayton,Kent County,DE,19938,39.25431,-75.69017,full_service,4540,2015,owned,n/a,bank,direct_utility_meter,rtu_gas_heat,natural_gas,2015,R-410A,led,3,True,1,False,n/a,0,46,1
MNB-03184,Linn Branch,Linn,Washington County,KS,66953,39.68636,-97.08328,full_service,7050,1963,leased,triple_net,bank,landlord_submeter,rtu_gas_heat,natural_gas,2011,R-410A,fluorescent,1,True,2,False,n/a,0,48,3
MNB-03185,Lahaina Branch,Lahaina,Maui County,HI,96761,20.93045,-156.683,full_service,4420,1950,owned,n/a,bank,landlord_submeter,rtu_gas_heat,natural_gas,1999,R-22,led,3,True,3,False,n/a,0,46,2
MNB-03186,Newport Beach Branch #2,Newport Beach,Orange County,CA,92660,33.63986,-117.86859,full_service,2710,1957,leased,full_gross,landlord,shared_unmetered,rtu_gas_heat,natural_gas,2024,R-410A,fluorescent,1,True,0,False,n/a,0,53,3
MNB-03187,Appleton Branch #2,Appleton,Outagamie County,WI,54911,44.27536,-88.41218,flagship,9970,2009,owned,n/a,bank,direct_utility_meter,split_ac_gas_furnace,natural_gas,2020,R-410A,fluorescent,1,False,0,True,diesel,0,52,1
MNB-03188,East Meredith Branch,East Meredith,Delaware County,NY,13757,42.40206,-74.90074,full_service,3850,2021,owned,n/a,bank,direct_utility_meter,split_ac_gas_furnace,natural_gas,2021,R-410A,led,1,False,1,False,n/a,0,51,1
MNB-03189,Magnolia Branch,Magnolia,Rock County,MN,56158,43.65762,-96.08814,full_service,3770,1984,owned,n/a,bank,direct_utility_meter,rtu_gas_heat,natural_gas,2005,R-22,led,4,True,1,False,n/a,0,49,1
MNB-03190,Oriskany Falls Branch,Oriskany Falls,Oneida County,NY,13425,42.96689,-75.48713,full_service,4390,2013,owned,n/a,bank,direct_utility_meter,rtu_gas_heat,natural_gas,2013,R-410A,led,4,False,1,False,n/a,0,48,2
MNB-03191,Mechanicsville Branch,Mechanicsville,Bucks County,PA,18934,40.33012,-75.09832,full_service,4610,2010,owned,n/a,bank,direct_utility_meter,rtu_gas_heat,natural_gas,2010,R-410A,led,2,False,0,False,n/a,0,52,1
MNB-03192,Custer Branch,Custer,Mason County,MI,49405,43.92864,-86.19124,full_service,7050,2023,leased,triple_net,bank,direct_utility_meter,heat_pump,electricity,2023,R-410A,led,2,False,3,False,n/a,0,47,1
MNB-03193,Roselle Branch,Roselle,DuPage County,IL,60172,41.98179,-88.06813,drive_thru_only,990,1994,leased,modified_gross,bank,direct_utility_meter,split_ac_gas_furnace,natural_gas,1998,R-22,led,2,True,1,False,n/a,0,49,1
MNB-03194,Florahome Branch,Florahome,Putnam County,FL,32140,29.76745,-81.85224,full_service,2970,1969,owned,n/a,bank,direct_utility_meter,rtu_gas_heat,natural_gas,2015,R-410A,led,1,True,1,False,n/a,0,45,1
MNB-03195,Milford Branch,Milford,Sussex County,DE,19963,38.93272,-75.41407,express,2400,2012,leased,triple_net,bank,direct_utility_meter,rtu_gas_heat,natural_gas,2012,R-410A,fluorescent,2,True,0,False,n/a,0,52,1
MNB-03196,Abrams Branch,Abrams,Oconto County,WI,54101,44.79031,-88.04045,drive_thru_only,1370,2015,leased,full_gross,landlord,landlord_submeter,rtu_gas_heat,natural_gas,2023,R-410A,mixed,4,False,1,False,n/a,0,50,3
MNB-03197,Cohoes Branch,Cohoes,Albany County,NY,12047,42.78242,-73.70432,full_service,4500,2009,owned,n/a,bank,direct_utility_meter,rtu_gas_heat,natural_gas,2009,R-22,mixed,1,False,0,False,n/a,19,50,1
MNB-03198,Bozman Branch,Bozman,Talbot County,MD,21612,38.75227,-76.28183,in_store,610,2017,leased,full_gross,landlord,landlord_submeter,host_building_system,unknown,,unknown,mixed,1,False,0,False,n/a,0,61,3
MNB-03199,Munday Branch,Munday,Knox County,TX,76371,33.44801,-99.64505,in_store,750,1987,leased,full_gross,landlord,landlord_submeter,host_building_system,unknown,,unknown,led,0,False,0,False,n/a,0,66,3
MNB-03200,Herriman Branch,Herriman,Salt Lake County,UT,84096,40.51126,-112.01874,full_service,3940,2008,leased,full_gross,landlord,shared_unmetered,rtu_gas_heat,propane,2008,R-22,mixed,3,False,3,False,n/a,0,53,3
MNB-03201,Jefferson Branch,Jefferson,Marion County,TX,75657,32.80613,-94.36473,full_service,2260,1978,owned,n/a,bank,direct_utility_meter,heat_pump,electricity,2024,R-410A,mixed,4,True,1,False,n/a,0,45,1
MNB-03202,Alleghany Branch,Alleghany,Sierra County,CA,95910,39.48218,-120.81837,full_service,4970,1992,leased,modified_gross,landlord,landlord_submeter,rtu_gas_heat,natural_gas,2001,R-22,led,3,True,0,False,n/a,0,47,2
MNB-03203,Picacho Branch,Picacho,Pinal County,AZ,85141,32.64597,-111.45928,full_service,5480,1976,leased,triple_net,bank,direct_utility_meter,split_ac_gas_furnace,natural_gas,2019,R-410A,mixed,2,True,1,False,n/a,0,50,1
MNB-03204,Branchville Branch,Branchville,Orangeburg County,SC,29432,33.25803,-80.78223,in_store,930,1968,leased,modified_gross,bank,direct_utility_meter,host_building_system,unknown,,unknown,fluorescent,1,False,0,False,n/a,0,61,1
MNB-03205,Clio Branch,Clio,Barbour County,AL,36017,31.68587,-85.59228,full_service,3370,1955,leased,full_gross,landlord,shared_unmetered,heat_pump,electricity,2016,R-410A,mixed,2,True,3,False,n/a,0,51,2
MNB-03206,Concrete Branch,Concrete,Skagit County,WA,98237,48.52762,-121.64827,full_service,4490,2007,owned,n/a,bank,landlord_submeter,rtu_gas_heat,natural_gas,2009,R-22,led,2,True,1,True,diesel,0,42,1
MNB-03207,Mc Coy Branch,Mc Coy,Routt County,CO,80463,39.88004,-106.76644,full_service,4520,2018,owned,n/a,bank,direct_utility_meter,heat_pump,electricity,2018,R-410A,led,4,False,1,False,n/a,0,51,3
MNB-03208,Phoenix Branch #9,Phoenix,Maricopa County,AZ,85040,33.41196,-112.03878,full_service,4300,1982,leased,triple_net,bank,landlord_submeter,heat_pump,electricity,2011,R-410A,led,3,True,1,False,n/a,0,46,1
MNB-03209,Somerset Branch,Somerset,St. Croix County,WI,54025,45.12015,-92.69232,in_store,660,1991,leased,full_gross,landlord,landlord_submeter,host_building_system,unknown,,unknown,mixed,1,False,0,False,n/a,0,65,3
MNB-03210,Honolulu Branch #4,Honolulu,Honolulu County,HI,96818,21.33366,-157.9393,drive_thru_only,1000,1950,owned,n/a,bank,landlord_submeter,heat_pump,electricity,2011,R-410A,mixed,1,False,2,False,n/a,0,50,1
MNB-03211,Newalla Branch,Newalla,Cleveland County,OK,74857,35.36922,-97.21186,drive_thru_only,1050,1990,owned,n/a,bank,direct_utility_meter,heat_pump,electricity,2013,R-410A,mixed,1,False,2,False,n/a,0,49,1
MNB-03212,Hendersonville Branch,Hendersonville,Sumner County,TN,37075,36.31457,-86.5992,full_service,5240,1980,leased,full_gross,landlord,shared_unmetered,split_ac_gas_furnace,natural_gas,2013,R-410A,fluorescent,3,False,3,True,diesel,0,54,3
MNB-03213,Austin Branch #3,Austin,Travis County,TX,78739,30.19225,-97.88076,full_service,6050,2001,leased,modified_gross,bank,direct_utility_meter,rtu_electric_heat,electricity,2017,R-410A,mixed,3,False,0,False,n/a,0,48,1
MNB-03214,Waterford Branch,Waterford,Erie County,PA,16441,41.96969,-79.99897,drive_thru_only,820,2020,leased,modified_gross,bank,direct_utility_meter,rtu_gas_heat,natural_gas,2020,R-410A,led,2,True,0,False,n/a,0,50,1
MNB-03215,North Dartmouth Branch,North Dartmouth,Bristol County,MA,02747,41.61618,-70.98913,full_service,3980,1996,leased,modified_gross,bank,direct_utility_meter,rtu_gas_heat,natural_gas,2024,R-410A,led,2,True,0,False,n/a,0,51,1
MNB-03216,Albany Branch,Albany,Dougherty County,GA,31705,31.54361,-84.10059,in_store,580,2007,leased,modified_gross,landlord,shared_unmetered,host_building_system,unknown,,unknown,mixed,0,False,0,False,n/a,0,63,3
MNB-03217,Clarendon Hills Branch,Clarendon Hills,DuPage County,IL,60514,41.79958,-87.94146,full_service,3540,2009,leased,triple_net,bank,direct_utility_meter,heat_pump,electricity,2016,R-410A,led,1,False,0,False,n/a,0,54,1
MNB-03218,Little Rock Branch,Little Rock,Pulaski County,AR,72223,34.79233,-92.50859,full_service,2580,1968,owned,n/a,bank,direct_utility_meter,heat_pump,electricity,2009,R-22,mixed,4,True,0,False,n/a,0,54,1
MNB-03219,Mecca Branch,Mecca,Riverside County,CA,92254,33.55147,-116.01231,full_service,4230,1985,leased,full_gross,landlord,shared_unmetered,split_ac_gas_furnace,natural_gas,2007,R-22,mixed,1,False,1,False,n/a,0,51,3
MNB-03220,Bel Alton Branch,Bel Alton,Charles County,MD,20611,38.4621,-76.97145,in_store,730,1964,leased,modified_gross,bank,direct_utility_meter,host_building_system,unknown,,unknown,mixed,0,False,0,False,n/a,0,75,3
MNB-03221,Berkeley Branch #2,Berkeley,Alameda County,CA,94703,37.86378,-122.25845,full_service,4000,1992,leased,full_gross,landlord,landlord_submeter,split_ac_gas_furnace,propane,2020,R-410A,mixed,3,True,3,False,n/a,0,44,2
MNB-03222,Harrogate Branch,Harrogate,Claiborne County,TN,37752,36.58174,-83.60856,drive_thru_only,990,2019,leased,triple_net,bank,direct_utility_meter,heat_pump,electricity,2019,R-410A,led,3,False,0,False,n/a,0,53,1
MNB-03223,Walkerville Branch,Walkerville,Oceana County,MI,49459,43.77251,-86.10848,full_service,4760,1995,leased,full_gross,landlord,landlord_submeter,heat_pump,electricity,1999,R-22,fluorescent,3,False,0,False,n/a,0,47,1
MNB-03224,Springfield Branch #2,Springfield,Sangamon County,IL,62707,39.84473,-89.65371,full_service,6410,1993,owned,n/a,bank,direct_utility_meter,split_ac_gas_furnace,natural_gas,2015,R-410A,led,1,True,3,False,n/a,0,49,1
MNB-03225,Fort Dodge Branch,Fort Dodge,Ford County,KS,67843,37.72616,-99.93459,in_store,580,1973,leased,modified_gross,bank,direct_utility_meter,host_building_system,unknown,,unknown,fluorescent,0,False,0,False,n/a,0,63,1
MNB-03226,Clinton Corners Branch,Clinton Corners,Dutchess County,NY,12514,41.83685,-73.77831,full_service,2950,1982,leased,full_gross,landlord,shared_unmetered,rtu_gas_heat,natural_gas,2017,R-410A,mixed,3,False,3,False,n/a,0,45,3
MNB-03227,Gonzales Branch,Gonzales,Gonzales County,TX,78629,29.50114,-97.44773,full_service,4080,2021,leased,modified_gross,bank,direct_utility_meter,heat_pump,electricity,2021,R-410A,led,3,True,1,False,n/a,0,43,1
MNB-03228,Newhebron Branch,Newhebron,Lawrence County,MS,39140,31.74221,-90.05673,flagship,29730,1982,leased,full_gross,landlord,landlord_submeter,rtu_gas_heat,natural_gas,2008,R-22,mixed,2,True,0,True,diesel,0,54,3
MNB-03229,Prairie Village Branch,Prairie Village,Johnson County,KS,66208,38.97946,-94.64971,in_store,480,2010,leased,full_gross,landlord,landlord_submeter,host_building_system,unknown,,unknown,led,1,False,0,False,n/a,0,74,3
MNB-03230,Kamuela Branch,Kamuela,Hawaii County,HI,96743,19.90489,-155.73484,full_service,5100,1955,owned,n/a,bank,direct_utility_meter,rtu_electric_heat,electricity,2017,R-410A,led,3,False,2,False,n/a,0,50,1
MNB-03231,Davis Branch,Davis,Carteret County,NC,28524,34.79673,-76.46696,drive_thru_only,1330,1966,owned,n/a,bank,direct_utility_meter,heat_pump,electricity,2016,R-410A,mixed,1,False,0,False,n/a,0,48,2
MNB-03232,Methow Branch,Methow,Okanogan County,WA,98834,48.08999,-120.09398,full_service,2200,1982,owned,n/a,bank,landlord_submeter,rtu_gas_heat,natural_gas,2022,R-410A,led,3,False,0,False,n/a,0,53,1
MNB-03233,New Castle Branch #2,New Castle,Lawrence County,PA,16101,40.99479,-80.33395,full_service,4750,2019,leased,triple_net,bank,direct_utility_meter,rtu_gas_heat,natural_gas,2021,R-410A,mixed,4,False,3,True,diesel,0,50,2
MNB-03234,Rosedale Branch,Rosedale,Parke County,IN,47874,39.61276,-87.29377,full_service,5030,1974,leased,modified_gross,bank,direct_utility_meter,rtu_gas_heat,natural_gas,2018,R-410A,fluorescent,4,False,3,False,n/a,0,49,2
MNB-03235,Union Branch,Union,Strafford County,NH,03887,43.49193,-71.06349,full_service,3870,2010,leased,triple_net,bank,landlord_submeter,split_ac_gas_furnace,propane,2024,R-410A,led,3,False,0,True,diesel,0,48,1
MNB-03236,Crawford Branch,Crawford,Upshur County,WV,26343,38.85662,-80.43585,full_service,3450,1969,leased,triple_net,bank,direct_utility_meter,heat_pump,electricity,2018,R-410A,mixed,2,False,3,False,n/a,0,49,1
MNB-03237,Dixmont Branch,Dixmont,Penobscot County,ME,04932,44.69946,-69.10779,full_service,3510,2003,leased,full_gross,landlord,shared_unmetered,split_ac_gas_furnace,natural_gas,2021,R-410A,mixed,1,False,2,False,n/a,0,49,3
MNB-03238,Pearl City Branch,Pearl City,Honolulu County,HI,96782,21.4094,-157.91865,in_store,590,2002,leased,full_gross,landlord,shared_unmetered,host_building_system,unknown,,unknown,led,0,False,0,False,n/a,0,69,3
MNB-03239,Treece Branch,Treece,Cherokee County,KS,66778,37.00414,-94.82471,full_service,3830,2004,owned,n/a,bank,direct_utility_meter,rtu_gas_heat,natural_gas,2010,R-410A,led,3,True,3,False,n/a,0,47,1
MNB-03240,Portland Branch #4,Portland,Multnomah County,OR,97220,45.5426,-122.54883,full_service,3620,1980,owned,n/a,bank,direct_utility_meter,heat_pump,electricity,2008,R-22,led,2,False,2,False,n/a,0,46,1
MNB-03241,Bedford Branch,Bedford,Westchester County,NY,10506,41.18784,-73.62726,drive_thru_only,910,1969,leased,triple_net,bank,landlord_submeter,boiler_with_split_ac,fuel_oil,2019,R-410A,mixed,2,False,0,False,n/a,0,48,1
MNB-03242,Glen Saint Mary Branch,Glen Saint Mary,Baker County,FL,32040,30.26766,-82.19683,flagship,22540,2019,owned,n/a,bank,direct_utility_meter,rtu_gas_heat,natural_gas,2023,R-410A,led,3,True,0,True,diesel,0,54,1
MNB-03243,Pitman Branch,Pitman,Schuylkill County,PA,17964,40.68717,-76.53986,full_service,2910,2000,leased,full_gross,landlord,landlord_submeter,rtu_gas_heat,natural_gas,2013,R-410A,led,1,False,3,False,n/a,0,48,3
MNB-03244,Marion Center Branch,Marion Center,Indiana County,PA,15759,40.77439,-79.03571,express,1160,1974,leased,triple_net,bank,direct_utility_meter,split_ac_gas_furnace,natural_gas,2003,R-22,fluorescent,2,False,0,False,n/a,0,42,1
MNB-03245,Concord Branch,Concord,Cabarrus County,NC,28025,35.3715,-80.53246,drive_thru_only,1350,1990,leased,triple_net,bank,landlord_submeter,heat_pump,electricity,2019,R-410A,led,3,False,1,False,n/a,0,52,1
MNB-03246,Montrose Branch,Montrose,Montrose County,CO,81401,38.4605,-107.88391,full_service,3960,1959,owned,n/a,bank,direct_utility_meter,split_ac_gas_furnace,natural_gas,2005,R-22,led,4,False,1,False,n/a,0,49,1
MNB-03247,Stoneville Branch,Stoneville,Rockingham County,NC,27048,36.478,-79.91407,full_service,3730,1994,leased,modified_gross,bank,direct_utility_meter,rtu_gas_heat,natural_gas,2017,R-410A,fluorescent,4,False,2,False,n/a,0,43,3
MNB-03248,San Jose Branch #8,San Jose,Santa Clara County,CA,95125,37.29265,-121.91637,full_service,4060,1991,owned,n/a,bank,direct_utility_meter,heat_pump,electricity,2003,R-22,led,2,True,0,False,n/a,0,43,1
MNB-03249,Buena Vista Branch,Buena Vista,Chaffee County,CO,81211,38.82642,-106.16326,in_store,680,1966,leased,full_gross,landlord,landlord_submeter,host_building_system,unknown,,unknown,mixed,1,False,0,False,n/a,0,74,3
MNB-03250,Shullsburg Branch,Shullsburg,Lafayette County,WI,53586,42.57526,-90.22968,full_service,3580,1992,leased,triple_net,bank,direct_utility_meter,rtu_gas_heat,natural_gas,2011,R-410A,led,1,True,0,True,diesel,0,49,3
MNB-03251,Old Glory Branch,Old Glory,Stonewall County,TX,79540,33.13251,-100.05673,full_service,4880,2005,owned,n/a,bank,landlord_submeter,rtu_gas_heat,natural_gas,2008,R-22,led,1,False,3,False,n/a,0,47,1
MNB-03252,Menlo Branch,Menlo,Chattooga County,GA,30731,34.5903,-85.48692,in_store,510,2021,leased,full_gross,landlord,landlord_submeter,host_building_system,unknown,,unknown,led,1,False,0,False,n/a,0,77,3
MNB-03253,Gardendale Branch,Gardendale,Ector County,TX,79758,32.04704,-102.35625,full_service,3830,2009,leased,triple_net,bank,direct_utility_meter,rtu_electric_heat,electricity,2017,R-410A,mixed,1,True,1,False,n/a,0,53,1
MNB-03254,Yonkers Branch,Yonkers,Westchester County,NY,10704,40.90957,-73.86451,full_service,2200,1996,owned,n/a,bank,landlord_submeter,rtu_gas_heat,natural_gas,2004,R-22,led,2,False,1,False,n/a,0,43,1
MNB-03255,Zion Grove Branch,Zion Grove,Schuylkill County,PA,17985,40.91322,-76.18001,drive_thru_only,1340,2012,leased,modified_gross,bank,direct_utility_meter,split_ac_gas_furnace,natural_gas,2012,R-410A,mixed,3,True,2,False,n/a,0,47,1
MNB-03256,Schofield Barracks Branch,Schofield Barracks,Honolulu County,HI,96857,21.50141,-158.06654,flagship,13040,1980,owned,n/a,bank,direct_utility_meter,rtu_gas_heat,natural_gas,2023,R-410A,fluorescent,4,False,0,True,diesel,0,53,1
MNB-03257,Boca Raton Branch #2,Boca Raton,Palm Beach County,FL,33496,26.40272,-80.17294,in_store,760,2007,leased,modified_gross,bank,direct_utility_meter,host_building_system,unknown,,unknown,mixed,0,False,0,False,n/a,0,74,1
MNB-03258,Blue Hill Branch,Blue Hill,Webster County,NE,68930,40.30499,-98.42456,full_service,4840,1950,leased,triple_net,bank,landlord_submeter,rtu_gas_heat,natural_gas,2015,R-410A,fluorescent,4,True,3,True,diesel,0,52,2
MNB-03259,Land O Lakes Branch,Land O Lakes,Pasco County,FL,34639,28.20721,-82.47152,full_service,4950,1959,leased,full_gross,landlord,shared_unmetered,rtu_gas_heat,natural_gas,2000,R-22,mixed,1,True,0,False,n/a,0,45,3
MNB-03260,Greensboro Branch,Greensboro,Guilford County,NC,27409,36.07157,-79.90969,full_service,4190,2004,owned,n/a,bank,direct_utility_meter,rtu_gas_heat,natural_gas,2023,R-410A,led,3,False,1,True,diesel,0,42,1
MNB-03261,Woodbury Branch,Woodbury,Meriwether County,GA,30293,32.96842,-84.61343,full_service,4710,1972,owned,n/a,bank,direct_utility_meter,heat_pump,electricity,2010,R-410A,led,2,False,0,True,diesel,0,44,2
MNB-03262,Allen Branch,Allen,Bennett County,SD,57714,43.27008,-101.9342,full_service,3140,2008,owned,n/a,bank,direct_utility_meter,split_ac_gas_furnace,propane,2014,R-410A,mixed,2,False,3,False,n/a,0,54,1
MNB-03263,Royal Branch,Royal,Clay County,IA,51357,43.03925,-95.27684,express,1340,2005,leased,modified_gross,bank,direct_utility_meter,rtu_gas_heat,natural_gas,2016,R-410A,led,3,False,0,False,n/a,0,53,1
MNB-03264,Tygh Valley Branch,Tygh Valley,Wasco County,OR,97063,45.21033,-121.28812,in_store,630,1958,leased,modified_gross,bank,direct_utility_meter,host_building_system,unknown,,unknown,fluorescent,0,False,0,False,n/a,0,66,1
MNB-03265,Springville Branch,Springville,Susquehanna County,PA,18844,41.72171,-75.91861,full_service,3420,1988,owned,n/a,bank,direct_utility_meter,rtu_gas_heat,natural_gas,2004,R-22,mixed,2,False,2,False,n/a,0,45,1
MNB-03266,Tyrone Branch,Tyrone,Blair County,PA,16686,40.66911,-78.24172,full_service,6440,2003,leased,triple_net,bank,direct_utility_meter,rtu_gas_heat,natural_gas,2024,R-410A,fluorescent,2,True,0,False,n/a,0,54,1
MNB-03267,Mc Ewen Branch,Mc Ewen,Humphreys County,TN,37101,36.03835,-87.64493,full_service,4700,2009,owned,n/a,bank,direct_utility_meter,rtu_gas_heat,propane,2012,R-410A,fluorescent,2,True,2,False,n/a,0,54,2
MNB-03268,Odell Branch,Odell,Wilbarger County,TX,79247,34.34208,-99.40871,full_service,3380,2015,owned,n/a,bank,direct_utility_meter,heat_pump,electricity,2023,R-410A,led,4,False,3,False,n/a,0,47,1
MNB-03269,Rockwood Branch,Rockwood,Somerset County,PA,15557,39.915,-79.19567,in_store,600,1984,leased,modified_gross,bank,direct_utility_meter,host_building_system,unknown,,unknown,fluorescent,0,False,0,False,n/a,0,62,2
MNB-03270,Jacksonville Branch #10,Jacksonville,Duval County,FL,32099,30.33157,-81.76839,full_service,4370,2016,leased,full_gross,landlord,shared_unmetered,rtu_electric_heat,electricity,2016,R-410A,led,2,False,3,True,diesel,0,52,3
MNB-03271,Buckeye Branch #2,Buckeye,Maricopa County,AZ,85326,33.37509,-112.58159,drive_thru_only,980,1986,leased,full_gross,landlord,shared_unmetered,rtu_gas_heat,natural_gas,2002,R-22,led,4,True,2,False,n/a,0,54,3
MNB-03272,Minong Branch,Minong,Washburn County,WI,54859,46.1143,-91.83203,full_service,4550,1951,owned,n/a,bank,direct_utility_meter,heat_pump,electricity,2001,R-22,mixed,1,False,1,False,n/a,0,44,3
MNB-03273,Pinellas Park Branch,Pinellas Park,Pinellas County,FL,33782,27.85954,-82.72638,full_service,4280,2003,leased,full_gross,landlord,shared_unmetered,heat_pump,electricity,2021,R-410A,mixed,4,True,1,False,n/a,0,44,3
MNB-03274,Cleveland Branch #2,Cleveland,Cuyahoga County,OH,44119,41.60082,-81.55773,flagship,8020,1976,leased,full_gross,landlord,shared_unmetered,rtu_gas_heat,natural_gas,2001,R-22,fluorescent,1,True,0,True,diesel,0,50,2
MNB-03275,Aurora Branch #2,Aurora,Arapahoe County,CO,80017,39.67991,-104.74815,full_service,2200,1965,owned,n/a,bank,direct_utility_meter,rtu_gas_heat,natural_gas,1999,R-22,fluorescent,4,False,1,False,n/a,0,46,1
MNB-03276,Onemo Branch,Onemo,Mathews County,VA,23130,37.38353,-76.29738,full_service,3750,1978,owned,n/a,bank,landlord_submeter,rtu_gas_heat,natural_gas,1998,R-22,fluorescent,3,True,0,False,n/a,0,49,1
MNB-03277,Oswegatchie Branch,Oswegatchie,St. Lawrence County,NY,13670,44.20182,-75.08859,full_service,4960,2016,owned,n/a,bank,direct_utility_meter,rtu_gas_heat,natural_gas,2016,R-410A,led,1,False,1,False,n/a,0,43,1
MNB-03278,Fremont Branch #2,Fremont,Alameda County,CA,94538,37.55085,-121.97819,full_service,3760,2020,leased,modified_gross,bank,direct_utility_meter,split_ac_gas_furnace,natural_gas,2020,R-410A,led,3,False,1,False,n/a,0,54,1
MNB-03279,Nenana Branch,Nenana,Yukon-Koyukuk Census Area,AK,99760,64.60932,-148.63673,full_service,6080,2023,owned,n/a,bank,direct_utility_meter,rtu_gas_heat,natural_gas,2023,R-410A,led,4,False,2,False,n/a,0,44,1
MNB-03280,Adirondack Branch,Adirondack,Warren County,NY,12808,43.71602,-73.77961,full_service,4140,1982,leased,modified_gross,bank,direct_utility_meter,rtu_gas_heat,natural_gas,2012,R-410A,mixed,3,True,3,True,diesel,0,53,3
MNB-03281,Exeter Branch,Exeter,Tulare County,CA,93221,36.27776,-119.11958,full_service,6310,1993,leased,modified_gross,bank,direct_utility_meter,split_ac_gas_furnace,natural_gas,2003,R-22,led,4,False,2,False,n/a,0,43,1
MNB-03282,Amherst Branch,Amherst,Lamb County,TX,79312,33.97333,-102.45254,full_service,5930,2014,leased,modified_gross,bank,direct_utility_meter,rtu_gas_heat,natural_gas,2014,R-410A,led,4,False,3,False,n/a,0,51,1
MNB-03283,Etna Branch,Etna,Grafton County,NH,03750,43.71285,-72.21815,full_service,5750,1983,owned,n/a,bank,direct_utility_meter,rtu_gas_heat,natural_gas,2000,R-22,led,2,True,3,False,n/a,0,48,3
MNB-03284,Springboro Branch,Springboro,Crawford County,PA,16435,41.807,-80.36422,in_store,480,1988,leased,modified_gross,landlord,landlord_submeter,host_building_system,unknown,,unknown,mixed,1,False,0,False,n/a,0,72,3
MNB-03285,Suffolk Branch,Suffolk,Suffolk city,VA,23432,36.85353,-76.5808,drive_thru_only,1000,1976,leased,full_gross,landlord,landlord_submeter,heat_pump,electricity,2009,R-22,fluorescent,3,False,0,False,n/a,0,48,3
MNB-03286,Crescent Mills Branch,Crescent Mills,Plumas County,CA,95934,40.06809,-120.94066,full_service,6060,2001,owned,n/a,bank,direct_utility_meter,rtu_gas_heat,natural_gas,2022,R-410A,led,2,True,0,False,n/a,0,54,1
MNB-03287,Willow Hill Branch,Willow Hill,Jasper County,IL,62480,38.97708,-88.01994,full_service,4550,2006,leased,full_gross,landlord,shared_unmetered,rtu_gas_heat,natural_gas,2019,R-410A,mixed,3,True,0,False,n/a,0,51,3
MNB-03288,Argyle Branch,Argyle,Denton County,TX,76226,33.11753,-97.16903,full_service,4950,1983,owned,n/a,bank,direct_utility_meter,split_ac_gas_furnace,natural_gas,2008,R-22,mixed,3,False,0,False,n/a,0,51,2
MNB-03289,Roscommon Branch,Roscommon,Roscommon County,MI,48653,44.48554,-84.66363,full_service,2760,1953,owned,n/a,bank,landlord_submeter,split_ac_gas_furnace,natural_gas,2006,R-22,mixed,1,False,1,False,n/a,0,45,2
MNB-03290,Catheys Valley Branch,Catheys Valley,Mariposa County,CA,95306,37.45514,-120.15897,full_service,7460,2010,owned,n/a,bank,direct_utility_meter,rtu_gas_heat,natural_gas,2021,R-410A,mixed,1,False,2,False,n/a,0,46,1
MNB-03291,Hollister Branch,Hollister,Taney County,MO,65672,36.6108,-93.22603,in_store,530,2003,leased,full_gross,landlord,landlord_submeter,host_building_system,unknown,,unknown,mixed,1,False,0,False,n/a,0,77,2
MNB-03292,University Park Branch,University Park,Will County,IL,60484,41.44042,-87.71189,full_service,2300,1974,owned,n/a,bank,direct_utility_meter,rtu_gas_heat,natural_gas,2022,R-410A,mixed,2,False,0,False,n/a,0,46,1
MNB-03293,Southfield Branch,Southfield,Berkshire County,MA,01259,42.09077,-73.25431,full_service,3780,1982,leased,triple_net,bank,direct_utility_meter,boiler_with_split_ac,natural_gas,2000,R-22,led,2,True,1,False,n/a,0,45,2
MNB-03294,Palm Beach Gardens Branch,Palm Beach Gardens,Palm Beach County,FL,33418,26.81166,-80.1363,in_store,350,2022,leased,full_gross,landlord,landlord_submeter,host_building_system,unknown,,unknown,led,1,False,0,False,n/a,0,73,3
MNB-03295,Conroe Branch,Conroe,Montgomery County,TX,77385,30.22147,-95.42632,drive_thru_only,760,2004,owned,n/a,bank,direct_utility_meter,heat_pump,electricity,2010,R-410A,led,1,False,1,False,n/a,0,52,2
MNB-03296,Outlook Branch,Outlook,Yakima County,WA,98938,46.357,-120.11436,full_service,8000,2002,leased,modified_gross,landlord,shared_unmetered,split_ac_gas_furnace,natural_gas,2020,R-410A,led,1,False,0,True,diesel,0,54,3
MNB-03297,Montville Branch,Montville,Morris County,NJ,07045,40.90947,-74.35869,full_service,3740,2005,leased,modified_gross,bank,direct_utility_meter,split_ac_gas_furnace,natural_gas,2005,R-22,led,2,False,0,True,diesel,0,48,1
MNB-03298,Haviland Branch,Haviland,Kiowa County,KS,67059,37.6159,-99.13797,flagship,8000,2022,owned,n/a,bank,direct_utility_meter,rtu_gas_heat,natural_gas,2022,R-410A,fluorescent,4,False,0,True,diesel,0,50,1
MNB-03299,Montgomery Branch #2,Montgomery,Montgomery County,AL,36107,32.40293,-86.2819,full_service,4230,1984,owned,n/a,bank,direct_utility_meter,rtu_gas_heat,natural_gas,2024,R-410A,mixed,3,False,0,False,n/a,0,48,1
MNB-03300,Arlington Branch #3,Arlington,Tarrant County,TX,76016,32.69841,-97.17792,in_store,510,1980,leased,full_gross,landlord,landlord_submeter,host_building_system,unknown,,unknown,mixed,0,False,0,False,n/a,0,69,3
MNB-03301,Willard Branch,Willard,Pender County,NC,28478,34.66524,-78.03203,in_store,800,1987,leased,modified_gross,bank,direct_utility_meter,host_building_system,unknown,,unknown,mixed,1,False,0,False,n/a,0,76,1
MNB-03302,Mount Vernon Branch,Mount Vernon,Franklin County,TX,75457,33.18704,-95.20189,full_service,3210,2014,leased,triple_net,bank,direct_utility_meter,heat_pump,electricity,2014,R-410A,led,2,True,1,False,n/a,0,54,1
MNB-03303,Vandalia Branch,Vandalia,Valley County,MT,59273,48.35061,-106.89247,full_service,4550,1965,leased,triple_net,bank,direct_utility_meter,rtu_gas_heat,propane,2014,R-410A,mixed,4,True,3,False,n/a,0,42,1
MNB-03304,Amarillo Branch,Amarillo,Potter County,TX,79101,35.20449,-101.83307,full_service,2970,1973,owned,n/a,bank,direct_utility_meter,rtu_gas_heat,natural_gas,2011,R-410A,fluorescent,2,False,0,False,n/a,0,43,1
MNB-03305,Tampa Branch #7,Tampa,Hillsborough County,FL,33635,28.01475,-82.61657,full_service,8000,1975,leased,full_gross,landlord,landlord_submeter,rtu_gas_heat,natural_gas,2015,R-410A,led,2,False,0,False,n/a,0,53,3
MNB-03306,Ledbetter Branch,Ledbetter,Livingston County,KY,42058,37.06741,-88.49274,full_service,4880,2005,leased,triple_net,bank,direct_utility_meter,rtu_gas_heat,natural_gas,2010,R-410A,fluorescent,1,False,1,False,n/a,0,42,2
MNB-03307,Baxley Branch,Baxley,Appling County,GA,31513,31.77588,-82.33565,in_store,620,2005,leased,full_gross,landlord,landlord_submeter,host_building_system,unknown,,unknown,mixed,0,False,0,False,n/a,0,74,3
MNB-03308,Latham Branch,Latham,Pike County,OH,45646,39.0816,-83.32696,in_store,600,1987,leased,full_gross,landlord,shared_unmetered,host_building_system,unknown,,unknown,led,0,False,0,False,n/a,0,61,3
MNB-03309,Jersey City Branch,Jersey City,Hudson County,NJ,07305,40.69859,-74.09794,express,1560,1979,leased,triple_net,bank,landlord_submeter,split_ac_gas_furnace,natural_gas,2019,R-410A,fluorescent,4,False,0,False,n/a,0,53,2
MNB-03310,Westfir Branch,Westfir,Lane County,OR,97492,43.7806,-122.46692,flagship,10320,2012,owned,n/a,bank,landlord_submeter,rtu_gas_heat,natural_gas,2012,R-410A,led,3,True,0,True,diesel,0,50,2
MNB-03311,Thompson Ridge Branch,Thompson Ridge,Orange County,NY,10985,41.59879,-74.33284,in_store,530,1954,leased,full_gross,landlord,shared_unmetered,host_building_system,unknown,,unknown,mixed,1,False,0,False,n/a,0,71,1
MNB-03312,Fennville Branch,Fennville,Allegan County,MI,49408,42.57826,-86.12999,full_service,6940,2011,owned,n/a,bank,direct_utility_meter,rtu_gas_heat,natural_gas,2011,R-410A,led,4,False,3,False,n/a,0,51,1
MNB-03313,Costa Mesa Branch #2,Costa Mesa,Orange County,CA,92626,33.68087,-117.9022,full_service,3550,1974,leased,triple_net,bank,direct_utility_meter,rtu_gas_heat,natural_gas,2001,R-22,mixed,4,False,0,False,n/a,0,44,1
MNB-03314,Canton Branch #2,Canton,Stark County,OH,44705,40.82142,-81.35326,full_service,2210,2020,leased,triple_net,bank,direct_utility_meter,split_ac_gas_furnace,natural_gas,2022,R-410A,led,1,True,3,False,n/a,0,46,1
MNB-03315,Archbald Branch,Archbald,Lackawanna County,PA,18403,41.50087,-75.53471,full_service,2960,1990,leased,modified_gross,landlord,shared_unmetered,rtu_gas_heat,propane,2005,R-22,mixed,2,True,0,False,n/a,0,43,3
MNB-03316,Ovid Branch,Ovid,Sedgwick County,CO,80744,40.94195,-102.37433,full_service,5540,2005,leased,triple_net,bank,landlord_submeter,rtu_gas_heat,natural_gas,2018,R-410A,led,2,False,2,False,n/a,0,45,2
MNB-03317,Delhi Branch,Delhi,Merced County,CA,95315,37.42224,-120.77267,full_service,3890,1965,leased,triple_net,bank,direct_utility_meter,rtu_gas_heat,natural_gas,2022,R-410A,mixed,3,False,3,False,n/a,0,54,2
MNB-03318,Melcroft Branch,Melcroft,Fayette County,PA,15462,40.06374,-79.37423,full_service,4030,1977,owned,n/a,bank,direct_utility_meter,rtu_gas_heat,natural_gas,2005,R-22,led,2,False,3,False,n/a,0,45,1
MNB-03319,Frontenac Branch,Frontenac,Crawford County,KS,66763,37.44014,-94.678,full_service,5960,2008,owned,n/a,bank,direct_utility_meter,split_ac_gas_furnace,natural_gas,2017,R-410A,led,2,True,2,False,n/a,0,51,1
MNB-03320,New Orleans Branch #6,New Orleans,Orleans Parish,LA,70128,30.04825,-89.95841,drive_thru_only,820,1999,leased,full_gross,landlord,landlord_submeter,rtu_gas_heat,natural_gas,2015,R-410A,mixed,1,False,0,False,n/a,0,51,2
MNB-03321,Marydel Branch,Marydel,Kent County,DE,19964,39.08082,-75.75674,full_service,5070,2012,leased,triple_net,bank,direct_utility_meter,rtu_gas_heat,natural_gas,2015,R-410A,fluorescent,4,True,0,True,diesel,0,47,1
MNB-03322,Athens Branch,Athens,McMinn County,TN,37303,35.46585,-84.61757,full_service,3430,2000,owned,n/a,bank,direct_utility_meter,rtu_electric_heat,electricity,2000,R-22,mixed,2,True,3,False,n/a,0,54,1
MNB-03323,Oakdale Branch,Oakdale,Stanislaus County,CA,95361,37.79739,-120.82854,full_service,4990,2000,leased,full_gross,landlord,shared_unmetered,rtu_gas_heat,natural_gas,2012,R-410A,led,4,False,1,True,diesel,0,48,3
MNB-03324,Phoenix Branch #10,Phoenix,Maricopa County,AZ,85042,33.38805,-112.0469,full_service,3730,2017,owned,n/a,bank,landlord_submeter,split_ac_gas_furnace,natural_gas,2017,R-410A,mixed,2,False,0,False,n/a,0,43,1
MNB-03325,Mission Viejo Branch #2,Mission Viejo,Orange County,CA,92692,33.63194,-117.64722,full_service,3900,1991,owned,n/a,bank,direct_utility_meter,heat_pump,electricity,1998,R-22,led,4,True,1,False,n/a,0,53,1
MNB-03326,Millersburg Branch,Millersburg,Dauphin County,PA,17061,40.54855,-76.92644,full_service,5370,2019,leased,modified_gross,bank,direct_utility_meter,rtu_gas_heat,natural_gas,2022,R-410A,led,4,True,2,False,n/a,0,43,1
MNB-03327,Lottie Branch,Lottie,Pointe Coupee Parish,LA,70756,30.55914,-91.62417,full_service,5250,1987,owned,n/a,bank,direct_utility_meter,heat_pump,electricity,2018,R-410A,led,1,False,0,False,n/a,0,43,3
MNB-03328,Cabot Branch,Cabot,Butler County,PA,16023,40.78108,-79.7669,in_store,620,1984,leased,full_gross,landlord,shared_unmetered,host_building_system,unknown,,unknown,led,1,False,0,False,n/a,0,68,2
MNB-03329,Monroe Branch #2,Monroe,Union County,NC,28110,35.01507,-80.54492,full_service,3640,2013,owned,n/a,bank,direct_utility_meter,rtu_gas_heat,natural_gas,2013,R-410A,led,3,False,3,False,n/a,0,54,2
MNB-03330,Elmwood Branch,Elmwood,Pierce County,WI,54740,44.76537,-92.20283,flagship,26540,1951,leased,triple_net,bank,direct_utility_meter,split_ac_gas_furnace,propane,2022,R-410A,mixed,1,False,0,True,diesel,0,58,1
MNB-03331,Mesa Branch #3,Mesa,Maricopa County,AZ,85205,33.43802,-111.70869,in_store,750,1970,leased,modified_gross,bank,direct_utility_meter,host_building_system,unknown,,unknown,led,1,False,0,False,n/a,0,68,1
MNB-03332,Headrick Branch,Headrick,Jackson County,OK,73549,34.60955,-99.14085,full_service,3730,1959,owned,n/a,bank,direct_utility_meter,heat_pump,electricity,2000,R-22,mixed,2,False,0,False,n/a,0,54,1
MNB-03333,Austin Branch #4,Austin,Travis County,TX,78742,30.21552,-97.65771,full_service,3450,1997,owned,n/a,bank,direct_utility_meter,heat_pump,electricity,2024,R-410A,fluorescent,2,True,1,False,n/a,0,45,1
MNB-03334,Miami Branch,Miami,Saline County,MO,65344,39.26553,-93.20639,full_service,5710,2004,owned,n/a,bank,direct_utility_meter,split_ac_gas_furnace,natural_gas,2012,R-410A,led,1,True,0,False,n/a,0,53,1
MNB-03335,Littleton Branch #3,Littleton,Arapahoe County,CO,80121,39.617,-104.95176,in_store,660,1951,leased,modified_gross,bank,landlord_submeter,host_building_system,unknown,,unknown,led,0,False,0,False,n/a,0,61,1
MNB-03336,New York Branch #14,New York,New York County,NY,10278,40.73997,-73.99846,in_store,620,1969,leased,full_gross,landlord,landlord_submeter,host_building_system,unknown,,unknown,mixed,0,False,0,False,n/a,0,69,3
MNB-03337,Corpus Christi Branch #4,Corpus Christi,Nueces County,TX,78417,27.74535,-97.4542,in_store,660,1981,leased,modified_gross,landlord,shared_unmetered,host_building_system,unknown,,unknown,fluorescent,1,False,0,False,n/a,0,70,3
MNB-03338,Slidell Branch,Slidell,St. Tammany Parish,LA,70460,30.26885,-89.80282,express,1950,1981,leased,triple_net,bank,landlord_submeter,rtu_gas_heat,natural_gas,1998,R-22,led,4,True,0,False,n/a,37,42,1
MNB-03339,Slocomb Branch,Slocomb,Geneva County,AL,36375,31.11265,-85.58121,full_service,4120,1962,owned,n/a,bank,direct_utility_meter,rtu_gas_heat,natural_gas,2010,R-410A,mixed,2,True,1,False,n/a,36,50,1
MNB-03340,Hubbardsville Branch,Hubbardsville,Madison County,NY,13355,42.83494,-75.42723,in_store,870,1970,leased,full_gross,landlord,shared_unmetered,host_building_system,unknown,,unknown,led,0,False,0,False,n/a,0,65,3
MNB-03341,Dos Rios Branch,Dos Rios,Mendocino County,CA,95429,39.69826,-123.35097,full_service,6120,2017,leased,triple_net,bank,direct_utility_meter,split_ac_gas_furnace,natural_gas,2024,R-410A,mixed,3,False,1,False,n/a,0,46,2
MNB-03342,Brooksville Branch,Brooksville,Hernando County,FL,34613,28.54296,-82.51678,full_service,4920,2008,owned,n/a,bank,direct_utility_meter,rtu_electric_heat,electricity,2008,R-22,mixed,1,True,1,False,n/a,0,42,1
MNB-03343,Carnesville Branch,Carnesville,Franklin County,GA,30521,34.37625,-83.26229,full_service,6340,1981,owned,n/a,bank,landlord_submeter,rtu_gas_heat,natural_gas,2024,R-410A,mixed,3,False,3,False,n/a,0,49,2
MNB-03344,Chrisney Branch,Chrisney,Spencer County,IN,47611,38.02141,-87.04397,in_store,650,1978,leased,full_gross,landlord,shared_unmetered,host_building_system,unknown,,unknown,led,1,False,0,False,n/a,0,65,3
MNB-03345,Wilton Branch,Wilton,Monroe County,WI,54670,43.81649,-90.50151,full_service,5160,1960,leased,triple_net,bank,landlord_submeter,split_ac_gas_furnace,natural_gas,2020,R-410A,led,3,True,2,False,n/a,0,52,1
MNB-03346,Shawsville Branch,Shawsville,Montgomery County,VA,24162,37.15393,-80.26387,full_service,5670,1985,leased,modified_gross,landlord,landlord_submeter,split_ac_gas_furnace,natural_gas,2005,R-22,mixed,4,True,0,False,n/a,0,45,3
MNB-03347,Wolford Branch,Wolford,Pierce County,ND,58385,48.45525,-99.67508,full_service,5700,1989,leased,triple_net,bank,direct_utility_meter,heat_pump,electricity,2017,R-410A,led,4,False,2,False,n/a,0,51,1
MNB-03348,Abilene Branch #2,Abilene,Taylor County,TX,79605,32.42933,-99.77023,express,2260,2020,leased,triple_net,bank,direct_utility_meter,rtu_gas_heat,natural_gas,2024,R-410A,led,2,False,0,False,n/a,0,54,1
MNB-03349,Mazie Branch,Mazie,Lawrence County,KY,41160,38.04066,-83.00089,full_service,5070,2011,owned,n/a,bank,direct_utility_meter,split_ac_gas_furnace,natural_gas,2013,R-410A,led,2,True,0,False,n/a,0,49,1
MNB-03350,Mount Tremper Branch,Mount Tremper,Ulster County,NY,12457,42.04372,-74.25539,full_service,7550,1995,owned,n/a,bank,direct_utility_meter,rtu_gas_heat,natural_gas,2021,R-410A,mixed,2,False,1,False,n/a,0,50,2
MNB-03351,Fort Yates Branch,Fort Yates,Sioux County,ND,58538,46.08451,-100.64007,full_service,3570,1966,leased,full_gross,landlord,landlord_submeter,split_ac_gas_furnace,natural_gas,2005,R-22,led,3,False,3,False,n/a,0,53,2
MNB-03352,San Antonio Branch #10,San Antonio,Bexar County,TX,78206,29.44817,-98.4631,full_service,4000,2006,owned,n/a,bank,direct_utility_meter,rtu_electric_heat,electricity,2021,R-410A,led,1,False,0,False,n/a,0,52,3
MNB-03353,Bel Air Branch,Bel Air,Harford County,MD,21015,39.542,-76.31389,drive_thru_only,940,2021,leased,triple_net,bank,direct_utility_meter,heat_pump,electricity,2021,R-410A,led,4,False,1,False,n/a,0,48,2
MNB-03354,Paisley Branch,Paisley,Lake County,FL,32767,29.01502,-81.5392,flagship,12080,1960,owned,n/a,bank,direct_utility_meter,heat_pump,electricity,2016,R-410A,mixed,3,False,0,True,diesel,0,51,1
MNB-03355,Smith Branch,Smith,Lyon County,NV,89430,38.78379,-119.30761,drive_thru_only,600,2017,owned,n/a,bank,landlord_submeter,rtu_gas_heat,natural_gas,2017,R-410A,fluorescent,1,False,0,False,n/a,0,51,1
MNB-03356,Tampa Branch #8,Tampa,Hillsborough County,FL,33612,28.06318,-82.44594,drive_thru_only,1410,1971,leased,full_gross,landlord,shared_unmetered,split_ac_gas_furnace,natural_gas,2008,R-22,fluorescent,1,False,0,False,n/a,0,51,3
MNB-03357,San Jose Branch #9,San Jose,Santa Clara County,CA,95113,37.34169,-121.88602,full_service,3080,2008,leased,full_gross,landlord,shared_unmetered,split_ac_gas_furnace,natural_gas,2017,R-410A,mixed,3,True,1,False,n/a,0,43,3
MNB-03358,Pedricktown Branch,Pedricktown,Salem County,NJ,08067,39.74669,-75.40045,full_service,4410,1971,leased,triple_net,bank,direct_utility_meter,boiler_with_split_ac,natural_gas,2010,R-410A,led,3,True,0,False,n/a,0,43,1
MNB-03359,Newton Highlands Branch,Newton Highlands,Middlesex County,MA,02461,42.31787,-71.21092,full_service,2740,2002,owned,n/a,bank,landlord_submeter,split_ac_gas_furnace,natural_gas,2020,R-410A,fluorescent,1,False,1,False,n/a,0,54,1
MNB-03360,Irvine Branch #4,Irvine,Orange County,CA,92620,33.69805,-117.75839,in_store,750,1976,leased,full_gross,landlord,landlord_submeter,host_building_system,unknown,,unknown,mixed,0,False,0,False,n/a,0,71,1
MNB-03361,Pandora Branch,Pandora,Putnam County,OH,45877,40.93635,-83.96809,full_service,3310,1999,leased,triple_net,bank,direct_utility_meter,rtu_gas_heat,natural_gas,2011,R-410A,led,3,False,0,False,n/a,0,53,1
MNB-03362,South Park Branch,South Park,Allegheny County,PA,15129,40.28174,-79.99845,in_store,480,2002,leased,full_gross,landlord,landlord_submeter,host_building_system,unknown,,unknown,led,0,False,0,False,n/a,0,69,2
MNB-03363,Boron Branch,Boron,Kern County,CA,93516,35.01542,-117.68304,full_service,4450,2004,leased,triple_net,bank,direct_utility_meter,split_ac_gas_furnace,natural_gas,2015,R-410A,led,2,True,2,True,diesel,0,54,1
MNB-03364,Seneca Branch,Seneca,LaSalle County,IL,61360,41.3181,-88.63217,full_service,3400,2007,leased,triple_net,bank,direct_utility_meter,split_ac_gas_furnace,natural_gas,2007,R-22,mixed,4,False,0,False,n/a,0,42,2
MNB-03365,Laurel Hill Branch,Laurel Hill,Okaloosa County,FL,32567,30.96969,-86.41332,full_service,3530,1959,owned,n/a,bank,direct_utility_meter,split_ac_gas_furnace,natural_gas,2018,R-410A,mixed,4,True,1,False,n/a,0,53,1
MNB-03366,Powhatan Point Branch,Powhatan Point,Belmont County,OH,43942,39.8674,-80.7987,drive_thru_only,1040,2009,owned,n/a,bank,direct_utility_meter,heat_pump,electricity,2011,R-410A,led,3,True,2,False,n/a,0,46,1
MNB-03367,Faber Branch,Faber,Nelson County,VA,22938,37.85954,-78.75975,in_store,790,1968,leased,full_gross,landlord,landlord_submeter,host_building_system,unknown,,unknown,fluorescent,1,False,0,False,n/a,0,72,2
MNB-03368,Manassas Branch #2,Manassas,Prince William County,VA,20111,38.78365,-77.44676,full_service,3280,2007,owned,n/a,bank,direct_utility_meter,rtu_gas_heat,propane,2012,R-410A,led,2,False,0,False,n/a,0,48,2
MNB-03369,Belle Center Branch,Belle Center,Logan County,OH,43310,40.49962,-83.77496,drive_thru_only,780,1965,owned,n/a,bank,landlord_submeter,boiler_with_split_ac,natural_gas,1999,R-22,led,1,False,3,False,n/a,0,46,3
MNB-03370,Elora Branch,Elora,Lincoln County,TN,37328,35.03664,-86.36959,drive_thru_only,1000,1995,leased,triple_net,bank,landlord_submeter,split_ac_gas_furnace,propane,2019,R-410A,led,4,False,1,False,n/a,0,53,1
MNB-03371,Evensville Branch,Evensville,Rhea County,TN,37332,35.61238,-85.01157,full_service,4930,1988,owned,n/a,bank,direct_utility_meter,rtu_electric_heat,electricity,2024,R-410A,fluorescent,3,False,2,False,n/a,0,46,2
MNB-03372,Valentines Branch,Valentines,Brunswick County,VA,23887,36.58087,-77.86447,in_store,930,2023,leased,full_gross,landlord,shared_unmetered,host_building_system,unknown,,unknown,mixed,0,False,0,False,n/a,0,75,3
MNB-03373,Athens Branch,Athens,Marathon County,WI,54411,44.98993,-90.01446,full_service,3040,2004,owned,n/a,bank,direct_utility_meter,rtu_gas_heat,natural_gas,2004,R-22,mixed,3,False,0,False,n/a,0,45,1
MNB-03374,Harvard Branch,Harvard,Worcester County,MA,01451,42.48431,-71.57596,full_service,3810,1961,owned,n/a,bank,direct_utility_meter,split_ac_gas_furnace,natural_gas,2014,R-410A,mixed,2,False,0,False,n/a,0,43,1
MNB-03375,New York Branch #15,New York,New York County,NY,10166,40.75654,-73.97343,full_service,5970,2008,leased,triple_net,bank,direct_utility_meter,heat_pump,electricity,2008,R-22,led,3,True,1,False,n/a,0,47,1
MNB-03376,Douglas Branch,Douglas,Worcester County,MA,01516,42.07258,-71.75962,full_service,7590,1972,owned,n/a,bank,direct_utility_meter,rtu_gas_heat,natural_gas,2015,R-410A,fluorescent,4,True,2,False,n/a,0,49,2
MNB-03377,Raymond Branch,Raymond,Hinds County,MS,39154,32.19393,-90.49736,full_service,3110,1980,leased,triple_net,bank,direct_utility_meter,heat_pump,electricity,2009,R-22,led,2,True,0,True,diesel,46,48,1
MNB-03378,San Jose Branch #10,San Jose,Santa Clara County,CA,95134,37.41407,-121.95021,full_service,3360,1987,owned,n/a,bank,direct_utility_meter,split_ac_gas_furnace,natural_gas,2021,R-410A,fluorescent,4,False,0,False,n/a,0,44,2
MNB-03379,Ephrata Branch,Ephrata,Grant County,WA,98823,47.28365,-119.54259,full_service,4700,2013,leased,triple_net,bank,direct_utility_meter,split_ac_gas_furnace,natural_gas,2013,R-410A,led,2,False,3,False,n/a,0,47,2
MNB-03380,Loving Branch,Loving,Young County,TX,76460,33.25646,-98.51168,in_store,560,2022,leased,full_gross,landlord,landlord_submeter,host_building_system,unknown,,unknown,led,1,False,0,False,n/a,0,76,2
MNB-03381,Lincolnshire Branch,Lincolnshire,Lake County,IL,60069,42.20373,-87.91446,full_service,3340,2021,leased,modified_gross,bank,direct_utility_meter,rtu_gas_heat,natural_gas,2021,R-410A,led,2,False,0,False,n/a,0,42,1
MNB-03382,Oscar Branch,Oscar,Pointe Coupee Parish,LA,70762,30.58157,-91.47226,full_service,4510,1970,leased,full_gross,landlord,landlord_submeter,heat_pump,electricity,2013,R-410A,led,2,True,0,True,diesel,0,50,3
MNB-03383,Ahwahnee Branch,Ahwahnee,Madera County,CA,93601,37.40009,-119.71969,full_service,6680,1958,owned,n/a,bank,direct_utility_meter,rtu_gas_heat,propane,2021,R-410A,led,4,False,2,True,diesel,45,48,3
MNB-03384,Penfield Branch,Penfield,Monroe County,NY,14526,43.15251,-77.4541,full_service,2830,2016,owned,n/a,bank,direct_utility_meter,rtu_gas_heat,natural_gas,2016,R-410A,fluorescent,1,False,0,False,n/a,0,47,1
MNB-03385,Central Square Branch,Central Square,Oswego County,NY,13036,43.31328,-76.17337,drive_thru_only,1450,1980,leased,full_gross,landlord,landlord_submeter,split_ac_gas_furnace,natural_gas,2004,R-22,led,1,False,0,False,n/a,0,46,3
MNB-03386,Spencer Branch,Spencer,Tioga County,NY,14883,42.24305,-76.4915,drive_thru_only,860,2001,leased,triple_net,bank,direct_utility_meter,split_ac_gas_furnace,natural_gas,2001,R-22,fluorescent,1,True,2,False,n/a,0,50,3
MNB-03387,Cherry Hill Branch,Cherry Hill,Camden County,NJ,08034,39.91276,-74.99131,full_service,4650,2023,leased,triple_net,bank,direct_utility_meter,rtu_gas_heat,natural_gas,2023,R-410A,led,3,False,0,False,n/a,0,43,1
MNB-03388,Bates Branch,Bates,Grant County,OR,97817,44.71308,-118.64897,in_store,960,1971,leased,modified_gross,bank,direct_utility_meter,host_building_system,unknown,,unknown,led,1,False,0,False,n/a,0,61,3
MNB-03389,Carey Branch,Carey,Blaine County,ID,83320,43.27455,-113.88739,full_service,4630,1987,owned,n/a,bank,direct_utility_meter,rtu_gas_heat,natural_gas,2015,R-410A,led,4,True,2,False,n/a,0,49,1
MNB-03390,Dodd City Branch,Dodd City,Fannin County,TX,75438,33.57258,-96.07994,flagship,12420,2018,owned,n/a,bank,landlord_submeter,rtu_gas_heat,natural_gas,2018,R-410A,fluorescent,2,False,0,True,diesel,57,52,1
MNB-03391,Quakertown Branch,Quakertown,Bucks County,PA,18951,40.43237,-75.38236,full_service,5200,2005,owned,n/a,bank,direct_utility_meter,rtu_gas_heat,natural_gas,2010,R-410A,led,2,False,3,False,n/a,0,48,1
MNB-03392,Opa Locka Branch,Opa Locka,Miami-Dade County,FL,33055,25.94888,-80.27317,full_service,3980,2021,owned,n/a,bank,direct_utility_meter,heat_pump,electricity,2021,R-410A,led,4,False,2,True,diesel,20,42,1
MNB-03393,West Barnstable Branch,West Barnstable,Barnstable County,MA,02668,41.69645,-70.36683,full_service,4910,2004,owned,n/a,bank,direct_utility_meter,split_ac_gas_furnace,natural_gas,2009,R-22,fluorescent,3,True,1,True,diesel,0,49,1
MNB-03394,Plains Branch,Plains,Sanders County,MT,59859,47.45437,-114.88729,full_service,3940,1982,owned,n/a,bank,direct_utility_meter,rtu_gas_heat,natural_gas,2020,R-410A,led,2,False,1,False,n/a,0,45,1
MNB-03395,Tallahassee Branch #4,Tallahassee,Leon County,FL,32305,30.32295,-84.2933,full_service,5430,2014,leased,triple_net,bank,landlord_submeter,rtu_gas_heat,natural_gas,2014,R-410A,led,4,False,3,False,n/a,0,54,2
MNB-03396,Palmyra Branch,Palmyra,Lebanon County,PA,17078,40.31992,-76.57072,full_service,2760,2012,leased,triple_net,bank,landlord_submeter,rtu_gas_heat,natural_gas,2019,R-410A,led,3,True,2,False,n/a,0,50,1
MNB-03397,Statesboro Branch #2,Statesboro,Bulloch County,GA,30458,32.44542,-81.77952,full_service,3090,2021,owned,n/a,bank,direct_utility_meter,heat_pump,electricity,2021,R-410A,led,1,True,1,False,n/a,0,53,2
MNB-03398,Tatum Branch,Tatum,Rusk County,TX,75691,32.31072,-94.59095,in_store,450,1994,leased,full_gross,landlord,shared_unmetered,host_building_system,unknown,,unknown,fluorescent,0,False,0,False,n/a,0,76,3
MNB-03399,Wichita Falls Branch #2,Wichita Falls,Wichita County,TX,76301,33.88682,-98.49046,in_store,640,1996,leased,full_gross,landlord,landlord_submeter,host_building_system,unknown,,unknown,led,1,False,0,False,n/a,0,62,3
MNB-03400,Manvel Branch,Manvel,Grand Forks County,ND,58256,48.08395,-97.17368,full_service,2650,1983,owned,n/a,bank,direct_utility_meter,boiler_with_split_ac,natural_gas,1998,R-22,led,3,False,1,False,n/a,0,49,1
MNB-03401,Royal City Branch,Royal City,Grant County,WA,99357,46.93433,-119.5853,drive_thru_only,840,1979,leased,modified_gross,bank,direct_utility_meter,split_ac_gas_furnace,natural_gas,2024,R-410A,fluorescent,1,False,1,False,n/a,0,54,2
MNB-03402,Hudson Branch,Hudson,Pasco County,FL,34669,28.34836,-82.63664,full_service,3010,2024,leased,full_gross,landlord,shared_unmetered,heat_pump,electricity,2024,R-410A,led,4,False,3,True,diesel,0,46,2
MNB-03403,Brandywine Branch,Brandywine,Prince George's County,MD,20613,38.70788,-76.84998,flagship,25300,2023,owned,n/a,bank,landlord_submeter,split_ac_gas_furnace,natural_gas,2023,R-410A,led,4,False,0,True,diesel,0,56,1
MNB-03404,Phoenix Branch #11,Phoenix,Maricopa County,AZ,85021,33.56422,-112.07407,full_service,3120,1998,leased,full_gross,landlord,shared_unmetered,heat_pump,electricity,2003,R-22,mixed,2,True,3,False,n/a,0,44,3
MNB-03405,Pleasant Mount Branch,Pleasant Mount,Wayne County,PA,18453,41.73786,-75.39384,drive_thru_only,720,2022,owned,n/a,bank,direct_utility_meter,rtu_gas_heat,natural_gas,2022,R-410A,led,2,False,2,False,n/a,0,46,3
MNB-03406,Withams Branch,Withams,Accomack County,VA,23488,37.93217,-75.59646,express,1910,1986,leased,full_gross,landlord,landlord_submeter,boiler_with_split_ac,natural_gas,2005,R-22,mixed,2,True,0,False,n/a,0,44,2
MNB-03407,Wanette Branch,Wanette,Pottawatomie County,OK,74878,35.00955,-97.0045,drive_thru_only,1520,2017,owned,n/a,bank,landlord_submeter,rtu_electric_heat,electricity,2017,R-410A,led,4,False,1,False,n/a,0,47,1
MNB-03408,Wilkesville Branch,Wilkesville,Vinton County,OH,45695,39.13758,-82.3643,drive_thru_only,970,2005,owned,n/a,bank,direct_utility_meter,rtu_gas_heat,natural_gas,2010,R-410A,led,4,True,0,False,n/a,0,51,3
MNB-03409,Littlerock Branch,Littlerock,Los Angeles County,CA,93543,34.49946,-117.98643,full_service,4150,2009,owned,n/a,bank,direct_utility_meter,split_ac_gas_furnace,natural_gas,2022,R-410A,mixed,1,False,0,False,n/a,0,49,1
MNB-03410,Middlebury Branch,Middlebury,Elkhart County,IN,46540,41.66563,-85.71375,in_store,890,2009,leased,full_gross,landlord,shared_unmetered,host_building_system,unknown,,unknown,led,0,False,0,False,n/a,0,63,2
MNB-03411,San Bernardino Branch #2,San Bernardino,San Bernardino County,CA,92401,34.11262,-117.3015,full_service,5460,2005,owned,n/a,bank,direct_utility_meter,split_ac_gas_furnace,natural_gas,2005,R-22,led,4,False,0,True,diesel,0,47,1
MNB-03412,Kailua Kona Branch,Kailua Kona,Hawaii County,HI,96740,19.65732,-155.98455,full_service,4770,2017,leased,full_gross,landlord,landlord_submeter,heat_pump,electricity,2017,R-410A,led,3,False,1,False,n/a,0,50,3
MNB-03413,Rainbow Branch,Rainbow,Somervell County,TX,76077,32.27935,-97.71133,flagship,11090,1988,owned,n/a,bank,direct_utility_meter,heat_pump,electricity,2020,R-410A,fluorescent,2,False,0,True,diesel,0,56,1
MNB-03414,Green Cove Springs Branch,Green Cove Springs,Clay County,FL,32043,30.00315,-81.77174,full_service,4810,2017,owned,n/a,bank,direct_utility_meter,rtu_gas_heat,natural_gas,2017,R-410A,led,2,True,0,False,n/a,0,49,1
MNB-03415,Hillsboro Branch,Hillsboro,Coffee County,TN,37342,35.3667,-85.98912,full_service,2790,1971,owned,n/a,bank,direct_utility_meter,heat_pump,electricity,2023,R-410A,fluorescent,4,False,1,False,n/a,27,48,1
MNB-03416,Oakhurst Branch,Oakhurst,Madera County,CA,93644,37.33981,-119.62579,express,1540,1973,leased,triple_net,bank,direct_utility_meter,rtu_gas_heat,natural_gas,1998,R-22,mixed,2,True,0,False,n/a,0,51,1
MNB-03417,Rio Linda Branch,Rio Linda,Sacramento County,CA,95673,38.70877,-121.44431,full_service,6450,2009,leased,triple_net,bank,direct_utility_meter,split_ac_gas_furnace,natural_gas,2009,R-22,led,2,False,0,True,diesel,0,43,1
MNB-03418,Jeffersonville Branch,Jeffersonville,Twiggs County,GA,31044,32.75369,-83.38861,full_service,6200,2011,leased,triple_net,bank,direct_utility_meter,heat_pump,electricity,2011,R-410A,led,2,False,1,False,n/a,0,43,2
MNB-03419,Riverdale Branch,Riverdale,Clayton County,GA,30296,33.55757,-84.42731,full_service,4780,2020,leased,triple_net,bank,direct_utility_meter,heat_pump,electricity,2022,R-410A,led,2,True,2,True,diesel,0,46,2
MNB-03420,Moscow Branch,Moscow,Clermont County,OH,45153,38.86512,-84.19015,in_store,400,1979,leased,full_gross,landlord,shared_unmetered,host_building_system,unknown,,unknown,fluorescent,0,False,0,False,n/a,0,61,3
MNB-03421,Fresno Branch #9,Fresno,Fresno County,CA,93650,36.83219,-119.79769,drive_thru_only,730,1957,owned,n/a,bank,direct_utility_meter,split_ac_gas_furnace,natural_gas,2021,R-410A,fluorescent,1,False,1,False,n/a,0,50,1
MNB-03422,Rancho Cucamonga Branch,Rancho Cucamonga,San Bernardino County,CA,91701,34.12338,-117.59168,full_service,3420,1996,owned,n/a,bank,direct_utility_meter,heat_pump,electricity,1998,R-22,led,4,False,1,False,n/a,0,49,1
MNB-03423,Milano Branch,Milano,Milam County,TX,76556,30.74281,-96.87909,full_service,3980,2018,leased,modified_gross,bank,direct_utility_meter,heat_pump,electricity,2018,R-410A,led,3,False,3,False,n/a,0,44,2
MNB-03424,Boothbay Harbor Branch,Boothbay Harbor,Lincoln County,ME,04538,43.83135,-69.61976,full_service,2880,2023,leased,triple_net,bank,direct_utility_meter,split_ac_gas_furnace,natural_gas,2023,R-410A,fluorescent,1,False,0,False,n/a,0,52,1
MNB-03425,Miami Branch #13,Miami,Miami-Dade County,FL,33180,25.97082,-80.13126,in_store,610,2017,leased,modified_gross,bank,direct_utility_meter,host_building_system,unknown,,unknown,led,1,False,0,False,n/a,0,71,1
MNB-03426,Afton Branch,Afton,Cheboygan County,MI,49705,45.36067,-84.46755,in_store,1010,1995,leased,modified_gross,bank,landlord_submeter,host_building_system,unknown,,unknown,fluorescent,1,False,0,False,n/a,0,76,1
MNB-03427,Millwood Branch,Millwood,Ware County,GA,31552,31.24806,-82.64674,express,1980,2017,leased,triple_net,bank,landlord_submeter,rtu_gas_heat,natural_gas,2017,R-410A,led,4,True,0,False,n/a,0,52,1
MNB-03428,Cleveland Branch #3,Cleveland,Cuyahoga County,OH,44128,41.44652,-81.53024,full_service,4480,1974,owned,n/a,bank,direct_utility_meter,split_ac_gas_furnace,natural_gas,2009,R-22,fluorescent,2,False,3,True,diesel,0,50,1
MNB-03429,Bristol Branch,Bristol,Washington County,VA,24202,36.66787,-82.21833,full_service,3090,2021,owned,n/a,bank,direct_utility_meter,split_ac_gas_furnace,natural_gas,2021,R-410A,led,3,False,3,False,n/a,0,46,1
MNB-03430,Tucson Branch #7,Tucson,Pima County,AZ,85757,32.12368,-111.0926,full_service,2560,2000,leased,triple_net,bank,direct_utility_meter,heat_pump,electricity,2005,R-22,fluorescent,3,False,3,False,n/a,0,50,1
MNB-03431,Colorado Springs Branch #5,Colorado Springs,El Paso County,CO,80912,38.84251,-104.81643,full_service,2900,1988,leased,triple_net,bank,direct_utility_meter,split_ac_gas_furnace,natural_gas,1998,R-22,fluorescent,4,False,0,True,diesel,0,51,1
MNB-03432,Provo Branch,Provo,Utah County,UT,84601,40.23326,-111.68281,full_service,2530,2001,leased,modified_gross,bank,direct_utility_meter,rtu_gas_heat,natural_gas,2014,R-410A,led,2,False,0,False,n/a,0,44,1
MNB-03433,Tyler Branch,Tyler,Lincoln County,MN,56178,44.26223,-96.13989,full_service,4290,2013,leased,triple_net,bank,direct_utility_meter,split_ac_gas_furnace,natural_gas,2013,R-410A,led,1,False,3,False,n/a,0,44,1
MNB-03434,Trion Branch,Trion,Chattooga County,GA,30753,34.54476,-85.31545,full_service,4710,1976,owned,n/a,bank,direct_utility_meter,split_ac_gas_furnace,natural_gas,2015,R-410A,mixed,2,False,0,False,n/a,0,48,1
MNB-03435,Wendell Branch,Wendell,Franklin County,MA,01379,42.58218,-72.40681,express,1410,1963,leased,triple_net,bank,direct_utility_meter,split_ac_gas_furnace,natural_gas,2012,R-410A,mixed,2,True,0,False,n/a,0,42,1
MNB-03436,New Castle Branch,New Castle,New Castle County,DE,19720,39.61302,-75.669,full_service,4390,2010,leased,modified_gross,bank,direct_utility_meter,rtu_gas_heat,natural_gas,2017,R-410A,led,2,False,0,False,n/a,0,51,1
MNB-03437,Fort Mcdowell Branch,Fort Mcdowell,Maricopa County,AZ,85264,33.62041,-111.68842,full_service,6520,2022,leased,triple_net,bank,direct_utility_meter,rtu_electric_heat,electricity,2022,R-410A,led,4,True,2,False,n/a,0,54,2
MNB-03438,Whitewater Branch,Whitewater,Riverside County,CA,92282,33.97472,-116.65341,in_store,1060,2005,leased,full_gross,landlord,landlord_submeter,host_building_system,unknown,,unknown,led,0,False,0,False,n/a,0,64,1
MNB-03439,Deport Branch,Deport,Lamar County,TX,75435,33.52799,-95.35021,full_service,5290,1967,leased,triple_net,bank,landlord_submeter,rtu_electric_heat,electricity,2014,R-410A,fluorescent,1,False,3,False,n/a,0,47,1
MNB-03440,Albany Branch,Albany,Orleans County,VT,05820,44.75191,-72.35795,full_service,3980,2005,leased,triple_net,bank,direct_utility_meter,rtu_gas_heat,natural_gas,2023,R-410A,led,2,False,0,False,n/a,0,44,1
MNB-03441,Gandeeville Branch,Gandeeville,Roane County,WV,25243,38.71211,-81.45549,full_service,5240,1964,owned,n/a,bank,direct_utility_meter,rtu_gas_heat,natural_gas,2016,R-410A,fluorescent,1,False,0,False,n/a,0,45,1
MNB-03442,San Diego Branch #10,San Diego,San Diego County,CA,92126,32.92552,-117.1325,full_service,6300,1982,owned,n/a,bank,direct_utility_meter,rtu_gas_heat,propane,2002,R-22,mixed,4,True,3,False,n/a,0,42,2
MNB-03443,Menifee Branch #2,Menifee,Riverside County,CA,92584,33.66906,-117.181,full_service,2300,1954,owned,n/a,bank,direct_utility_meter,rtu_gas_heat,natural_gas,2004,R-22,fluorescent,4,True,1,True,diesel,0,52,1
MNB-03444,Laguna Woods Branch,Laguna Woods,Orange County,CA,92637,33.60943,-117.71986,in_store,940,1995,leased,modified_gross,landlord,shared_unmetered,host_building_system,unknown,,unknown,mixed,1,False,0,False,n/a,0,61,3
MNB-03445,Walnut Cove Branch,Walnut Cove,Stokes County,NC,27052,36.3116,-80.14857,full_service,3560,1983,leased,modified_gross,bank,direct_utility_meter,heat_pump,electricity,2017,R-410A,led,3,True,1,False,n/a,0,42,2
MNB-03446,Spring House Branch,Spring House,Montgomery County,PA,19477,40.16112,-75.23501,full_service,3570,1962,leased,modified_gross,bank,direct_utility_meter,rtu_gas_heat,natural_gas,2015,R-410A,fluorescent,1,True,1,False,n/a,0,44,2
MNB-03447,Dayton Branch #3,Dayton,Montgomery County,OH,45405,39.79398,-84.21473,full_service,3770,1982,leased,triple_net,bank,direct_utility_meter,rtu_gas_heat,natural_gas,2017,R-410A,led,4,False,2,False,n/a,0,44,3
MNB-03448,El Reno Branch,El Reno,Canadian County,OK,73036,35.53573,-97.95937,full_service,4620,2005,owned,n/a,bank,direct_utility_meter,rtu_gas_heat,natural_gas,2005,R-22,led,1,True,1,False,n/a,0,50,1
MNB-03449,Meridianville Branch,Meridianville,Madison County,AL,35759,34.86849,-86.56277,full_service,3000,1980,leased,triple_net,bank,landlord_submeter,heat_pump,electricity,2022,R-410A,led,2,True,2,False,n/a,0,42,1
MNB-03450,Midland Branch,Midland,Midland County,TX,79701,31.97355,-102.06284,express,1670,1967,owned,n/a,bank,direct_utility_meter,rtu_gas_heat,natural_gas,2003,R-22,mixed,2,False,0,False,n/a,0,45,1
MNB-03451,Stockbridge Branch,Stockbridge,Windsor County,VT,05772,43.78154,-72.76837,full_service,4910,1999,leased,triple_net,bank,direct_utility_meter,split_ac_gas_furnace,natural_gas,2023,R-410A,led,2,False,1,False,n/a,0,45,2
MNB-03452,Miami Branch #14,Miami,Miami-Dade County,FL,33176,25.68205,-80.35142,full_service,4480,2011,owned,n/a,bank,landlord_submeter,rtu_gas_heat,natural_gas,2011,R-410A,led,3,False,0,False,n/a,0,54,1
MNB-03453,Wildwood Branch,Wildwood,Sumter County,FL,34785,28.84634,-82.0267,full_service,4700,2016,leased,triple_net,bank,direct_utility_meter,heat_pump,electricity,2016,R-410A,led,2,False,0,False,n/a,0,54,1
MNB-03454,Aurora Branch #3,Aurora,Arapahoe County,CO,80013,39.65966,-104.78464,in_store,590,1994,leased,full_gross,landlord,landlord_submeter,host_building_system,unknown,,unknown,led,1,False,0,False,n/a,0,60,3
MNB-03455,Donnelly Branch,Donnelly,Valley County,ID,83615,44.66961,-116.0235,full_service,5170,2009,leased,modified_gross,landlord,shared_unmetered,rtu_gas_heat,natural_gas,2011,R-410A,led,4,False,3,False,n/a,0,44,3
MNB-03456,Enigma Branch,Enigma,Berrien County,GA,31749,31.39799,-83.36069,full_service,5760,2016,leased,modified_gross,bank,direct_utility_meter,heat_pump,electricity,2023,R-410A,fluorescent,2,True,2,False,n/a,0,49,1
MNB-03457,Jack Branch,Jack,Coffee County,AL,36346,31.55292,-85.96241,full_service,5660,2007,leased,modified_gross,bank,direct_utility_meter,heat_pump,electricity,2021,R-410A,mixed,4,False,0,False,n/a,0,42,2
MNB-03458,Fleetwood Branch,Fleetwood,Berks County,PA,19522,40.44974,-75.83017,full_service,4770,1998,leased,triple_net,bank,direct_utility_meter,rtu_gas_heat,natural_gas,2021,R-410A,fluorescent,4,True,0,True,diesel,0,43,3
MNB-03459,Arlington Branch,Arlington,Carlisle County,KY,42021,36.7807,-89.02702,in_store,820,1958,leased,full_gross,landlord,landlord_submeter,host_building_system,unknown,,unknown,mixed,1,False,0,False,n/a,0,64,2
MNB-03460,Cranesville Branch,Cranesville,Erie County,PA,16410,41.90964,-80.28478,full_service,5450,1980,owned,n/a,bank,direct_utility_meter,rtu_gas_heat,natural_gas,2024,R-410A,led,4,False,1,False,n/a,0,49,1
MNB-03461,Mantua Branch,Mantua,Gloucester County,NJ,08051,39.7864,-75.18998,in_store,1100,1983,leased,full_gross,landlord,shared_unmetered,host_building_system,unknown,,unknown,mixed,1,False,0,False,n/a,0,64,3
MNB-03462,Gibsonia Branch,Gibsonia,Allegheny County,PA,15044,40.64137,-79.93055,full_service,6050,1989,owned,n/a,bank,direct_utility_meter,split_ac_gas_furnace,natural_gas,2006,R-22,mixed,2,False,1,False,n/a,0,42,1
MNB-03463,Snohomish Branch,Snohomish,Snohomish County,WA,98296,47.87951,-122.09058,in_store,630,2022,leased,full_gross,landlord,shared_unmetered,host_building_system,unknown,,unknown,led,0,False,0,False,n/a,0,68,3
MNB-03464,Syosset Branch,Syosset,Nassau County,NY,11791,40.81998,-73.50744,full_service,3190,1973,leased,full_gross,landlord,landlord_submeter,rtu_gas_heat,natural_gas,2008,R-22,led,3,False,3,False,n/a,0,43,3
MNB-03465,North East Branch,North East,Erie County,PA,16428,42.19628,-79.83374,in_store,600,1999,leased,full_gross,landlord,landlord_submeter,host_building_system,unknown,,unknown,led,0,False,0,False,n/a,0,65,3
MNB-03466,Douglasville Branch,Douglasville,Douglas County,GA,30135,33.72881,-84.76101,in_store,590,2024,leased,modified_gross,bank,direct_utility_meter,host_building_system,unknown,,unknown,led,1,False,0,False,n/a,0,69,1
MNB-03467,Washington Branch #7,Washington,District of Columbia,DC,20004,38.88787,-77.02647,full_service,4890,2004,leased,full_gross,landlord,shared_unmetered,rtu_gas_heat,propane,2009,R-22,led,3,False,2,False,n/a,0,53,2
MNB-03468,Hume Branch,Hume,Fresno County,CA,93628,36.74465,-118.97049,full_service,3400,1973,leased,triple_net,bank,direct_utility_meter,split_ac_gas_furnace,natural_gas,2004,R-22,fluorescent,2,False,0,False,n/a,0,43,1
MNB-03469,Frostburg Branch,Frostburg,Allegany County,MD,21532,39.6281,-78.93535,full_service,6000,2023,owned,n/a,bank,direct_utility_meter,split_ac_gas_furnace,natural_gas,2023,R-410A,led,4,True,3,True,diesel,0,54,1
MNB-03470,Albuquerque Branch,Albuquerque,Bernalillo County,NM,87109,35.16735,-106.5579,full_service,2760,1984,leased,triple_net,bank,direct_utility_meter,rtu_gas_heat,natural_gas,2007,R-22,fluorescent,4,True,0,False,n/a,0,43,1
MNB-03471,Houston Branch #16,Houston,Harris County,TX,77023,29.73582,-95.31475,in_store,430,1956,leased,modified_gross,bank,direct_utility_meter,host_building_system,unknown,,unknown,mixed,0,False,0,False,n/a,0,62,3
MNB-03472,Camden Branch,Camden,Camden County,NC,27921,36.35401,-76.16779,full_service,4030,1991,leased,triple_net,bank,direct_utility_meter,heat_pump,electricity,2005,R-22,led,4,True,0,False,n/a,0,47,1
MNB-03473,Jarales Branch,Jarales,Valencia County,NM,87023,34.57533,-106.75088,in_store,520,1976,leased,full_gross,landlord,landlord_submeter,host_building_system,unknown,,unknown,mixed,1,False,0,False,n/a,0,63,2
MNB-03474,Las Vegas Branch #10,Las Vegas,Clark County,NV,89179,36.2717,-115.52699,in_store,470,2015,leased,full_gross,landlord,landlord_submeter,host_building_system,unknown,,unknown,led,1,False,0,False,n/a,0,62,3
MNB-03475,Blackshear Branch,Blackshear,Pierce County,GA,31516,31.29394,-82.26821,in_store,550,1974,leased,full_gross,landlord,shared_unmetered,host_building_system,unknown,,unknown,led,0,False,0,False,n/a,0,60,3
MNB-03476,Hornsby Branch,Hornsby,Hardeman County,TN,38044,35.22937,-88.81734,in_store,530,2015,leased,modified_gross,bank,direct_utility_meter,host_building_system,unknown,,unknown,mixed,1,False,0,False,n/a,0,75,1
MNB-03477,Boonville Branch,Boonville,Mendocino County,CA,95415,38.99993,-123.38761,full_service,4210,1955,owned,n/a,bank,landlord_submeter,rtu_gas_heat,natural_gas,2007,R-22,fluorescent,3,True,2,False,n/a,0,52,2
MNB-03478,Dutton Branch,Dutton,Jackson County,AL,35744,34.62222,-85.92069,full_service,3480,2021,owned,n/a,bank,direct_utility_meter,rtu_electric_heat,electricity,2021,R-410A,led,4,True,0,False,n/a,0,48,1
MNB-03479,Leesburg Branch,Leesburg,Lake County,FL,34748,28.81744,-81.86363,full_service,3570,1955,owned,n/a,bank,direct_utility_meter,heat_pump,electricity,2002,R-22,led,1,False,2,False,n/a,0,47,1
MNB-03480,Mcgregor Branch,Mcgregor,Aitkin County,MN,55760,46.60673,-93.30781,drive_thru_only,990,2021,owned,n/a,bank,direct_utility_meter,split_ac_gas_furnace,natural_gas,2021,R-410A,fluorescent,1,True,3,False,n/a,0,50,1
MNB-03481,Lucasville Branch,Lucasville,Scioto County,OH,45648,38.90154,-82.99498,flagship,21000,1959,owned,n/a,bank,direct_utility_meter,boiler_with_split_ac,natural_gas,2022,R-410A,led,2,True,0,True,diesel,0,59,1
MNB-03482,Salem Branch,Salem,Essex County,MA,01970,42.50591,-70.90516,full_service,6520,2018,leased,modified_gross,bank,landlord_submeter,rtu_gas_heat,natural_gas,2018,R-410A,mixed,2,True,0,True,diesel,0,45,1
MNB-03483,Washington Branch #8,Washington,District of Columbia,DC,20016,38.93115,-77.07184,express,1860,2016,leased,modified_gross,bank,landlord_submeter,heat_pump,electricity,2022,R-410A,fluorescent,3,True,0,False,n/a,0,45,1
MNB-03484,El Paso Branch #3,El Paso,El Paso County,TX,79936,31.76214,-106.3079,flagship,15320,2002,owned,n/a,bank,direct_utility_meter,rtu_gas_heat,natural_gas,2015,R-410A,fluorescent,3,True,0,True,diesel,0,57,1
MNB-03485,Fleming Branch,Fleming,Liberty County,GA,31309,31.84227,-81.44174,full_service,3970,1955,owned,n/a,bank,direct_utility_meter,heat_pump,electricity,1998,R-22,mixed,4,False,2,False,n/a,0,50,2
MNB-03486,Pendergrass Branch,Pendergrass,Jackson County,GA,30567,34.18994,-83.67154,in_store,730,2004,leased,modified_gross,bank,direct_utility_meter,host_building_system,unknown,,unknown,led,1,False,0,False,n/a,0,71,1
MNB-03487,Lyon Mountain Branch,Lyon Mountain,Clinton County,NY,12952,44.7398,-73.90358,in_store,710,2004,leased,full_gross,landlord,landlord_submeter,host_building_system,unknown,,unknown,led,1,False,0,False,n/a,0,63,3
MNB-03488,Allendale Branch,Allendale,Ottawa County,MI,49401,42.96268,-85.91491,full_service,6250,2000,leased,triple_net,bank,direct_utility_meter,split_ac_gas_furnace,natural_gas,2010,R-410A,mixed,2,False,3,False,n/a,0,49,1
MNB-03489,Oldsmar Branch,Oldsmar,Pinellas County,FL,34677,28.05018,-82.68786,full_service,2380,2004,leased,triple_net,bank,direct_utility_meter,rtu_electric_heat,electricity,2019,R-410A,led,4,False,2,False,n/a,0,51,1
MNB-03490,Pineville Branch,Pineville,Mecklenburg County,NC,28134,35.06771,-80.86942,full_service,3910,2023,owned,n/a,bank,direct_utility_meter,heat_pump,electricity,2023,R-410A,mixed,3,False,3,False,n/a,0,53,1
MNB-03491,Compton Branch,Compton,Los Angeles County,CA,90221,33.88354,-118.20782,in_store,700,2024,leased,modified_gross,bank,direct_utility_meter,host_building_system,unknown,,unknown,led,1,False,0,False,n/a,0,71,1
MNB-03492,South Colton Branch,South Colton,St. Lawrence County,NY,13687,44.49657,-74.8639,full_service,4160,1997,leased,triple_net,bank,direct_utility_meter,rtu_gas_heat,natural_gas,2003,R-22,mixed,2,True,3,False,n/a,0,47,2
MNB-03493,Glorieta Branch,Glorieta,Santa Fe County,NM,87535,35.5182,-105.74969,in_store,510,1961,leased,modified_gross,landlord,shared_unmetered,host_building_system,unknown,,unknown,led,1,False,0,False,n/a,0,73,3
MNB-03494,Trinity Branch,Trinity,Lawrence County,AL,35673,34.60442,-87.08735,in_store,460,1966,leased,full_gross,landlord,landlord_submeter,host_building_system,unknown,,unknown,led,1,False,0,False,n/a,0,66,3
MNB-03495,Camarillo Branch #2,Camarillo,Ventura County,CA,93012,34.22103,-118.99658,in_store,790,2010,leased,full_gross,landlord,landlord_submeter,host_building_system,unknown,,unknown,mixed,1,False,0,False,n/a,0,65,3
MNB-03496,Letohatchee Branch,Letohatchee,Lowndes County,AL,36047,32.11047,-86.48795,full_service,3340,2024,leased,triple_net,bank,direct_utility_meter,rtu_electric_heat,electricity,2024,R-410A,led,2,False,2,False,n/a,0,51,2
MNB-03497,Adrian Branch,Adrian,Malheur County,OR,97901,43.65426,-117.0565,full_service,2480,1992,leased,triple_net,bank,direct_utility_meter,rtu_gas_heat,natural_gas,2007,R-22,fluorescent,4,False,3,False,n/a,0,53,1
MNB-03498,Gillette Branch,Gillette,Campbell County,WY,82718,43.91709,-105.56944,full_service,5430,1962,owned,n/a,bank,landlord_submeter,split_ac_gas_furnace,natural_gas,2016,R-410A,led,3,False,1,False,n/a,0,51,2
MNB-03499,Wakeman Branch,Wakeman,Huron County,OH,44889,41.27842,-82.38047,full_service,4820,1985,leased,triple_net,bank,direct_utility_meter,rtu_gas_heat,natural_gas,2003,R-22,led,1,True,3,False,n/a,0,48,2
MNB-03500,Bridgeville Branch,Bridgeville,Humboldt County,CA,95526,40.47687,-123.80344,full_service,4050,1988,owned,n/a,bank,direct_utility_meter,split_ac_gas_furnace,natural_gas,2017,R-410A,fluorescent,4,False,3,False,n/a,0,47,3
MNB-03501,Conesus Branch,Conesus,Livingston County,NY,14435,42.73032,-77.66236,full_service,3190,2024,leased,full_gross,landlord,shared_unmetered,rtu_gas_heat,natural_gas,2024,R-410A,mixed,2,True,1,False,n/a,0,48,3
MNB-03502,Fort Lauderdale Branch #7,Fort Lauderdale,Broward County,FL,33309,26.19599,-80.19673,full_service,4050,2008,leased,triple_net,bank,direct_utility_meter,heat_pump,electricity,2008,R-22,led,4,True,3,False,n/a,0,44,1
MNB-03503,Wyandotte Branch,Wyandotte,Wayne County,MI,48192,42.20057,-83.16618,full_service,6040,1964,owned,n/a,bank,direct_utility_meter,rtu_gas_heat,natural_gas,2007,R-22,mixed,1,False,1,False,n/a,0,52,1
MNB-03504,Pointe Aux Pins Branch,Pointe Aux Pins,Mackinac County,MI,49775,45.75337,-84.45278,full_service,2580,1984,owned,n/a,bank,direct_utility_meter,rtu_gas_heat,natural_gas,2017,R-410A,led,4,False,3,False,n/a,0,45,3
MNB-03505,Dos Palos Branch,Dos Palos,Merced County,CA,93620,37.00044,-120.62178,full_service,2620,1956,leased,triple_net,bank,direct_utility_meter,split_ac_gas_furnace,natural_gas,2018,R-410A,led,2,False,2,True,diesel,0,49,1
MNB-03506,New Knoxville Branch,New Knoxville,Auglaize County,OH,45871,40.48841,-84.31232,drive_thru_only,850,2006,owned,n/a,bank,direct_utility_meter,rtu_gas_heat,natural_gas,2006,R-22,mixed,2,False,3,False,n/a,0,54,1
MNB-03507,Columbia Branch #2,Columbia,Howard County,MD,21045,39.20194,-76.81065,full_service,4160,2007,owned,n/a,bank,direct_utility_meter,split_ac_gas_furnace,natural_gas,2011,R-410A,mixed,2,False,3,False,n/a,0,54,1
MNB-03508,Salem Branch,Salem,Harrison County,WV,26426,39.29894,-80.55105,express,1580,1957,leased,triple_net,bank,direct_utility_meter,split_ac_gas_furnace,natural_gas,2012,R-410A,mixed,2,True,0,False,n/a,0,51,3
MNB-03509,Scranton Branch,Scranton,Lackawanna County,PA,18508,41.44175,-75.66742,full_service,5090,1984,owned,n/a,bank,direct_utility_meter,rtu_gas_heat,natural_gas,2020,R-410A,led,4,True,0,False,n/a,0,49,2
MNB-03510,Somerville Branch,Somerville,Fayette County,TN,38068,35.26105,-89.38892,full_service,5820,2020,leased,triple_net,bank,direct_utility_meter,heat_pump,electricity,2020,R-410A,led,3,False,2,False,n/a,0,49,1
MNB-03511,Los Angeles Branch #13,Los Angeles,Los Angeles County,CA,90011,33.98923,-118.26245,express,1920,2016,owned,n/a,bank,direct_utility_meter,split_ac_gas_furnace,natural_gas,2016,R-410A,led,1,True,0,False,n/a,0,45,1
MNB-03512,Cibolo Branch,Cibolo,Guadalupe County,TX,78108,29.59498,-98.21769,drive_thru_only,1150,2001,owned,n/a,bank,landlord_submeter,rtu_gas_heat,propane,2001,R-22,led,4,False,2,False,n/a,0,54,1
MNB-03513,Waterloo Branch,Waterloo,Laurens County,SC,29384,34.33562,-82.10399,full_service,4550,1995,owned,n/a,bank,direct_utility_meter,heat_pump,electricity,2022,R-410A,fluorescent,1,False,2,False,n/a,0,42,3
MNB-03514,Wetmore Branch,Wetmore,Custer County,CO,81253,38.11393,-105.15758,full_service,4210,2024,leased,modified_gross,landlord,landlord_submeter,rtu_gas_heat,natural_gas,2024,R-410A,led,3,True,1,False,n/a,0,46,3
MNB-03515,Indianapolis Branch #9,Indianapolis,Marion County,IN,46229,39.78531,-85.97243,full_service,2840,2010,leased,triple_net,bank,landlord_submeter,rtu_gas_heat,natural_gas,2021,R-410A,mixed,4,True,3,False,n/a,0,52,1
MNB-03516,New Lebanon Branch,New Lebanon,Columbia County,NY,12125,42.45817,-73.36259,full_service,3080,2022,owned,n/a,bank,direct_utility_meter,rtu_gas_heat,natural_gas,2022,R-410A,led,2,False,2,False,n/a,0,45,2
MNB-03517,Yuma Branch #2,Yuma,Yuma County,AZ,85364,32.71858,-114.66882,in_store,460,1959,leased,modified_gross,landlord,landlord_submeter,host_building_system,unknown,,unknown,fluorescent,1,False,0,False,n/a,0,66,3
MNB-03518,Confluence Branch,Confluence,Somerset County,PA,15424,39.80818,-79.34021,full_service,4010,1974,leased,triple_net,bank,direct_utility_meter,rtu_gas_heat,natural_gas,1999,R-22,led,2,True,1,False,n/a,0,51,1
MNB-03519,Mc Henry Branch,Mc Henry,Garrett County,MD,21541,39.56401,-79.37798,full_service,4500,1954,leased,triple_net,bank,direct_utility_meter,rtu_gas_heat,natural_gas,2010,R-410A,led,3,True,1,True,diesel,0,45,1
MNB-03520,Anadarko Branch,Anadarko,Caddo County,OK,73005,35.07342,-98.26551,full_service,2710,2018,owned,n/a,bank,direct_utility_meter,heat_pump,electricity,2018,R-410A,led,3,False,3,False,n/a,0,45,1
MNB-03521,Fowlerton Branch,Fowlerton,La Salle County,TX,78021,28.50585,-98.88782,full_service,4290,2008,owned,n/a,bank,direct_utility_meter,heat_pump,electricity,2008,R-22,led,3,True,2,False,n/a,0,51,1
MNB-03522,Holtville Branch,Holtville,Imperial County,CA,92250,32.81348,-115.39585,full_service,3230,1970,leased,full_gross,landlord,shared_unmetered,rtu_gas_heat,natural_gas,2003,R-22,mixed,1,False,1,False,n/a,0,43,3
MNB-03523,Penrose Branch,Penrose,Transylvania County,NC,28766,35.26264,-82.62244,full_service,3040,2023,leased,triple_net,bank,direct_utility_meter,heat_pump,electricity,2023,R-410A,led,4,False,1,False,n/a,0,44,1
MNB-03524,Tacoma Branch #2,Tacoma,Pierce County,WA,98405,47.25703,-122.46509,express,1530,2022,leased,triple_net,bank,direct_utility_meter,rtu_gas_heat,natural_gas,2022,R-410A,led,1,False,0,False,n/a,0,48,2
MNB-03525,Wheeling Branch,Wheeling,Cook County,IL,60090,42.14148,-87.9265,full_service,3000,1975,leased,triple_net,bank,direct_utility_meter,rtu_gas_heat,propane,2012,R-410A,mixed,3,True,1,False,n/a,39,46,3
MNB-03526,Diamond Bar Branch,Diamond Bar,Los Angeles County,CA,91765,34.01078,-117.81639,full_service,5030,2005,leased,triple_net,bank,direct_utility_meter,split_ac_gas_furnace,natural_gas,2005,R-22,led,4,True,0,False,n/a,0,51,1
MNB-03527,Belington Branch,Belington,Barbour County,WV,26250,39.02161,-79.9628,full_service,3990,2007,leased,triple_net,bank,direct_utility_meter,split_ac_gas_furnace,natural_gas,2007,R-22,led,3,True,0,False,n/a,0,42,2
MNB-03528,Abell Branch,Abell,St. Mary's County,MD,20606,38.27009,-76.75306,full_service,5360,1950,leased,triple_net,bank,direct_utility_meter,rtu_gas_heat,propane,2018,R-410A,fluorescent,4,False,2,False,n/a,0,42,2
MNB-03529,Hadley Branch,Hadley,Hampshire County,MA,01035,42.34972,-72.5711,full_service,3670,2008,leased,triple_net,bank,landlord_submeter,split_ac_gas_furnace,natural_gas,2009,R-22,led,1,False,0,False,n/a,0,44,2
MNB-03530,Sidon Branch,Sidon,Leflore County,MS,38954,33.40955,-90.17513,full_service,3710,1975,owned,n/a,bank,direct_utility_meter,heat_pump,electricity,2021,R-410A,led,1,True,3,False,n/a,0,45,3
MNB-03531,Phoenix Branch #12,Phoenix,Maricopa County,AZ,85026,33.44858,-112.08347,express,2800,2019,leased,triple_net,bank,landlord_submeter,rtu_gas_heat,natural_gas,2019,R-410A,led,1,True,0,False,n/a,0,47,3
MNB-03532,Tow Branch,Tow,Llano County,TX,78672,30.86573,-98.44878,flagship,8000,2016,owned,n/a,bank,landlord_submeter,heat_pump,electricity,2023,R-410A,led,4,False,0,True,diesel,0,54,1
MNB-03533,Grapevine Branch,Grapevine,Tarrant County,TX,76051,32.92765,-97.08826,drive_thru_only,1370,2020,leased,full_gross,landlord,shared_unmetered,heat_pump,electricity,2020,R-410A,mixed,4,True,3,False,n/a,0,45,3
MNB-03534,River Falls Branch,River Falls,Pierce County,WI,54022,44.85878,-92.64174,drive_thru_only,1510,2012,leased,triple_net,bank,direct_utility_meter,split_ac_gas_furnace,natural_gas,2023,R-410A,led,4,False,3,False,n/a,0,54,1
MNB-03535,Wheaton Branch,Wheaton,Traverse County,MN,56296,45.80907,-96.49311,full_service,5280,1969,leased,modified_gross,bank,landlord_submeter,boiler_with_split_ac,propane,2017,R-410A,led,3,False,2,False,n/a,0,53,2
MNB-03536,Monroe Branch,Monroe,Benton County,OR,97456,44.30552,-123.3074,full_service,3800,1986,owned,n/a,bank,direct_utility_meter,rtu_gas_heat,natural_gas,2014,R-410A,led,1,True,2,False,n/a,0,42,1
MNB-03537,Miami Branch #15,Miami,Miami-Dade County,FL,33144,25.76271,-80.31119,full_service,6440,2009,leased,modified_gross,landlord,shared_unmetered,split_ac_gas_furnace,natural_gas,2009,R-22,led,2,True,2,False,n/a,0,49,3
MNB-03538,Hixton Branch,Hixton,Jackson County,WI,54635,44.39059,-91.05253,in_store,590,1983,leased,full_gross,landlord,shared_unmetered,host_building_system,unknown,,unknown,fluorescent,1,False,0,False,n/a,0,66,3
MNB-03539,Saffell Branch,Saffell,Lawrence County,AR,72572,35.85729,-91.28929,full_service,3390,2009,owned,n/a,bank,direct_utility_meter,heat_pump,electricity,2009,R-22,led,1,False,3,True,diesel,0,49,1
MNB-03540,Claxton Branch,Claxton,Evans County,GA,30417,32.16664,-81.88229,full_service,3730,1984,leased,full_gross,landlord,shared_unmetered,rtu_gas_heat,natural_gas,2006,R-22,led,2,False,1,True,diesel,0,44,3
MNB-03541,Tampa Branch #9,Tampa,Hillsborough County,FL,33617,28.04425,-82.39238,full_service,3530,1970,owned,n/a,bank,direct_utility_meter,rtu_gas_heat,natural_gas,1998,R-22,fluorescent,4,False,0,False,n/a,0,44,2
MNB-03542,Hemet Branch #2,Hemet,Riverside County,CA,92543,33.74792,-116.95819,full_service,3160,1997,leased,triple_net,bank,direct_utility_meter,heat_pump,electricity,2022,R-410A,led,4,False,3,True,diesel,0,45,2
MNB-03543,Saint Hedwig Branch,Saint Hedwig,Bexar County,TX,78152,29.44211,-98.18277,in_store,850,2008,leased,full_gross,landlord,shared_unmetered,host_building_system,unknown,,unknown,led,1,False,0,False,n/a,0,77,2
MNB-03544,Newport Coast Branch,Newport Coast,Orange County,CA,92657,33.57111,-117.84067,full_service,3330,1997,leased,full_gross,landlord,landlord_submeter,rtu_gas_heat,natural_gas,2007,R-22,mixed,2,False,2,False,n/a,0,48,3
MNB-03545,Glendale Branch #5,Glendale,Maricopa County,AZ,85305,33.51277,-112.24788,full_service,4160,2005,leased,triple_net,bank,direct_utility_meter,rtu_gas_heat,natural_gas,2019,R-410A,led,4,False,0,False,n/a,0,53,1
MNB-03546,Rancho Cucamonga Branch #2,Rancho Cucamonga,San Bernardino County,CA,91737,34.17038,-117.59569,full_service,2720,1992,owned,n/a,bank,landlord_submeter,split_ac_gas_furnace,natural_gas,2017,R-410A,led,4,False,1,False,n/a,0,53,1
MNB-03547,Lake Hill Branch,Lake Hill,Ulster County,NY,12448,42.06073,-74.21476,drive_thru_only,1000,2013,leased,modified_gross,bank,direct_utility_meter,rtu_gas_heat,natural_gas,2016,R-410A,led,4,True,1,False,n/a,0,49,1
MNB-03548,Salt Lake City Branch #4,Salt Lake City,Salt Lake County,UT,84121,40.62993,-111.78521,full_service,2960,2005,owned,n/a,bank,direct_utility_meter,split_ac_gas_furnace,natural_gas,2019,R-410A,mixed,1,True,3,False,n/a,0,47,1
MNB-03549,Dorset Branch,Dorset,Bennington County,VT,05251,43.25536,-73.08143,full_service,2940,2001,leased,full_gross,landlord,shared_unmetered,rtu_gas_heat,natural_gas,2024,R-410A,led,1,False,1,True,diesel,0,45,3
MNB-03550,Punta Gorda Branch #2,Punta Gorda,Charlotte County,FL,33980,26.93076,-82.0544,full_service,4060,1992,leased,modified_gross,bank,direct_utility_meter,heat_pump,electricity,2024,R-410A,led,1,True,2,False,n/a,0,42,1
MNB-03551,Aldie Branch,Aldie,Loudoun County,VA,20105,38.9501,-77.60725,full_service,5760,1998,leased,triple_net,bank,landlord_submeter,rtu_gas_heat,natural_gas,2010,R-410A,led,4,True,3,False,n/a,0,47,3
MNB-03552,Seattle Branch #5,Seattle,King County,WA,98134,47.59704,-122.31991,drive_thru_only,1110,1957,leased,modified_gross,bank,direct_utility_meter,split_ac_gas_furnace,natural_gas,1998,R-22,fluorescent,3,False,2,False,n/a,0,53,2
MNB-03553,Wellesley Island Branch,Wellesley Island,Jefferson County,NY,13640,44.32574,-75.99033,full_service,4890,2006,leased,triple_net,bank,direct_utility_meter,split_ac_gas_furnace,natural_gas,2006,R-22,led,2,False,2,False,n/a,0,47,1
MNB-03554,Endeavor Branch,Endeavor,Marquette County,WI,53930,43.69092,-89.48407,express,1740,1973,leased,full_gross,landlord,landlord_submeter,split_ac_gas_furnace,natural_gas,2004,R-22,led,3,True,0,False,n/a,0,46,3
MNB-03555,Okeechobee Branch #2,Okeechobee,Okeechobee County,FL,34972,27.4077,-80.95435,full_service,3790,2017,leased,full_gross,landlord,shared_unmetered,rtu_electric_heat,electricity,2017,R-410A,led,1,False,1,False,n/a,0,49,3
MNB-03556,Schroon Lake Branch,Schroon Lake,Essex County,NY,12870,43.84441,-73.78563,full_service,5320,2015,owned,n/a,bank,direct_utility_meter,split_ac_gas_furnace,natural_gas,2015,R-410A,led,2,True,0,False,n/a,0,43,1
MNB-03557,North Las Vegas Branch #4,North Las Vegas,Clark County,NV,89085,36.29515,-115.19517,flagship,11170,1998,owned,n/a,bank,landlord_submeter,rtu_electric_heat,electricity,2014,R-410A,led,3,True,0,True,diesel,0,59,1
MNB-03558,Loami Branch,Loami,Sangamon County,IL,62661,39.67553,-89.85276,full_service,5390,2017,leased,triple_net,bank,direct_utility_meter,rtu_gas_heat,natural_gas,2019,R-410A,led,4,False,2,True,diesel,0,43,1
MNB-03559,Maryville Branch,Maryville,Blount County,TN,37803,35.68542,-83.99252,drive_thru_only,1360,2007,owned,n/a,bank,direct_utility_meter,rtu_gas_heat,natural_gas,2017,R-410A,fluorescent,3,True,2,False,n/a,0,47,3
MNB-03560,Birmingham Branch #4,Birmingham,Jefferson County,AL,35205,33.5113,-86.81535,full_service,3260,1967,owned,n/a,bank,direct_utility_meter,split_ac_gas_furnace,natural_gas,2017,R-410A,mixed,1,True,0,False,n/a,0,49,1
MNB-03561,Burnt Cabins Branch,Burnt Cabins,Fulton County,PA,17215,40.08392,-77.89874,full_service,3410,2011,leased,modified_gross,landlord,landlord_submeter,rtu_gas_heat,natural_gas,2020,R-410A,led,1,True,1,False,n/a,0,47,3
MNB-03562,Markesan Branch,Markesan,Green Lake County,WI,53946,43.71297,-89.01264,full_service,3560,2024,leased,full_gross,landlord,shared_unmetered,split_ac_gas_furnace,natural_gas,2024,R-410A,led,2,False,2,False,n/a,0,54,3
MNB-03563,Palmdale Branch,Palmdale,Los Angeles County,CA,93591,34.57863,-117.82596,full_service,2700,1955,owned,n/a,bank,direct_utility_meter,rtu_gas_heat,natural_gas,2008,R-22,mixed,4,True,0,False,n/a,0,51,3
MNB-03564,Santa Clarita Branch #3,Santa Clarita,Los Angeles County,CA,91350,34.41773,-118.4918,drive_thru_only,880,1977,owned,n/a,bank,direct_utility_meter,rtu_gas_heat,natural_gas,2021,R-410A,led,4,True,2,False,n/a,0,51,1
MNB-03565,Euless Branch,Euless,Tarrant County,TX,76039,32.87359,-97.07338,full_service,6200,2002,owned,n/a,bank,landlord_submeter,split_ac_gas_furnace,natural_gas,2002,R-22,led,1,True,1,False,n/a,0,42,1
MNB-03566,Covington Branch,Covington,Tioga County,PA,16917,41.73532,-77.06581,full_service,3060,1990,owned,n/a,bank,direct_utility_meter,split_ac_gas_furnace,natural_gas,2009,R-22,mixed,4,True,1,False,n/a,0,52,1
MNB-03567,Telegraph Branch,Telegraph,Kimble County,TX,76883,30.31901,-99.9135,full_service,6250,2005,owned,n/a,bank,direct_utility_meter,heat_pump,electricity,2019,R-410A,led,1,True,1,False,n/a,0,47,1
MNB-03568,Neola Branch,Neola,Pottawattamie County,IA,51559,41.45441,-95.66525,full_service,3680,2002,leased,triple_net,bank,direct_utility_meter,split_ac_gas_furnace,natural_gas,2021,R-410A,led,2,True,1,False,n/a,0,45,1
MNB-03569,Hialeah Branch #2,Hialeah,Miami-Dade County,FL,33016,25.86756,-80.34272,full_service,7910,2013,owned,n/a,bank,direct_utility_meter,rtu_gas_heat,natural_gas,2020,R-410A,led,1,False,3,False,n/a,0,48,2
MNB-03570,Agra Branch,Agra,Lincoln County,OK,74824,35.89428,-96.86596,express,1510,1959,leased,triple_net,bank,direct_utility_meter,heat_pump,electricity,2021,R-410A,led,2,False,0,False,n/a,0,49,1
MNB-03571,Andover Branch,Andover,Sussex County,NJ,07821,40.96079,-74.75853,full_service,4020,1992,leased,triple_net,bank,direct_utility_meter,rtu_gas_heat,natural_gas,1999,R-22,mixed,3,True,3,False,n/a,0,42,1
MNB-03572,Bantam Branch,Bantam,Litchfield County,CT,06750,41.7108,-73.25469,full_service,3190,2017,owned,n/a,bank,direct_utility_meter,split_ac_gas_furnace,natural_gas,2022,R-410A,led,1,False,2,False,n/a,0,43,2
MNB-03573,Valera Branch,Valera,Coleman County,TX,76884,31.74401,-99.57635,full_service,3410,1986,leased,modified_gross,bank,direct_utility_meter,split_ac_gas_furnace,natural_gas,2011,R-410A,led,4,False,1,False,n/a,0,53,1
MNB-03574,Ojai Branch,Ojai,Ventura County,CA,93023,34.43573,-119.26012,full_service,6270,1996,owned,n/a,bank,direct_utility_meter,split_ac_gas_furnace,natural_gas,2019,R-410A,led,1,False,1,False,n/a,0,47,1
MNB-03575,Silver City Branch,Silver City,Humphreys County,MS,39166,33.05697,-90.49171,full_service,4840,1953,leased,full_gross,landlord,landlord_submeter,rtu_electric_heat,electricity,2005,R-22,mixed,4,False,2,False,n/a,0,54,3
MNB-03576,Hutchins Branch,Hutchins,Dallas County,TX,75141,32.63681,-96.71192,in_store,840,1975,leased,full_gross,landlord,shared_unmetered,host_building_system,unknown,,unknown,mixed,0,False,0,False,n/a,0,65,3
MNB-03577,Boston Branch #4,Boston,Suffolk County,MA,02116,42.34706,-71.05573,full_service,2830,1993,leased,modified_gross,bank,direct_utility_meter,rtu_gas_heat,natural_gas,2001,R-22,fluorescent,1,True,3,False,n/a,0,43,1
MNB-03578,Austerlitz Branch,Austerlitz,Columbia County,NY,12017,42.32946,-73.46895,drive_thru_only,1170,1989,owned,n/a,bank,direct_utility_meter,rtu_gas_heat,natural_gas,2011,R-410A,mixed,3,True,1,False,n/a,0,52,2
MNB-03579,Greendale Branch,Greendale,Milwaukee County,WI,53129,42.9356,-88.00106,full_service,3130,2009,owned,n/a,bank,direct_utility_meter,rtu_gas_heat,natural_gas,2009,R-22,mixed,1,True,2,False,n/a,0,44,1
MNB-03580,Garwood Branch,Garwood,Colorado County,TX,77442,29.47266,-96.50276,full_service,2810,2003,owned,n/a,bank,direct_utility_meter,rtu_gas_heat,natural_gas,2013,R-410A,fluorescent,4,False,0,True,diesel,0,53,1
MNB-03581,Newark Branch #2,Newark,Essex County,NJ,07105,40.73275,-74.16307,express,1910,2018,leased,full_gross,landlord,shared_unmetered,split_ac_gas_furnace,natural_gas,2024,R-410A,led,4,True,0,False,n/a,0,46,3
MNB-03582,Riverside Branch,Riverside,Platte County,MO,64150,39.18562,-94.61972,drive_thru_only,1050,2017,owned,n/a,bank,direct_utility_meter,heat_pump,electricity,2017,R-410A,led,1,False,1,False,n/a,0,45,1
MNB-03583,Lanham Branch,Lanham,Prince George's County,MD,20706,38.96574,-76.83736,express,1820,1976,leased,triple_net,bank,direct_utility_meter,rtu_gas_heat,natural_gas,1999,R-22,led,2,False,0,False,n/a,0,49,1
MNB-03584,Dover Branch,Dover,Tuscarawas County,OH,44622,40.53527,-81.48471,full_service,5200,1952,owned,n/a,bank,direct_utility_meter,split_ac_gas_furnace,natural_gas,2011,R-410A,mixed,4,True,0,False,n/a,0,50,1
MNB-03585,Miami Branch #16,Miami,Miami-Dade County,FL,33195,25.76352,-80.19568,flagship,19850,2017,owned,n/a,bank,direct_utility_meter,rtu_gas_heat,natural_gas,2017,R-410A,led,4,False,0,True,diesel,0,56,1
MNB-03586,De Kalb Branch,De Kalb,Bowie County,TX,75559,33.49837,-94.63019,drive_thru_only,1440,1984,owned,n/a,bank,direct_utility_meter,split_ac_gas_furnace,natural_gas,2003,R-22,mixed,2,False,0,False,n/a,0,53,3
MNB-03587,Trabuco Canyon Branch,Trabuco Canyon,Orange County,CA,92679,33.67173,-117.57462,drive_thru_only,740,1985,owned,n/a,bank,landlord_submeter,heat_pump,electricity,2013,R-410A,led,2,False,2,False,n/a,0,54,3
MNB-03588,Brandon Branch,Brandon,Hillsborough County,FL,33510,27.96044,-82.28315,in_store,940,1969,leased,full_gross,landlord,shared_unmetered,host_building_system,unknown,,unknown,mixed,1,False,0,False,n/a,0,73,3
MNB-03589,Lake Tomahawk Branch,Lake Tomahawk,Oneida County,WI,54539,45.80896,-89.58687,flagship,29720,2008,owned,n/a,bank,direct_utility_meter,rtu_gas_heat,natural_gas,2008,R-22,mixed,4,True,0,True,diesel,0,57,2
MNB-03590,Menoken Branch,Menoken,Burleigh County,ND,58558,46.82387,-100.54795,full_service,3760,1980,owned,n/a,bank,direct_utility_meter,boiler_with_split_ac,propane,2002,R-22,fluorescent,1,False,3,False,n/a,0,54,1
MNB-03591,Woodland Branch,Woodland,Cowlitz County,WA,98674,45.92245,-122.72828,in_store,420,1970,leased,modified_gross,bank,direct_utility_meter,host_building_system,unknown,,unknown,fluorescent,0,False,0,False,n/a,0,61,1
MNB-03592,San Diego Branch #11,San Diego,San Diego County,CA,92110,32.77186,-117.20075,in_store,450,1996,leased,full_gross,landlord,shared_unmetered,host_building_system,unknown,,unknown,led,1,False,0,False,n/a,0,72,3
MNB-03593,New Point Branch,New Point,Mathews County,VA,23125,37.35502,-76.28121,in_store,570,2011,leased,full_gross,landlord,shared_unmetered,host_building_system,unknown,,unknown,led,1,False,0,False,n/a,0,64,3
MNB-03594,Grangeville Branch,Grangeville,Idaho County,ID,83530,45.93813,-116.13239,in_store,1070,1979,leased,modified_gross,landlord,shared_unmetered,host_building_system,unknown,,unknown,fluorescent,1,False,0,False,n/a,0,64,2
MNB-03595,Covington Branch,Covington,Newton County,GA,30014,33.52809,-83.85346,full_service,4220,2010,leased,triple_net,bank,direct_utility_meter,heat_pump,electricity,2010,R-410A,led,1,False,0,False,n/a,0,54,1
MNB-03596,Roanoke Branch,Roanoke,Huntington County,IN,46783,40.97664,-85.33318,full_service,3490,1993,owned,n/a,bank,direct_utility_meter,rtu_gas_heat,natural_gas,2004,R-22,led,3,False,0,False,n/a,0,52,1
MNB-03597,Austin Branch #5,Austin,Travis County,TX,78745,30.20904,-97.79821,full_service,3410,1989,owned,n/a,bank,direct_utility_meter,rtu_electric_heat,electricity,2024,R-410A,led,3,True,3,True,diesel,0,53,1
MNB-03598,Tescott Branch,Tescott,Ottawa County,KS,67484,38.99919,-97.81402,in_store,460,1986,leased,modified_gross,landlord,shared_unmetered,host_building_system,unknown,,unknown,mixed,1,False,0,False,n/a,0,76,3
MNB-03599,Webster Springs Branch,Webster Springs,Webster County,WV,26288,38.48659,-80.43981,in_store,800,1967,leased,full_gross,landlord,shared_unmetered,host_building_system,unknown,,unknown,led,1,False,0,False,n/a,0,68,1
MNB-03600,Carbon Cliff Branch,Carbon Cliff,Rock Island County,IL,61239,41.49776,-90.40371,drive_thru_only,970,1984,owned,n/a,bank,landlord_submeter,rtu_gas_heat,propane,2022,R-410A,led,4,False,1,False,n/a,0,53,2
MNB-03601,Eatonville Branch,Eatonville,Pierce County,WA,98328,46.86197,-122.27311,in_store,1090,2018,leased,modified_gross,landlord,landlord_submeter,host_building_system,unknown,,unknown,led,0,False,0,False,n/a,0,68,2
MNB-03602,Avon Lake Branch,Avon Lake,Lorain County,OH,44012,41.51032,-82.01264,full_service,5070,1963,owned,n/a,bank,direct_utility_meter,rtu_gas_heat,natural_gas,1998,R-22,mixed,1,False,3,False,n/a,0,47,1
MNB-03603,Baton Rouge Branch #2,Baton Rouge,East Baton Rouge Parish,LA,70811,30.56584,-91.12813,full_service,5380,2022,leased,modified_gross,landlord,shared_unmetered,heat_pump,electricity,2022,R-410A,led,1,True,2,False,n/a,0,52,3
MNB-03604,Tucson Branch #8,Tucson,Pima County,AZ,85715,32.2474,-110.83164,full_service,3900,1963,owned,n/a,bank,direct_utility_meter,rtu_gas_heat,natural_gas,2021,R-410A,fluorescent,3,False,2,False,n/a,0,53,1
MNB-03605,Gwynn Oak Branch,Gwynn Oak,Baltimore County,MD,21207,39.33045,-76.71602,express,1370,1986,leased,triple_net,bank,direct_utility_meter,rtu_gas_heat,propane,2001,R-22,mixed,2,False,0,False,n/a,42,45,1
MNB-03606,Miami Branch #17,Miami,Miami-Dade County,FL,33133,25.73245,-80.23653,in_store,520,2003,leased,full_gross,landlord,shared_unmetered,host_building_system,unknown,,unknown,mixed,1,False,0,False,n/a,0,76,2
MNB-03607,Hilham Branch,Hilham,Overton County,TN,38568,36.41684,-85.43346,express,1270,2016,leased,full_gross,landlord,landlord_submeter,heat_pump,electricity,2017,R-410A,mixed,2,True,0,False,n/a,0,45,3
MNB-03608,Jamestown Branch,Jamestown,Greene County,OH,45335,39.66133,-83.75564,flagship,20150,1967,owned,n/a,bank,direct_utility_meter,rtu_gas_heat,natural_gas,2017,R-410A,mixed,4,False,0,True,diesel,0,57,1
MNB-03609,Kent Branch,Kent,King County,WA,98042,47.35992,-122.12091,full_service,3740,1967,owned,n/a,bank,direct_utility_meter,rtu_gas_heat,natural_gas,1999,R-22,led,1,False,3,False,n/a,0,42,1
MNB-03610,Pensacola Branch #2,Pensacola,Escambia County,FL,32504,30.48161,-87.18046,in_store,820,2004,leased,full_gross,landlord,shared_unmetered,host_building_system,unknown,,unknown,mixed,0,False,0,False,n/a,0,66,3
MNB-03611,Grand Rapids Branch #2,Grand Rapids,Kent County,MI,49534,42.99505,-85.76148,full_service,4370,1981,owned,n/a,bank,direct_utility_meter,rtu_gas_heat,natural_gas,2024,R-410A,led,4,False,0,False,n/a,0,47,1
MNB-03612,Portland Branch #5,Portland,Multnomah County,OR,97202,45.47491,-122.62969,full_service,3840,2005,leased,triple_net,bank,direct_utility_meter,rtu_gas_heat,natural_gas,2005,R-22,led,3,False,3,False,n/a,40,48,1
MNB-03613,Unionville Branch,Unionville,Tuscola County,MI,48767,43.6268,-83.49446,full_service,2950,2015,leased,triple_net,bank,direct_utility_meter,rtu_gas_heat,natural_gas,2020,R-410A,led,1,True,3,False,n/a,0,49,1
MNB-03614,Mountain City Branch,Mountain City,Elko County,NV,89831,41.84608,-115.96012,full_service,4590,1960,owned,n/a,bank,direct_utility_meter,rtu_electric_heat,electricity,2023,R-410A,fluorescent,4,False,2,False,n/a,0,53,2
MNB-03615,Phoenix Branch #13,Phoenix,Maricopa County,AZ,85006,33.4986,-112.07702,full_service,3930,2016,leased,modified_gross,bank,direct_utility_meter,rtu_electric_heat,electricity,2016,R-410A,led,1,False,0,False,n/a,0,47,3
MNB-03616,Collinsville Branch,Collinsville,Henry County,VA,24078,36.7194,-79.91692,full_service,5500,1955,owned,n/a,bank,direct_utility_meter,split_ac_gas_furnace,natural_gas,2017,R-410A,mixed,4,True,2,False,n/a,0,52,1
MNB-03617,Sherrill Branch,Sherrill,Oneida County,NY,13461,43.0504,-75.58875,full_service,3380,2019,owned,n/a,bank,direct_utility_meter,rtu_gas_heat,natural_gas,2019,R-410A,fluorescent,3,False,3,False,n/a,0,44,1
MNB-03618,Pacolet Branch,Pacolet,Spartanburg County,SC,29372,34.9125,-81.75123,full_service,5050,2023,owned,n/a,bank,direct_utility_meter,heat_pump,electricity,2024,R-410A,mixed,4,True,0,False,n/a,0,42,1
MNB-03619,Halls Branch,Halls,Lauderdale County,TN,38040,35.87748,-89.43028,full_service,6870,2006,leased,modified_gross,bank,direct_utility_meter,heat_pump,electricity,2006,R-22,fluorescent,1,False,0,False,n/a,0,45,1
MNB-03620,Fresno Branch #10,Fresno,Fresno County,CA,93703,36.78399,-119.77344,full_service,4550,2024,leased,triple_net,bank,direct_utility_meter,split_ac_gas_furnace,natural_gas,2024,R-410A,led,1,False,1,False,n/a,0,50,1
MNB-03621,Chandler Branch,Chandler,Maricopa County,AZ,85226,33.30582,-111.92806,drive_thru_only,1210,2015,owned,n/a,bank,direct_utility_meter,rtu_electric_heat,electricity,2015,R-410A,led,4,False,1,False,n/a,0,51,2
MNB-03622,Indianapolis Branch #10,Indianapolis,Marion County,IN,46205,39.81922,-86.13637,full_service,4980,1956,leased,modified_gross,landlord,shared_unmetered,split_ac_gas_furnace,natural_gas,2001,R-22,mixed,3,True,0,False,n/a,0,48,3
MNB-03623,New Ross Branch,New Ross,Montgomery County,IN,47968,39.98616,-86.77718,full_service,7420,1950,owned,n/a,bank,direct_utility_meter,rtu_gas_heat,natural_gas,1999,R-22,mixed,3,False,0,False,n/a,0,43,2
MNB-03624,Plattenville Branch,Plattenville,Assumption Parish,LA,70393,30.00649,-91.02336,flagship,16240,1953,owned,n/a,bank,direct_utility_meter,heat_pump,electricity,2015,R-410A,led,3,True,0,True,diesel,0,53,1
MNB-03625,Berkeley Branch #3,Berkeley,Alameda County,CA,94705,37.85437,-122.24626,drive_thru_only,1190,1993,leased,full_gross,landlord,landlord_submeter,heat_pump,electricity,2014,R-410A,mixed,4,True,1,False,n/a,0,46,2
MNB-03626,Palo Alto Branch #2,Palo Alto,Santa Clara County,CA,94306,37.41204,-122.1308,in_store,640,2004,leased,modified_gross,bank,direct_utility_meter,host_building_system,unknown,,unknown,led,1,False,0,False,n/a,0,68,1
MNB-03627,Glenwood Branch,Glenwood,Howard County,MD,21738,39.27711,-77.0085,in_store,530,1995,leased,full_gross,landlord,landlord_submeter,host_building_system,unknown,,unknown,led,1,False,0,False,n/a,0,64,3
MNB-03628,Greenwood Branch,Greenwood,Greenwood County,SC,29646,34.16054,-82.15352,full_service,2920,2007,owned,n/a,bank,direct_utility_meter,rtu_gas_heat,natural_gas,2019,R-410A,led,3,True,3,False,n/a,0,47,1
MNB-03629,Concordia Branch,Concordia,Lafayette County,MO,64020,38.98236,-93.5877,in_store,890,1993,leased,modified_gross,landlord,shared_unmetered,host_building_system,unknown,,unknown,led,0,False,0,False,n/a,0,71,3
MNB-03630,Pahrump Branch #2,Pahrump,Nye County,NV,89060,36.24306,-116.06253,full_service,3100,1955,leased,full_gross,landlord,shared_unmetered,heat_pump,electricity,2009,R-22,led,1,False,3,False,n/a,0,45,3
MNB-03631,Covina Branch,Covina,Los Angeles County,CA,91723,34.08067,-117.8827,full_service,5250,1975,leased,full_gross,landlord,shared_unmetered,heat_pump,electricity,2015,R-410A,fluorescent,2,False,2,False,n/a,0,48,3
MNB-03632,Atlanta Branch #6,Atlanta,Fulton County,GA,30312,33.75581,-84.38954,full_service,4750,2024,owned,n/a,bank,direct_utility_meter,heat_pump,electricity,2024,R-410A,led,2,True,1,False,n/a,0,45,2
MNB-03633,Berkeley Heights Branch,Berkeley Heights,Union County,NJ,07922,40.67884,-74.44154,in_store,810,1985,leased,full_gross,landlord,shared_unmetered,host_building_system,unknown,,unknown,fluorescent,1,False,0,False,n/a,0,77,3
MNB-03634,Lima Branch,Lima,Allen County,OH,45801,40.77118,-84.09155,full_service,3590,1983,leased,triple_net,bank,direct_utility_meter,rtu_gas_heat,natural_gas,2011,R-410A,mixed,2,True,1,False,n/a,0,50,2
MNB-03635,Baltimore Branch #3,Baltimore,Baltimore city,MD,21229,39.28482,-76.67289,full_service,3310,1968,owned,n/a,bank,direct_utility_meter,rtu_gas_heat,natural_gas,2005,R-22,fluorescent,3,False,2,True,diesel,0,50,1
MNB-03636,Hodges Branch,Hodges,Greenwood County,SC,29653,34.30224,-82.21466,full_service,4700,2024,leased,triple_net,bank,direct_utility_meter,heat_pump,electricity,2024,R-410A,led,3,False,3,False,n/a,0,48,1
MNB-03637,Cloverdale Branch,Cloverdale,Botetourt County,VA,24077,37.3762,-79.89895,in_store,600,1975,leased,full_gross,landlord,shared_unmetered,host_building_system,unknown,,unknown,fluorescent,1,False,0,False,n/a,0,65,3
MNB-03638,Moss Point Branch,Moss Point,Jackson County,MS,39562,30.55245,-88.51003,full_service,2900,2005,owned,n/a,bank,direct_utility_meter,heat_pump,electricity,2006,R-22,fluorescent,2,False,1,True,diesel,34,44,2
MNB-03639,Glen Mills Branch,Glen Mills,Delaware County,PA,19342,39.91263,-75.50195,full_service,7510,1955,leased,full_gross,landlord,shared_unmetered,split_ac_gas_furnace,natural_gas,2017,R-410A,mixed,2,True,1,False,n/a,0,47,2
MNB-03640,West Richland Branch,West Richland,Benton County,WA,99353,46.32431,-119.37212,full_service,3310,1958,leased,full_gross,landlord,shared_unmetered,rtu_gas_heat,natural_gas,2011,R-410A,mixed,4,True,1,False,n/a,0,53,3
MNB-03641,Trafford Branch,Trafford,Westmoreland County,PA,15085,40.38043,-79.70755,in_store,500,2009,leased,full_gross,landlord,landlord_submeter,host_building_system,unknown,,unknown,led,1,False,0,False,n/a,0,72,3
MNB-03642,Carlsbad Branch,Carlsbad,San Diego County,CA,92009,33.07927,-117.26839,full_service,3900,2005,leased,modified_gross,bank,direct_utility_meter,rtu_gas_heat,natural_gas,2014,R-410A,led,4,False,0,False,n/a,0,48,1
MNB-03643,Runnemede Branch,Runnemede,Camden County,NJ,08078,39.85584,-75.0771,express,2460,2007,leased,full_gross,landlord,landlord_submeter,rtu_gas_heat,natural_gas,2007,R-22,fluorescent,4,False,0,False,n/a,0,50,3
MNB-03644,Chrisman Branch,Chrisman,Edgar County,IL,61924,39.80615,-87.64289,full_service,2200,1975,owned,n/a,bank,direct_utility_meter,rtu_gas_heat,natural_gas,2017,R-410A,led,3,True,0,False,n/a,0,43,2
MNB-03645,Klamath Falls Branch,Klamath Falls,Klamath County,OR,97603,42.20499,-121.7252,full_service,5960,2024,owned,n/a,bank,direct_utility_meter,rtu_gas_heat,natural_gas,2024,R-410A,led,4,False,0,False,n/a,0,45,1
MNB-03646,Byram Branch,Byram,Hinds County,MS,39272,32.17756,-90.27281,full_service,3190,2000,leased,triple_net,bank,direct_utility_meter,rtu_gas_heat,natural_gas,2004,R-22,fluorescent,2,False,0,False,n/a,0,44,1
MNB-03647,Cocoa Branch,Cocoa,Brevard County,FL,32927,28.44572,-80.76718,full_service,4540,2023,owned,n/a,bank,landlord_submeter,rtu_gas_heat,natural_gas,2023,R-410A,fluorescent,1,False,3,False,n/a,0,43,3
MNB-03648,Dallas Branch #7,Dallas,Dallas County,TX,75226,32.79422,-96.78054,full_service,3420,1969,leased,triple_net,bank,direct_utility_meter,rtu_electric_heat,electricity,2005,R-22,fluorescent,4,True,0,False,n/a,0,54,1
MNB-03649,Wiley Ford Branch,Wiley Ford,Mineral County,WV,26767,39.61245,-78.77578,full_service,7630,1989,owned,n/a,bank,direct_utility_meter,split_ac_gas_furnace,natural_gas,2015,R-410A,led,1,True,1,False,n/a,0,54,1
MNB-03650,Fairfield Branch,Fairfield,Solano County,CA,94533,38.24447,-122.03154,express,1850,1984,owned,n/a,bank,direct_utility_meter,rtu_gas_heat,natural_gas,2016,R-410A,mixed,4,True,0,False,n/a,0,48,1
MNB-03651,Brooklyn Branch #5,Brooklyn,Kings County,NY,11207,40.675,-73.89079,full_service,3390,2012,owned,n/a,bank,direct_utility_meter,rtu_gas_heat,natural_gas,2020,R-410A,led,3,False,3,False,n/a,0,45,2
MNB-03652,Reading Branch,Reading,Windsor County,VT,05062,43.45707,-72.57268,full_service,3830,2011,leased,modified_gross,bank,direct_utility_meter,rtu_gas_heat,natural_gas,2011,R-410A,led,3,False,2,False,n/a,0,51,1
MNB-03653,Westford Branch,Westford,Middlesex County,MA,01886,42.57506,-71.44232,full_service,4310,1995,leased,triple_net,bank,landlord_submeter,rtu_gas_heat,propane,2022,R-410A,led,3,True,0,False,n/a,0,51,1
MNB-03654,Inglewood Branch,Inglewood,Los Angeles County,CA,90302,33.99072,-118.35762,full_service,4420,1952,leased,triple_net,bank,direct_utility_meter,rtu_gas_heat,natural_gas,2018,R-410A,mixed,3,False,0,False,n/a,0,54,2
MNB-03655,Jonesboro Branch,Jonesboro,Jackson Parish,LA,71251,32.2702,-92.70779,full_service,4790,1970,owned,n/a,bank,direct_utility_meter,rtu_electric_heat,electricity,2006,R-22,led,4,True,0,False,n/a,0,53,1
MNB-03656,Houston Branch #17,Houston,Harris County,TX,77098,29.72041,-95.386,full_service,4190,1956,leased,triple_net,bank,direct_utility_meter,split_ac_gas_furnace,natural_gas,2005,R-22,mixed,1,True,0,False,n/a,0,46,3
MNB-03657,Walton Branch,Walton,Cass County,IN,46994,40.67325,-86.28314,full_service,2770,2017,leased,triple_net,bank,direct_utility_meter,rtu_gas_heat,natural_gas,2017,R-410A,led,2,True,0,False,n/a,0,45,2
MNB-03658,Washoe Valley Branch,Washoe Valley,Washoe County,NV,89704,39.25321,-119.77464,full_service,3790,1980,owned,n/a,bank,direct_utility_meter,heat_pump,electricity,2018,R-410A,led,2,True,1,False,n/a,0,42,1
MNB-03659,Chisago City Branch,Chisago City,Chisago County,MN,55013,45.38247,-92.89612,express,2090,1964,leased,full_gross,landlord,landlord_submeter,rtu_gas_heat,natural_gas,2010,R-410A,led,1,False,0,False,n/a,0,52,2
MNB-03660,Natural Bridge Branch,Natural Bridge,Jefferson County,NY,13665,44.05709,-75.50816,in_store,540,1986,leased,full_gross,landlord,shared_unmetered,host_building_system,unknown,,unknown,led,0,False,0,False,n/a,0,61,3
MNB-03661,Southbridge Branch,Southbridge,Worcester County,MA,01550,42.06928,-72.04077,express,2120,1960,leased,triple_net,bank,direct_utility_meter,split_ac_gas_furnace,natural_gas,2018,R-410A,led,2,False,0,False,n/a,0,52,1
MNB-03662,Onyx Branch,Onyx,Kern County,CA,93255,35.70098,-118.1145,full_service,4240,2023,owned,n/a,bank,direct_utility_meter,rtu_gas_heat,natural_gas,2023,R-410A,led,4,False,2,True,diesel,0,42,1
MNB-03663,Harshaw Branch,Harshaw,Oneida County,WI,54529,45.6717,-89.65223,drive_thru_only,940,1982,owned,n/a,bank,direct_utility_meter,split_ac_gas_furnace,natural_gas,1998,R-22,led,1,False,0,False,n/a,0,48,1
MNB-03664,Oakdale Branch,Oakdale,Suffolk County,NY,11769,40.74687,-73.13458,full_service,6000,2021,owned,n/a,bank,direct_utility_meter,split_ac_gas_furnace,natural_gas,2021,R-410A,led,3,True,1,False,n/a,0,47,3
MNB-03665,Forestport Branch,Forestport,Oneida County,NY,13338,43.45597,-75.16464,full_service,2490,2007,leased,triple_net,bank,direct_utility_meter,rtu_gas_heat,natural_gas,2013,R-410A,led,4,True,1,False,n/a,0,45,1
MNB-03666,Old Fields Branch,Old Fields,Hardy County,WV,26845,39.14815,-78.96526,drive_thru_only,840,2000,owned,n/a,bank,direct_utility_meter,rtu_gas_heat,natural_gas,2011,R-410A,led,2,False,2,False,n/a,0,53,1
MNB-03667,Detroit Branch #3,Detroit,Wayne County,MI,48221,42.40608,-83.15693,full_service,6070,1994,owned,n/a,bank,direct_utility_meter,rtu_gas_heat,natural_gas,2002,R-22,mixed,3,False,3,False,n/a,0,54,2
MNB-03668,Portland Branch #6,Portland,Multnomah County,OR,97221,45.47913,-122.73748,full_service,7270,2008,owned,n/a,bank,direct_utility_meter,rtu_gas_heat,natural_gas,2016,R-410A,mixed,4,False,2,False,n/a,0,53,2
MNB-03669,Whittier Branch #4,Whittier,Los Angeles County,CA,90604,33.93997,-117.99479,drive_thru_only,1600,2008,leased,modified_gross,bank,direct_utility_meter,rtu_gas_heat,natural_gas,2015,R-410A,led,2,True,3,False,n/a,0,49,1
MNB-03670,Schoolcraft Branch,Schoolcraft,Kalamazoo County,MI,49087,42.1323,-85.67413,full_service,4260,1951,owned,n/a,bank,direct_utility_meter,boiler_with_split_ac,natural_gas,2012,R-410A,fluorescent,2,True,0,False,n/a,0,43,2
MNB-03671,Annapolis Branch #2,Annapolis,Anne Arundel County,MD,21405,39.02667,-76.54475,full_service,4810,2020,owned,n/a,bank,direct_utility_meter,split_ac_gas_furnace,natural_gas,2020,R-410A,led,2,True,1,False,n/a,0,48,2
MNB-03672,Mounds Branch,Mounds,Okmulgee County,OK,74047,35.88062,-96.07706,full_service,5360,1987,owned,n/a,bank,direct_utility_meter,rtu_gas_heat,natural_gas,2002,R-22,fluorescent,2,True,3,False,n/a,0,53,1
MNB-03673,Claremont Branch,Claremont,Brown County,SD,57432,45.66345,-98.04215,full_service,6150,1985,leased,triple_net,bank,direct_utility_meter,split_ac_gas_furnace,natural_gas,2002,R-22,led,2,True,0,True,diesel,0,46,1
MNB-03674,Roosevelt Branch,Roosevelt,Gila County,AZ,85545,33.63941,-110.99142,flagship,15860,1989,owned,n/a,bank,direct_utility_meter,rtu_gas_heat,natural_gas,2022,R-410A,led,2,False,0,True,diesel,0,54,1
MNB-03675,Marion Branch,Marion,Marion County,KS,66861,38.36719,-97.03677,full_service,5540,2008,owned,n/a,bank,direct_utility_meter,rtu_gas_heat,natural_gas,2008,R-22,led,4,False,1,False,n/a,0,50,2
MNB-03676,Madison Lake Branch,Madison Lake,Blue Earth County,MN,56063,44.1906,-93.81858,full_service,4820,1987,leased,triple_net,bank,landlord_submeter,rtu_gas_heat,natural_gas,1998,R-22,led,4,False,1,False,n/a,0,48,2
MNB-03677,Strawn Branch,Strawn,Livingston County,IL,61775,40.63762,-88.41913,full_service,4910,1987,owned,n/a,bank,direct_utility_meter,split_ac_gas_furnace,natural_gas,2005,R-22,fluorescent,2,False,0,False,n/a,0,54,1
MNB-03678,Limestone Branch,Limestone,Cattaraugus County,NY,14753,42.06581,-78.6273,express,1430,1958,leased,modified_gross,bank,direct_utility_meter,rtu_gas_heat,natural_gas,2017,R-410A,led,4,False,0,False,n/a,0,42,1
MNB-03679,Hubertus Branch,Hubertus,Washington County,WI,53033,43.23311,-88.22973,in_store,590,1990,leased,full_gross,landlord,shared_unmetered,host_building_system,unknown,,unknown,mixed,0,False,0,False,n/a,0,60,3
MNB-03680,North Springfield Branch,North Springfield,Erie County,PA,16430,42.00474,-80.42127,full_service,3590,1968,leased,modified_gross,landlord,landlord_submeter,rtu_gas_heat,natural_gas,2017,R-410A,led,2,False,1,False,n/a,0,51,3
MNB-03681,Cincinnati Branch #6,Cincinnati,Hamilton County,OH,45249,39.27241,-84.32504,express,1330,2017,owned,n/a,bank,direct_utility_meter,rtu_gas_heat,natural_gas,2017,R-410A,led,3,True,0,False,n/a,0,48,1
MNB-03682,Firebaugh Branch,Firebaugh,Fresno County,CA,93622,36.86144,-120.4812,full_service,2550,1984,owned,n/a,bank,direct_utility_meter,rtu_gas_heat,natural_gas,2022,R-410A,led,1,True,3,False,n/a,0,51,1
MNB-03683,East Freetown Branch,East Freetown,Bristol County,MA,02717,41.75718,-70.97941,express,1610,2023,owned,n/a,bank,direct_utility_meter,split_ac_gas_furnace,natural_gas,2023,R-410A,mixed,1,True,0,False,n/a,0,54,1
MNB-03684,New Ulm Branch,New Ulm,Austin County,TX,78950,29.91045,-96.48752,full_service,3880,2008,leased,modified_gross,bank,direct_utility_meter,rtu_electric_heat,electricity,2021,R-410A,led,3,False,0,False,n/a,0,50,1
MNB-03685,Binghamton Branch #2,Binghamton,Broome County,NY,13904,42.13088,-75.87285,full_service,4330,2012,leased,triple_net,bank,direct_utility_meter,rtu_gas_heat,natural_gas,2017,R-410A,led,1,True,2,False,n/a,0,49,1
MNB-03686,Harrold Branch,Harrold,Wilbarger County,TX,76364,34.07182,-99.0653,full_service,4960,2022,owned,n/a,bank,direct_utility_meter,heat_pump,electricity,2022,R-410A,led,4,True,0,False,n/a,0,44,1
MNB-03687,Hickory Ridge Branch,Hickory Ridge,Cross County,AR,72347,35.39875,-90.97451,flagship,15090,1976,owned,n/a,bank,direct_utility_meter,heat_pump,electricity,2015,R-410A,led,2,False,0,True,diesel,0,51,1
MNB-03688,Shellman Branch,Shellman,Randolph County,GA,39886,31.763,-84.62164,express,1680,2000,owned,n/a,bank,direct_utility_meter,heat_pump,electricity,2023,R-410A,led,1,False,0,False,n/a,56,47,1
MNB-03689,Jasper Branch,Jasper,Marion County,TN,37347,35.11572,-85.58409,full_service,3190,1955,owned,n/a,bank,direct_utility_meter,split_ac_gas_furnace,natural_gas,2010,R-410A,led,3,False,2,False,n/a,14,47,1
MNB-03690,Salinas Branch #2,Salinas,Monterey County,CA,93908,36.5975,-121.65619,full_service,5460,1963,owned,n/a,bank,direct_utility_meter,rtu_gas_heat,natural_gas,2002,R-22,mixed,2,True,0,False,n/a,0,52,2
MNB-03691,Las Vegas Branch #11,Las Vegas,Clark County,NV,89156,36.21491,-115.0362,full_service,4070,1986,leased,modified_gross,bank,direct_utility_meter,split_ac_gas_furnace,natural_gas,2012,R-410A,mixed,1,False,3,False,n/a,0,44,1
MNB-03692,Flushing Branch,Flushing,Belmont County,OH,43977,40.15988,-81.06375,full_service,3680,2007,owned,n/a,bank,landlord_submeter,split_ac_gas_furnace,natural_gas,2013,R-410A,led,1,True,3,False,n/a,0,42,2
MNB-03693,Austin Branch #6,Austin,Travis County,TX,78747,30.11963,-97.74145,full_service,3970,2016,leased,modified_gross,landlord,shared_unmetered,heat_pump,electricity,2019,R-410A,mixed,1,True,2,False,n/a,0,42,3
MNB-03694,Rothbury Branch,Rothbury,Oceana County,MI,49452,43.50907,-86.32555,full_service,3370,1978,owned,n/a,bank,direct_utility_meter,boiler_with_split_ac,natural_gas,2002,R-22,led,3,True,3,False,n/a,0,51,3
MNB-03695,Harrison City Branch,Harrison City,Westmoreland County,PA,15636,40.36205,-79.66925,in_store,560,2011,leased,full_gross,landlord,shared_unmetered,host_building_system,unknown,,unknown,mixed,1,False,0,False,n/a,0,68,2
MNB-03696,Hermitage Branch,Hermitage,Bradley County,AR,71647,33.38693,-92.1561,full_service,3540,1975,owned,n/a,bank,direct_utility_meter,rtu_gas_heat,natural_gas,2008,R-22,led,2,False,3,False,n/a,0,51,1
MNB-03697,Ibapah Branch,Ibapah,Tooele County,UT,84034,40.21245,-113.85682,express,1670,1950,owned,n/a,bank,direct_utility_meter,rtu_gas_heat,natural_gas,2004,R-22,mixed,3,False,0,False,n/a,0,46,1
MNB-03698,Cement Branch,Cement,Caddo County,OK,73017,34.93487,-98.14888,full_service,5110,1957,leased,triple_net,bank,direct_utility_meter,heat_pump,electricity,2019,R-410A,fluorescent,2,False,0,False,n/a,0,54,1
MNB-03699,East Hanover Branch,East Hanover,Morris County,NJ,07936,40.82202,-74.34977,full_service,4740,2001,owned,n/a,bank,direct_utility_meter,rtu_gas_heat,natural_gas,2012,R-410A,led,2,False,1,True,diesel,0,43,1
MNB-03700,Cantua Creek Branch,Cantua Creek,Fresno County,CA,93608,36.4786,-120.34048,full_service,6670,1996,leased,full_gross,landlord,landlord_submeter,rtu_gas_heat,natural_gas,2023,R-410A,mixed,2,False,0,False,n/a,0,49,3
MNB-03701,Bond Branch,Bond,Eagle County,CO,80423,39.85749,-106.65147,full_service,6040,1979,leased,triple_net,bank,direct_utility_meter,rtu_gas_heat,natural_gas,2004,R-22,fluorescent,2,False,2,False,n/a,0,50,2
MNB-03702,San Pablo Branch,San Pablo,Contra Costa County,CA,94806,37.99812,-122.31143,full_service,7550,1950,leased,triple_net,bank,direct_utility_meter,split_ac_gas_furnace,natural_gas,2006,R-22,mixed,2,True,3,True,diesel,0,46,1
MNB-03703,Tucson Branch #9,Tucson,Pima County,AZ,85711,32.21057,-110.87952,in_store,740,2000,leased,modified_gross,bank,direct_utility_meter,host_building_system,unknown,,unknown,led,0,False,0,False,n/a,0,74,1
MNB-03704,Maynardville Branch,Maynardville,Union County,TN,37807,36.225,-83.83367,full_service,4940,2015,owned,n/a,bank,direct_utility_meter,rtu_gas_heat,natural_gas,2015,R-410A,led,3,False,1,False,n/a,0,42,1
MNB-03705,Flippin Branch,Flippin,Marion County,AR,72634,36.28537,-92.5637,full_service,3620,1959,owned,n/a,bank,direct_utility_meter,rtu_gas_heat,natural_gas,2008,R-22,fluorescent,2,True,2,False,n/a,0,48,1
MNB-03706,Tilden Branch,Tilden,McMullen County,TX,78072,28.42318,-98.58355,drive_thru_only,1220,2011,leased,modified_gross,bank,direct_utility_meter,split_ac_gas_furnace,natural_gas,2019,R-410A,led,1,True,2,False,n/a,0,46,1
MNB-03707,Washington Branch #9,Washington,District of Columbia,DC,20018,38.93464,-76.99194,full_service,3440,2005,owned,n/a,bank,direct_utility_meter,rtu_gas_heat,natural_gas,2005,R-22,led,1,True,0,False,n/a,0,49,1
MNB-03708,Lawrence Township Branch,Lawrence Township,Mercer County,NJ,08648,40.27824,-74.69842,full_service,2700,1995,leased,modified_gross,landlord,landlord_submeter,split_ac_gas_furnace,natural_gas,2014,R-410A,mixed,3,False,2,False,n/a,0,49,3
MNB-03709,Lebanon Branch,Lebanon,Boone County,IN,46052,40.04108,-86.46081,in_store,950,1956,leased,full_gross,landlord,shared_unmetered,host_building_system,unknown,,unknown,mixed,1,False,0,False,n/a,0,74,3
MNB-03710,Pomfret Branch,Pomfret,Charles County,MD,20675,38.58346,-77.01202,full_service,2880,2021,leased,triple_net,bank,direct_utility_meter,split_ac_gas_furnace,natural_gas,2022,R-410A,led,2,True,3,False,n/a,0,46,3
MNB-03711,Oxon Hill Branch,Oxon Hill,Prince George's County,MD,20745,38.79421,-76.98967,full_service,4790,1994,owned,n/a,bank,direct_utility_meter,heat_pump,electricity,2001,R-22,led,3,True,0,False,n/a,0,48,2
MNB-03712,Given Branch,Given,Jackson County,WV,25245,38.70594,-81.75093,drive_thru_only,800,1989,owned,n/a,bank,direct_utility_meter,rtu_gas_heat,natural_gas,2006,R-22,mixed,4,True,3,False,n/a,0,45,1
MNB-03713,Boonsboro Branch,Boonsboro,Washington County,MD,21713,39.55555,-77.69799,express,2380,2017,leased,full_gross,landlord,shared_unmetered,rtu_gas_heat,natural_gas,2017,R-410A,led,3,False,0,False,n/a,0,49,2
MNB-03714,Centralia Branch,Centralia,Lewis County,WA,98531,46.74681,-122.97614,full_service,6130,2017,leased,triple_net,bank,direct_utility_meter,split_ac_gas_furnace,natural_gas,2017,R-410A,led,1,False,2,False,n/a,0,51,1
MNB-03715,Saint Simons Island Branch,Saint Simons Island,Glynn County,GA,31522,31.23103,-81.33918,full_service,4920,2010,owned,n/a,bank,direct_utility_meter,split_ac_gas_furnace,natural_gas,2010,R-410A,mixed,3,False,0,False,n/a,0,48,3
MNB-03716,Lake Charles Branch #2,Lake Charles,Calcasieu Parish,LA,70629,30.23619,-93.31456,in_store,880,2016,leased,full_gross,landlord,landlord_submeter,host_building_system,unknown,,unknown,fluorescent,1,False,0,False,n/a,0,65,1
MNB-03717,Mission Branch #2,Mission,Hidalgo County,TX,78574,26.31777,-98.36318,full_service,4200,1965,leased,triple_net,bank,direct_utility_meter,rtu_electric_heat,electricity,2011,R-410A,mixed,1,False,0,False,n/a,0,50,3
MNB-03718,Harriman Branch,Harriman,Orange County,NY,10926,41.33337,-74.12015,full_service,8000,2012,owned,n/a,bank,direct_utility_meter,rtu_gas_heat,natural_gas,2012,R-410A,led,3,False,3,False,n/a,0,50,1
MNB-03719,Jewell Ridge Branch,Jewell Ridge,Buchanan County,VA,24622,37.2198,-81.81357,full_service,5250,1984,leased,triple_net,bank,direct_utility_meter,rtu_gas_heat,natural_gas,2021,R-410A,led,2,True,3,True,diesel,0,42,1
MNB-03720,Attleboro Falls Branch,Attleboro Falls,Bristol County,MA,02763,41.96287,-71.30111,in_store,510,2018,leased,modified_gross,bank,direct_utility_meter,host_building_system,unknown,,unknown,led,1,False,0,False,n/a,0,65,2
MNB-03721,Miami Branch #18,Miami,Miami-Dade County,FL,33196,25.66859,-80.43345,full_service,4280,1987,owned,n/a,bank,landlord_submeter,heat_pump,electricity,2003,R-22,mixed,4,True,0,False,n/a,0,52,2
MNB-03722,Madisonville Branch,Madisonville,Hopkins County,KY,42431,37.3167,-87.48036,full_service,4010,1957,owned,n/a,bank,landlord_submeter,boiler_with_split_ac,natural_gas,2000,R-22,mixed,4,True,2,False,n/a,0,45,1
MNB-03723,Sayreville Branch,Sayreville,Middlesex County,NJ,08872,40.44375,-74.32238,full_service,3890,1990,owned,n/a,bank,direct_utility_meter,heat_pump,electricity,2016,R-410A,led,4,False,0,True,diesel,0,47,1
MNB-03724,El Monte Branch,El Monte,Los Angeles County,CA,91731,34.07492,-118.05741,full_service,2550,2012,owned,n/a,bank,direct_utility_meter,split_ac_gas_furnace,natural_gas,2012,R-410A,led,1,False,3,False,n/a,0,44,3
MNB-03725,Peterman Branch,Peterman,Monroe County,AL,36471,31.5911,-87.26466,express,1980,1996,leased,modified_gross,landlord,shared_unmetered,rtu_electric_heat,electricity,2014,R-410A,mixed,4,True,0,False,n/a,0,53,3
MNB-03726,Elm Creek Branch,Elm Creek,Buffalo County,NE,68836,40.70763,-99.38171,full_service,2770,2012,owned,n/a,bank,direct_utility_meter,rtu_gas_heat,natural_gas,2012,R-410A,led,1,True,3,False,n/a,0,54,3
MNB-03727,Los Angeles Branch #14,Los Angeles,Los Angeles County,CA,90006,34.03551,-118.28963,full_service,2200,1955,leased,triple_net,bank,direct_utility_meter,rtu_gas_heat,natural_gas,2002,R-22,mixed,2,True,2,True,diesel,0,48,1
MNB-03728,Maiden Rock Branch,Maiden Rock,Pierce County,WI,54750,44.60872,-92.27804,express,1650,1970,leased,triple_net,bank,direct_utility_meter,split_ac_gas_furnace,natural_gas,2016,R-410A,led,1,False,0,False,n/a,0,51,3
MNB-03729,Conway Branch,Conway,Beaver County,PA,15027,40.66,-80.23771,full_service,3340,2000,owned,n/a,bank,landlord_submeter,rtu_gas_heat,natural_gas,2018,R-410A,led,3,True,3,False,n/a,0,44,1
MNB-03730,Winooski Branch,Winooski,Chittenden County,VT,05404,44.49964,-73.17507,full_service,3240,1988,leased,triple_net,bank,direct_utility_meter,split_ac_gas_furnace,natural_gas,2006,R-22,led,1,False,2,False,n/a,0,53,2
MNB-03731,Cheneyville Branch,Cheneyville,Rapides Parish,LA,71325,31.00552,-92.30832,full_service,2200,2007,owned,n/a,bank,direct_utility_meter,heat_pump,electricity,2007,R-22,led,2,False,0,True,diesel,0,46,1
MNB-03732,Luray Branch,Luray,Hampton County,SC,29932,32.82237,-81.25229,in_store,520,2023,leased,full_gross,landlord,shared_unmetered,host_building_system,unknown,,unknown,led,1,False,0,False,n/a,0,68,2
MNB-03733,Spearman Branch,Spearman,Hansford County,TX,79081,36.17849,-101.20749,in_store,620,2006,leased,full_gross,landlord,shared_unmetered,host_building_system,unknown,,unknown,led,1,False,0,False,n/a,0,69,2
MNB-03734,Pontotoc Branch,Pontotoc,Mason County,TX,76869,30.91031,-99.02552,drive_thru_only,850,1990,owned,n/a,bank,direct_utility_meter,rtu_gas_heat,natural_gas,2021,R-410A,led,2,False,3,False,n/a,0,50,1
MNB-03735,Hooks Branch,Hooks,Bowie County,TX,75561,33.50471,-94.28044,full_service,4710,1999,owned,n/a,bank,direct_utility_meter,heat_pump,electricity,2002,R-22,mixed,2,False,2,False,n/a,0,42,1
MNB-03736,Lyndon Branch,Lyndon,Whiteside County,IL,61261,41.70679,-89.91748,full_service,6370,2020,owned,n/a,bank,direct_utility_meter,split_ac_gas_furnace,natural_gas,2020,R-410A,led,1,True,1,False,n/a,0,49,2
MNB-03737,Wauconda Branch,Wauconda,Okanogan County,WA,98859,48.82741,-118.94889,full_service,4900,2007,owned,n/a,bank,direct_utility_meter,split_ac_gas_furnace,natural_gas,2022,R-410A,led,4,False,1,False,n/a,0,47,1
MNB-03738,Brainard Branch,Brainard,Columbia County,NY,12024,42.51497,-73.52014,flagship,21100,2014,owned,n/a,bank,direct_utility_meter,rtu_gas_heat,natural_gas,2021,R-410A,led,3,False,0,True,diesel,0,58,1
MNB-03739,Bluff City Branch,Bluff City,Harper County,KS,67018,37.08758,-97.86491,full_service,5850,1981,leased,triple_net,bank,direct_utility_meter,split_ac_gas_furnace,natural_gas,2009,R-22,led,4,False,2,True,diesel,0,53,1
MNB-03740,Coldwater Branch,Coldwater,Branch County,MI,49036,41.93225,-85.00641,in_store,500,2011,leased,full_gross,landlord,shared_unmetered,host_building_system,unknown,,unknown,led,0,False,0,False,n/a,0,77,2
MNB-03741,Homerville Branch,Homerville,Clinch County,GA,31634,31.05111,-82.74855,in_store,720,1967,leased,full_gross,landlord,landlord_submeter,host_building_system,unknown,,unknown,mixed,1,False,0,False,n/a,0,61,3
MNB-03742,Mountain City Branch,Mountain City,Johnson County,TN,37683,36.45338,-81.81634,full_service,5660,2011,leased,triple_net,bank,direct_utility_meter,rtu_gas_heat,natural_gas,2011,R-410A,fluorescent,4,False,2,False,n/a,0,42,1
MNB-03743,Mercer Island Branch,Mercer Island,King County,WA,98040,47.55442,-122.22839,full_service,3680,2018,owned,n/a,bank,landlord_submeter,rtu_gas_heat,natural_gas,2018,R-410A,led,4,True,0,False,n/a,0,50,1
MNB-03744,New Iberia Branch,New Iberia,Iberia Parish,LA,70563,30.00996,-91.75635,full_service,3310,2019,leased,full_gross,landlord,landlord_submeter,rtu_gas_heat,natural_gas,2019,R-410A,led,3,True,2,False,n/a,0,48,3
MNB-03745,Susan Branch,Susan,Mathews County,VA,23163,37.33546,-76.31618,full_service,4920,1964,owned,n/a,bank,direct_utility_meter,boiler_with_split_ac,natural_gas,2013,R-410A,led,3,False,1,False,n/a,0,49,2
MNB-03746,Itasca Branch,Itasca,Hill County,TX,76055,32.16842,-97.13745,flagship,8000,2016,owned,n/a,bank,direct_utility_meter,heat_pump,electricity,2016,R-410A,led,1,False,0,True,diesel,14,58,1
MNB-03747,Pelican Rapids Branch,Pelican Rapids,Otter Tail County,MN,56572,46.58592,-96.07114,full_service,3030,1964,leased,triple_net,bank,landlord_submeter,rtu_gas_heat,natural_gas,2014,R-410A,led,3,False,1,True,diesel,0,46,1
MNB-03748,Wrightwood Branch,Wrightwood,San Bernardino County,CA,92397,34.36663,-117.61868,flagship,10720,1995,owned,n/a,bank,direct_utility_meter,rtu_gas_heat,natural_gas,2024,R-410A,led,1,False,0,True,diesel,43,50,1
MNB-03749,Reseda Branch,Reseda,Los Angeles County,CA,91335,34.18508,-118.54885,full_service,4800,2007,leased,modified_gross,landlord,shared_unmetered,split_ac_gas_furnace,natural_gas,2007,R-22,led,3,True,0,False,n/a,0,50,1
MNB-03750,Chicago Branch #3,Chicago,Cook County,IL,60604,41.88206,-87.62389,full_service,4480,1995,owned,n/a,bank,direct_utility_meter,rtu_gas_heat,natural_gas,2024,R-410A,led,4,False,3,False,n/a,0,54,1
MNB-03751,Bracey Branch,Bracey,Mecklenburg County,VA,23919,36.57044,-78.11286,express,2330,1984,leased,full_gross,landlord,shared_unmetered,boiler_with_split_ac,natural_gas,2000,R-22,led,2,True,0,False,n/a,0,45,3
MNB-03752,Meadows Of Dan Branch,Meadows Of Dan,Patrick County,VA,24120,36.74188,-80.39198,express,1420,2007,owned,n/a,bank,direct_utility_meter,split_ac_gas_furnace,natural_gas,2012,R-410A,fluorescent,4,False,0,False,n/a,0,42,1
MNB-03753,Creston Branch,Creston,San Luis Obispo County,CA,93432,35.48178,-120.43537,full_service,3130,2006,owned,n/a,bank,direct_utility_meter,rtu_gas_heat,natural_gas,2006,R-22,led,3,False,3,False,n/a,0,47,1
MNB-03754,Happy Camp Branch,Happy Camp,Siskiyou County,CA,96039,41.81663,-123.36975,in_store,740,2001,leased,modified_gross,landlord,landlord_submeter,host_building_system,unknown,,unknown,mixed,0,False,0,False,n/a,0,69,2
MNB-03755,Bloomington Branch #2,Bloomington,Monroe County,IN,47401,39.13103,-86.52215,express,1470,1998,leased,full_gross,landlord,shared_unmetered,rtu_gas_heat,natural_gas,2019,R-410A,fluorescent,2,False,0,False,n/a,0,48,1
MNB-03756,Riverton Branch,Riverton,Fremont County,IA,51650,40.66357,-95.59501,in_store,550,2009,leased,modified_gross,bank,direct_utility_meter,host_building_system,unknown,,unknown,fluorescent,0,False,0,False,n/a,0,76,2
MNB-03757,Monument Branch,Monument,El Paso County,CO,80132,39.08893,-104.86159,full_service,2400,1989,leased,triple_net,bank,direct_utility_meter,heat_pump,electricity,1999,R-22,mixed,4,True,0,False,n/a,0,46,2
MNB-03758,Austin Branch #7,Austin,Travis County,TX,78738,30.32874,-97.99902,full_service,4580,1959,leased,full_gross,landlord,shared_unmetered,rtu_electric_heat,electricity,2014,R-410A,fluorescent,1,True,3,True,diesel,0,46,3
MNB-03759,Chicago Branch #4,Chicago,Cook County,IL,60654,41.88915,-87.65389,full_service,6660,1998,owned,n/a,bank,direct_utility_meter,split_ac_gas_furnace,natural_gas,2020,R-410A,led,3,False,2,True,diesel,0,45,1
MNB-03760,Clinton Branch,Clinton,Worcester County,MA,01510,42.40939,-71.67534,full_service,3080,2010,owned,n/a,bank,direct_utility_meter,rtu_gas_heat,natural_gas,2010,R-410A,led,2,True,0,False,n/a,0,49,2
MNB-03761,Orlando Branch #6,Orlando,Orange County,FL,32812,28.48521,-81.32885,full_service,5700,1981,leased,triple_net,bank,direct_utility_meter,rtu_gas_heat,natural_gas,2023,R-410A,led,1,True,3,False,n/a,0,43,1
MNB-03762,Smyrna Branch,Smyrna,Carteret County,NC,28579,34.74234,-76.53316,full_service,4120,1967,leased,triple_net,bank,direct_utility_meter,rtu_electric_heat,electricity,2001,R-22,mixed,1,True,0,False,n/a,0,52,3
MNB-03763,Belvidere Branch,Belvidere,Perquimans County,NC,27919,36.28152,-76.54824,full_service,2470,2020,leased,modified_gross,bank,direct_utility_meter,rtu_gas_heat,propane,2020,R-410A,led,2,True,2,True,diesel,0,50,1
MNB-03764,Carlinville Branch,Carlinville,Macoupin County,IL,62626,39.27582,-89.87327,full_service,3210,2017,owned,n/a,bank,direct_utility_meter,split_ac_gas_furnace,natural_gas,2017,R-410A,led,4,False,0,False,n/a,0,49,1
MNB-03765,Alexandria Branch,Alexandria,Madison County,IN,46001,40.26363,-85.6483,full_service,3150,2004,owned,n/a,bank,direct_utility_meter,rtu_gas_heat,natural_gas,2022,R-410A,led,4,True,0,False,n/a,0,45,1
MNB-03766,North Judson Branch,North Judson,Starke County,IN,46366,41.19582,-86.78473,full_service,3810,2013,leased,triple_net,bank,direct_utility_meter,heat_pump,electricity,2020,R-410A,led,2,False,0,False,n/a,0,43,2
MNB-03767,Watertown Branch,Watertown,Wilson County,TN,37184,36.07888,-86.15927,full_service,4760,2023,leased,full_gross,landlord,landlord_submeter,rtu_gas_heat,natural_gas,2023,R-410A,fluorescent,4,False,0,False,n/a,0,46,3
MNB-03768,Neptune Branch,Neptune,Monmouth County,NJ,07753,40.23109,-74.06185,full_service,7310,2000,leased,full_gross,landlord,landlord_submeter,split_ac_gas_furnace,natural_gas,2012,R-410A,fluorescent,1,False,2,False,n/a,0,42,3
MNB-03769,Middleton Branch,Middleton,Hardeman County,TN,38052,35.07416,-88.90719,drive_thru_only,690,1977,owned,n/a,bank,direct_utility_meter,rtu_electric_heat,electricity,1999,R-22,led,3,False,3,False,n/a,0,49,1
MNB-03770,Mingo Branch,Mingo,Jasper County,IA,50168,41.79365,-93.26353,full_service,3630,2005,owned,n/a,bank,direct_utility_meter,split_ac_gas_furnace,natural_gas,2020,R-410A,mixed,4,False,3,True,diesel,0,51,1
MNB-03771,El Paso Branch #4,El Paso,El Paso County,TX,79938,31.81221,-105.97241,full_service,3210,2020,leased,triple_net,bank,direct_utility_meter,heat_pump,electricity,2020,R-410A,led,2,True,3,False,n/a,0,51,3
MNB-03772,Vining Branch,Vining,Otter Tail County,MN,56588,46.22745,-95.49585,full_service,2870,2008,leased,triple_net,bank,direct_utility_meter,rtu_gas_heat,natural_gas,2017,R-410A,mixed,2,True,2,False,n/a,0,51,3
MNB-03773,Bogue Branch,Bogue,Graham County,KS,67625,39.35993,-99.66581,full_service,4320,1953,owned,n/a,bank,direct_utility_meter,rtu_gas_heat,natural_gas,2008,R-22,mixed,2,True,1,False,n/a,0,47,3
MNB-03774,Brooksville Branch,Brooksville,Hancock County,ME,04617,44.37283,-68.73756,full_service,4200,2020,owned,n/a,bank,landlord_submeter,split_ac_gas_furnace,natural_gas,2020,R-410A,led,3,False,3,True,diesel,0,42,3
MNB-03775,Elkhart Branch,Elkhart,Logan County,IL,62634,39.99378,-89.46092,full_service,2430,2011,leased,modified_gross,landlord,landlord_submeter,split_ac_gas_furnace,natural_gas,2011,R-410A,mixed,3,True,0,False,n/a,0,52,3
MNB-03776,Harpers Ferry Branch,Harpers Ferry,Jefferson County,WV,25425,39.34466,-77.7605,in_store,650,1989,leased,full_gross,landlord,shared_unmetered,host_building_system,unknown,,unknown,led,1,False,0,False,n/a,0,70,3
MNB-03777,La Valle Branch,La Valle,Sauk County,WI,53941,43.55076,-90.1211,in_store,480,2024,leased,full_gross,landlord,landlord_submeter,host_building_system,unknown,,unknown,mixed,1,False,0,False,n/a,0,70,3
MNB-03778,Lockhart Branch,Lockhart,Caldwell County,TX,78644,29.87423,-97.69383,full_service,4210,2010,leased,triple_net,bank,direct_utility_meter,heat_pump,electricity,2016,R-410A,led,2,False,2,False,n/a,0,53,1
MNB-03779,Oak Grove Branch,Oak Grove,West Carroll Parish,LA,71263,32.86061,-91.44374,full_service,6140,2015,owned,n/a,bank,direct_utility_meter,rtu_gas_heat,natural_gas,2015,R-410A,mixed,3,False,1,False,n/a,0,52,1
MNB-03780,Ocala Branch #4,Ocala,Marion County,FL,34482,29.24314,-82.24994,full_service,4820,2022,leased,modified_gross,bank,direct_utility_meter,heat_pump,electricity,2022,R-410A,mixed,3,False,0,True,diesel,0,49,2
MNB-03781,Hartford Branch,Hartford,Hartford County,CT,06152,41.77993,-72.67796,full_service,4420,1955,owned,n/a,bank,direct_utility_meter,rtu_gas_heat,natural_gas,2007,R-22,led,3,False,3,False,n/a,0,50,1
MNB-03782,Roxboro Branch,Roxboro,Person County,NC,27574,36.42327,-78.98944,full_service,3580,2013,leased,triple_net,bank,direct_utility_meter,rtu_gas_heat,natural_gas,2016,R-410A,led,1,True,3,False,n/a,0,48,1
MNB-03783,Duquesne Branch,Duquesne,Allegheny County,PA,15110,40.36469,-79.85415,in_store,660,1988,leased,full_gross,landlord,landlord_submeter,host_building_system,unknown,,unknown,led,0,False,0,False,n/a,0,60,1
MNB-03784,Pollock Branch,Pollock,Grant Parish,LA,71467,31.48415,-92.4208,full_service,4970,2018,leased,modified_gross,landlord,shared_unmetered,rtu_gas_heat,natural_gas,2018,R-410A,led,4,False,1,False,n/a,0,43,3
MNB-03785,Albany Branch #4,Albany,Albany County,NY,12260,42.62576,-73.76938,full_service,4820,2018,leased,triple_net,bank,direct_utility_meter,rtu_gas_heat,natural_gas,2018,R-410A,fluorescent,1,False,2,False,n/a,0,53,1
MNB-03786,Charlotte Branch #6,Charlotte,Mecklenburg County,NC,28208,35.23287,-80.90214,full_service,4070,2016,leased,triple_net,bank,landlord_submeter,split_ac_gas_furnace,natural_gas,2016,R-410A,led,2,False,3,False,n/a,0,45,1
MNB-03787,Madison Branch,Madison,Rockingham County,NC,27025,36.3657,-79.97347,full_service,4480,2013,owned,n/a,bank,direct_utility_meter,rtu_electric_heat,electricity,2013,R-410A,mixed,3,True,3,False,n/a,0,49,1
MNB-03788,Berlin Branch,Berlin,Worcester County,MA,01503,42.37658,-71.63419,in_store,460,2014,leased,full_gross,landlord,landlord_submeter,host_building_system,unknown,,unknown,fluorescent,1,False,0,False,n/a,0,69,1
MNB-03789,Smithfield Branch,Smithfield,Providence County,RI,02917,41.89906,-71.5137,full_service,3360,1981,owned,n/a,bank,direct_utility_meter,boiler_with_split_ac,fuel_oil,2003,R-22,mixed,3,False,2,False,n/a,0,53,1
MNB-03790,Dellrose Branch,Dellrose,Lincoln County,TN,38453,35.12614,-86.78486,full_service,5190,1989,leased,triple_net,bank,direct_utility_meter,rtu_gas_heat,natural_gas,1998,R-22,mixed,3,True,1,False,n/a,0,49,1
MNB-03791,Ashton Branch,Ashton,Montgomery County,MD,20861,39.15488,-76.99264,full_service,5400,1964,owned,n/a,bank,direct_utility_meter,rtu_gas_heat,natural_gas,2005,R-22,led,3,False,2,True,diesel,0,42,1
MNB-03792,Atlanta Branch #7,Atlanta,Fulton County,GA,30354,33.66371,-84.37622,in_store,660,2016,leased,modified_gross,landlord,shared_unmetered,host_building_system,unknown,,unknown,led,1,False,0,False,n/a,0,70,3
MNB-03793,Fresh Meadows Branch,Fresh Meadows,Queens County,NY,11366,40.71398,-73.80486,full_service,6540,2005,leased,triple_net,bank,landlord_submeter,rtu_gas_heat,natural_gas,2020,R-410A,led,3,False,0,False,n/a,0,47,3
MNB-03794,Wellborn Branch,Wellborn,Suwannee County,FL,32094,30.18759,-82.8706,express,2040,2003,leased,full_gross,landlord,shared_unmetered,split_ac_gas_furnace,natural_gas,2012,R-410A,led,2,True,0,False,n/a,0,52,3
MNB-03795,Hemet Branch #3,Hemet,Riverside County,CA,92545,33.74005,-117.01933,flagship,12750,1977,owned,n/a,bank,direct_utility_meter,rtu_gas_heat,natural_gas,2021,R-410A,led,3,True,0,True,diesel,0,55,1
MNB-03796,Hornbeak Branch,Hornbeak,Obion County,TN,38232,36.37026,-89.32477,drive_thru_only,730,2003,owned,n/a,bank,landlord_submeter,rtu_gas_heat,natural_gas,2009,R-22,led,1,False,0,False,n/a,0,50,1
MNB-03797,Bushwood Branch,Bushwood,St. Mary's County,MD,20618,38.29388,-76.79272,full_service,6460,1993,leased,modified_gross,bank,direct_utility_meter,split_ac_gas_furnace,natural_gas,2017,R-410A,mixed,4,False,3,False,n/a,0,47,1
MNB-03798,Alexandria Branch,Alexandria,Licking County,OH,43001,40.08894,-82.61707,in_store,780,2024,leased,full_gross,landlord,shared_unmetered,host_building_system,unknown,,unknown,led,1,False,0,False,n/a,0,65,3
MNB-03799,Silverdale Branch,Silverdale,Kitsap County,WA,98383,47.64489,-122.72155,full_service,7200,2017,leased,full_gross,landlord,landlord_submeter,split_ac_gas_furnace,natural_gas,2017,R-410A,led,3,False,2,False,n/a,0,50,3
MNB-03800,Beaumont Branch #2,Beaumont,Jefferson County,TX,77706,30.08573,-94.14397,express,2800,1998,leased,modified_gross,bank,direct_utility_meter,split_ac_gas_furnace,natural_gas,2005,R-22,led,1,False,0,False,n/a,0,54,1
MNB-03801,Brushton Branch,Brushton,Franklin County,NY,12916,44.81552,-74.52875,full_service,2850,2015,leased,triple_net,bank,direct_utility_meter,rtu_gas_heat,natural_gas,2016,R-410A,led,1,False,2,False,n/a,0,46,1
MNB-03802,Gaithersburg Branch,Gaithersburg,Montgomery County,MD,20877,39.15096,-77.20865,full_service,2850,1969,owned,n/a,bank,direct_utility_meter,rtu_gas_heat,natural_gas,2014,R-410A,led,2,False,0,False,n/a,0,49,1
MNB-03803,Grand Ledge Branch,Grand Ledge,Eaton County,MI,48837,42.75712,-84.72652,full_service,2200,1963,owned,n/a,bank,direct_utility_meter,split_ac_gas_furnace,natural_gas,2017,R-410A,led,1,False,3,False,n/a,0,52,1
MNB-03804,Peoria Branch #3,Peoria,Maricopa County,AZ,85383,33.73009,-112.24674,drive_thru_only,1250,2004,owned,n/a,bank,direct_utility_meter,rtu_gas_heat,natural_gas,2004,R-22,fluorescent,2,True,0,False,n/a,0,46,1
MNB-03805,Mascotte Branch,Mascotte,Lake County,FL,34753,28.58776,-81.88102,express,2120,2010,leased,triple_net,bank,direct_utility_meter,heat_pump,electricity,2010,R-410A,fluorescent,4,False,0,False,n/a,0,42,3
MNB-03806,Van Nuys Branch,Van Nuys,Los Angeles County,CA,91411,34.1806,-118.4662,full_service,4320,1957,leased,modified_gross,bank,direct_utility_meter,rtu_gas_heat,natural_gas,2023,R-410A,mixed,2,True,2,False,n/a,0,48,1
MNB-03807,Nashville Branch #4,Nashville,Davidson County,TN,37215,36.113,-86.82839,full_service,2900,1973,leased,modified_gross,landlord,shared_unmetered,heat_pump,electricity,2007,R-22,mixed,3,True,2,False,n/a,0,53,3
MNB-03808,Cincinnati Branch #7,Cincinnati,Hamilton County,OH,45212,39.16984,-84.44806,in_store,630,1998,leased,modified_gross,bank,direct_utility_meter,host_building_system,unknown,,unknown,led,0,False,0,False,n/a,0,75,1
MNB-03809,Sarasota Branch #2,Sarasota,Sarasota County,FL,34240,27.33982,-82.34018,drive_thru_only,1040,1958,leased,full_gross,landlord,landlord_submeter,rtu_electric_heat,electricity,1999,R-22,fluorescent,2,False,1,False,n/a,0,45,3
MNB-03810,West Valley City Branch,West Valley City,Salt Lake County,UT,84128,40.70937,-111.99188,in_store,790,1991,leased,full_gross,landlord,landlord_submeter,host_building_system,unknown,,unknown,led,1,False,0,False,n/a,0,62,1
MNB-03811,Dryden Branch,Dryden,Lee County,VA,24243,36.78318,-82.93158,full_service,4550,1995,leased,triple_net,bank,direct_utility_meter,rtu_gas_heat,natural_gas,2021,R-410A,led,4,True,3,True,diesel,0,52,3
MNB-03812,Washta Branch,Washta,Cherokee County,IA,51061,42.57445,-95.72316,in_store,760,2021,leased,full_gross,landlord,shared_unmetered,host_building_system,unknown,,unknown,led,1,False,0,False,n/a,0,60,3
MNB-03813,Paulina Branch,Paulina,Crook County,OR,97751,44.20015,-119.77385,drive_thru_only,960,1983,owned,n/a,bank,direct_utility_meter,split_ac_gas_furnace,natural_gas,2005,R-22,fluorescent,4,False,3,False,n/a,0,52,1
MNB-03814,Austin Branch #8,Austin,Travis County,TX,78712,30.29364,-97.73299,full_service,5980,1970,owned,n/a,bank,direct_utility_meter,heat_pump,electricity,2000,R-22,mixed,3,False,3,False,n/a,0,44,1
MNB-03815,Marlette Branch,Marlette,Sanilac County,MI,48453,43.35474,-83.05901,full_service,5070,1951,leased,full_gross,landlord,shared_unmetered,rtu_gas_heat,natural_gas,2003,R-22,fluorescent,1,True,1,False,n/a,0,47,2
MNB-03816,Orlando Branch #7,Orlando,Orange County,FL,32805,28.52959,-81.42184,full_service,2940,1965,leased,full_gross,landlord,shared_unmetered,heat_pump,electricity,2012,R-410A,led,2,False,2,False,n/a,0,51,2
MNB-03817,Peach Orchard Branch,Peach Orchard,Clay County,AR,72453,36.29869,-90.66301,full_service,6370,2011,owned,n/a,bank,direct_utility_meter,rtu_electric_heat,electricity,2023,R-410A,mixed,1,False,0,False,n/a,0,50,1
MNB-03818,Fresno Branch #11,Fresno,Fresno County,CA,93711,36.80666,-119.83139,in_store,880,1992,leased,full_gross,landlord,landlord_submeter,host_building_system,unknown,,unknown,mixed,1,False,0,False,n/a,0,67,2
MNB-03819,Brecksville Branch,Brecksville,Cuyahoga County,OH,44141,41.31593,-81.63106,full_service,4820,1972,owned,n/a,bank,direct_utility_meter,split_ac_gas_furnace,natural_gas,2010,R-410A,fluorescent,1,False,1,False,n/a,0,48,1
MNB-03820,Nokomis Branch,Nokomis,Sarasota County,FL,34275,27.13792,-82.43647,full_service,4560,2021,owned,n/a,bank,direct_utility_meter,rtu_gas_heat,natural_gas,2021,R-410A,led,2,False,2,False,n/a,0,53,3
MNB-03821,Potrero Branch,Potrero,San Diego County,CA,91963,32.61178,-116.62083,full_service,6900,2013,leased,triple_net,bank,direct_utility_meter,rtu_gas_heat,natural_gas,2017,R-410A,led,1,True,1,True,diesel,0,52,1
MNB-03822,Nova Branch,Nova,Ashland County,OH,44859,41.05681,-82.31867,express,1190,1964,leased,full_gross,landlord,shared_unmetered,rtu_gas_heat,natural_gas,2016,R-410A,fluorescent,1,False,0,False,n/a,0,42,2
MNB-03823,Prescott Branch,Prescott,Walla Walla County,WA,99348,46.35311,-118.40997,drive_thru_only,1360,1979,leased,triple_net,bank,direct_utility_meter,rtu_gas_heat,natural_gas,2000,R-22,led,2,True,1,False,n/a,0,50,1
MNB-03824,Knoxville Branch #2,Knoxville,Knox County,TN,37915,35.96721,-83.89719,full_service,3640,2017,leased,modified_gross,bank,direct_utility_meter,rtu_gas_heat,natural_gas,2017,R-410A,led,3,False,3,False,n/a,0,51,1
MNB-03825,Jacksonville Branch #11,Jacksonville,Duval County,FL,32277,30.37071,-81.59114,in_store,850,2008,leased,modified_gross,bank,direct_utility_meter,host_building_system,unknown,,unknown,led,0,False,0,False,n/a,0,73,1
MNB-03826,Salisbury Branch #3,Salisbury,Rowan County,NC,28146,35.59467,-80.4222,full_service,4350,2022,owned,n/a,bank,direct_utility_meter,heat_pump,electricity,2022,R-410A,led,1,True,2,True,diesel,0,54,1
MNB-03827,Dow City Branch,Dow City,Crawford County,IA,51528,41.90428,-95.48788,drive_thru_only,730,1960,owned,n/a,bank,direct_utility_meter,split_ac_gas_furnace,natural_gas,2008,R-22,mixed,2,False,2,False,n/a,0,48,2
MNB-03828,Waxhaw Branch,Waxhaw,Union County,NC,28173,34.9369,-80.72378,in_store,570,2013,leased,modified_gross,bank,direct_utility_meter,host_building_system,unknown,,unknown,led,0,False,0,False,n/a,0,73,2
MNB-03829,Connell Branch,Connell,Franklin County,WA,99326,46.65675,-118.84639,full_service,5700,1960,owned,n/a,bank,direct_utility_meter,rtu_gas_heat,natural_gas,2017,R-410A,fluorescent,2,False,0,False,n/a,0,42,1
MNB-03830,Saint Petersburg Branch #2,Saint Petersburg,Pinellas County,FL,33712,27.72535,-82.66868,flagship,12870,1984,owned,n/a,bank,landlord_submeter,heat_pump,electricity,2000,R-22,led,2,True,0,True,diesel,0,57,1
MNB-03831,Stanville Branch,Stanville,Floyd County,KY,41659,37.58981,-82.65341,full_service,3480,2011,leased,modified_gross,landlord,shared_unmetered,rtu_gas_heat,natural_gas,2011,R-410A,led,1,True,0,False,n/a,0,54,1
MNB-03832,Stryker Branch,Stryker,Williams County,OH,43557,41.50218,-84.4274,full_service,3470,2009,owned,n/a,bank,direct_utility_meter,split_ac_gas_furnace,natural_gas,2013,R-410A,led,4,False,0,False,n/a,0,50,1
MNB-03833,Battle Creek Branch,Battle Creek,Calhoun County,MI,49015,42.309,-85.18818,full_service,5090,1950,owned,n/a,bank,direct_utility_meter,boiler_with_split_ac,natural_gas,2000,R-22,mixed,2,False,2,False,n/a,0,50,1
MNB-03834,Rocky Mount Branch,Rocky Mount,Edgecombe County,NC,27801,35.91344,-77.74501,in_store,1000,1973,leased,full_gross,landlord,shared_unmetered,host_building_system,unknown,,unknown,led,0,False,0,False,n/a,0,60,3
MNB-03835,Sand Coulee Branch,Sand Coulee,Cascade County,MT,59472,47.39923,-111.14898,full_service,2200,2013,leased,modified_gross,bank,direct_utility_meter,split_ac_gas_furnace,natural_gas,2018,R-410A,led,3,True,2,False,n/a,0,42,2
MNB-03836,Stamford Branch #2,Stamford,Fairfield County,CT,06901,41.04345,-73.55021,full_service,8000,1965,leased,triple_net,bank,landlord_submeter,rtu_gas_heat,natural_gas,2011,R-410A,fluorescent,3,False,1,False,n/a,0,49,1
MNB-03837,Capitol Heights Branch,Capitol Heights,Prince George's County,MD,20743,38.87776,-76.89469,full_service,4460,1983,leased,modified_gross,bank,landlord_submeter,rtu_gas_heat,natural_gas,2019,R-410A,mixed,4,True,2,False,n/a,0,43,1
MNB-03838,Mabank Branch,Mabank,Henderson County,TX,75156,32.28467,-96.1109,flagship,17650,1971,owned,n/a,bank,direct_utility_meter,rtu_electric_heat,electricity,2000,R-22,led,1,False,0,True,diesel,0,58,1
MNB-03839,Malverne Branch,Malverne,Nassau County,NY,11565,40.66758,-73.68294,full_service,3680,1964,leased,full_gross,landlord,shared_unmetered,boiler_with_split_ac,fuel_oil,2010,R-410A,led,2,False,2,False,n/a,0,46,3
MNB-03840,Porter Ranch Branch,Porter Ranch,Los Angeles County,CA,91326,34.26838,-118.53819,full_service,4190,2016,owned,n/a,bank,direct_utility_meter,rtu_gas_heat,natural_gas,2022,R-410A,mixed,2,False,2,False,n/a,0,43,1
MNB-03841,Washington Boro Branch,Washington Boro,Lancaster County,PA,17582,39.96934,-76.43929,full_service,4440,1958,owned,n/a,bank,direct_utility_meter,boiler_with_split_ac,natural_gas,2014,R-410A,mixed,4,False,2,False,n/a,0,54,1
MNB-03842,Alverton Branch,Alverton,Westmoreland County,PA,15612,40.13993,-79.59417,drive_thru_only,760,1998,owned,n/a,bank,direct_utility_meter,rtu_gas_heat,natural_gas,2020,R-410A,mixed,1,False,1,False,n/a,28,51,1
MNB-03843,Cove Branch,Cove,Union County,OR,97824,45.32272,-117.81791,full_service,3290,2008,leased,triple_net,bank,direct_utility_meter,rtu_gas_heat,natural_gas,2008,R-22,led,2,True,1,False,n/a,0,53,1
MNB-03844,Model Branch,Model,Las Animas County,CO,81059,37.53961,-104.2151,full_service,5990,1957,owned,n/a,bank,direct_utility_meter,split_ac_gas_furnace,natural_gas,1999,R-22,fluorescent,3,False,2,False,n/a,0,48,1
MNB-03845,Lansing Branch #2,Lansing,Ingham County,MI,48911,42.67168,-84.55825,express,1220,2004,owned,n/a,bank,direct_utility_meter,split_ac_gas_furnace,natural_gas,2006,R-22,led,1,True,0,False,n/a,38,43,2
MNB-03846,Blytheville Branch,Blytheville,Mississippi County,AR,72315,35.93085,-89.92058,full_service,4790,1984,owned,n/a,bank,direct_utility_meter,rtu_gas_heat,natural_gas,2022,R-410A,led,1,True,2,False,n/a,0,53,1
MNB-03847,Las Vegas Branch #12,Las Vegas,Clark County,NV,89146,36.14615,-115.20344,full_service,3750,2016,owned,n/a,bank,direct_utility_meter,heat_pump,electricity,2016,R-410A,led,4,False,1,False,n/a,0,53,1
MNB-03848,Timblin Branch,Timblin,Jefferson County,PA,15778,40.96535,-79.20874,express,1410,2014,leased,triple_net,bank,direct_utility_meter,rtu_gas_heat,natural_gas,2020,R-410A,led,1,True,0,False,n/a,0,45,1
MNB-03849,Higbee Branch,Higbee,Randolph County,MO,65257,39.31443,-92.50713,full_service,7580,2014,leased,modified_gross,bank,direct_utility_meter,split_ac_gas_furnace,natural_gas,2015,R-410A,led,1,True,0,False,n/a,0,51,1
MNB-03850,Pittston Branch,Pittston,Luzerne County,PA,18643,41.3758,-75.83033,full_service,3150,1989,owned,n/a,bank,direct_utility_meter,split_ac_gas_furnace,natural_gas,2018,R-410A,fluorescent,2,False,2,False,n/a,0,46,1
MNB-03851,Ramsey Branch,Ramsey,Bergen County,NJ,07446,41.06163,-74.15732,full_service,2990,2015,leased,triple_net,bank,direct_utility_meter,rtu_gas_heat,natural_gas,2023,R-410A,mixed,2,False,0,False,n/a,0,53,3
MNB-03852,Victoria Branch,Victoria,Victoria County,TX,77904,28.86443,-96.99643,drive_thru_only,950,2004,owned,n/a,bank,direct_utility_meter,heat_pump,electricity,2023,R-410A,mixed,3,False,1,False,n/a,0,47,1
MNB-03853,Buzzards Bay Branch,Buzzards Bay,Barnstable County,MA,02542,41.64881,-70.55361,express,1480,1987,owned,n/a,bank,direct_utility_meter,split_ac_gas_furnace,natural_gas,2011,R-410A,fluorescent,2,True,0,False,n/a,0,46,3
MNB-03854,Sanger Branch,Sanger,Fresno County,CA,93657,36.70789,-119.55804,full_service,4200,1960,owned,n/a,bank,direct_utility_meter,split_ac_gas_furnace,natural_gas,2015,R-410A,mixed,2,True,3,True,diesel,0,49,1
MNB-03855,Monmouth Junction Branch,Monmouth Junction,Middlesex County,NJ,08852,40.37723,-74.5515,full_service,4400,1959,leased,triple_net,bank,direct_utility_meter,rtu_gas_heat,natural_gas,2001,R-22,led,3,True,0,False,n/a,0,49,1
MNB-03856,Oregon House Branch,Oregon House,Yuba County,CA,95962,39.33844,-121.26454,full_service,4500,1977,leased,full_gross,landlord,landlord_submeter,heat_pump,electricity,2001,R-22,fluorescent,1,False,2,True,diesel,0,46,3
MNB-03857,California Branch,California,St. Mary's County,MD,20619,38.28711,-76.53207,full_service,4040,1981,leased,triple_net,bank,direct_utility_meter,rtu_gas_heat,natural_gas,2022,R-410A,led,2,True,1,False,n/a,0,54,3
MNB-03858,Rancho Cucamonga Branch #3,Rancho Cucamonga,San Bernardino County,CA,91730,34.11228,-117.59492,full_service,3400,2021,leased,modified_gross,bank,direct_utility_meter,rtu_gas_heat,natural_gas,2021,R-410A,led,3,False,3,False,n/a,0,51,2
MNB-03859,Seven Springs Branch,Seven Springs,Wayne County,NC,28578,35.22486,-77.91568,full_service,5090,2024,owned,n/a,bank,direct_utility_meter,heat_pump,electricity,2024,R-410A,led,2,False,1,True,diesel,0,47,1
MNB-03860,Little River Branch,Little River,Rice County,KS,67457,38.397,-98.01571,full_service,4060,1967,leased,triple_net,bank,direct_utility_meter,rtu_gas_heat,natural_gas,1999,R-22,mixed,2,False,1,False,n/a,0,42,1
MNB-03861,Albany Branch #2,Albany,Dougherty County,GA,31721,31.5139,-84.30702,in_store,570,2022,leased,modified_gross,bank,direct_utility_meter,host_building_system,unknown,,unknown,led,0,False,0,False,n/a,0,76,3
MNB-03862,Cross Fork Branch,Cross Fork,Potter County,PA,17729,41.46129,-77.81723,full_service,6540,2009,owned,n/a,bank,direct_utility_meter,rtu_gas_heat,natural_gas,2009,R-22,fluorescent,4,False,2,False,n/a,0,51,1
MNB-03863,Imogene Branch,Imogene,Fremont County,IA,51645,40.85944,-95.40392,full_service,4040,1996,owned,n/a,bank,direct_utility_meter,rtu_gas_heat,natural_gas,2000,R-22,fluorescent,3,False,2,False,n/a,0,42,2
MNB-03864,Mill Spring Branch,Mill Spring,Polk County,NC,28756,35.32552,-82.17261,full_service,5820,2022,owned,n/a,bank,direct_utility_meter,heat_pump,electricity,2022,R-410A,led,1,False,2,True,diesel,0,43,1
MNB-03865,Baudette Branch,Baudette,Lake of the Woods County,MN,56623,48.69992,-94.60652,full_service,6060,2009,owned,n/a,bank,direct_utility_meter,rtu_gas_heat,natural_gas,2021,R-410A,mixed,3,False,3,False,n/a,23,48,2
MNB-03866,Marble Hill Branch,Marble Hill,Pickens County,GA,30148,34.44945,-84.29207,full_service,6180,2002,owned,n/a,bank,direct_utility_meter,split_ac_gas_furnace,natural_gas,2002,R-22,led,3,False,3,False,n/a,0,42,1
MNB-03867,Cambridge Branch,Cambridge,Henry County,IL,61238,41.32354,-90.15601,full_service,5160,1973,owned,n/a,bank,direct_utility_meter,rtu_gas_heat,natural_gas,2001,R-22,led,2,True,0,False,n/a,0,44,2
MNB-03868,New York Branch #16,New York,New York County,NY,10111,40.75625,-73.99364,full_service,4190,1977,leased,modified_gross,landlord,landlord_submeter,rtu_gas_heat,natural_gas,2011,R-410A,mixed,3,True,2,False,n/a,0,54,3
MNB-03869,Oxford Branch,Oxford,Calhoun County,AL,36203,33.5737,-85.82769,full_service,4120,2020,leased,triple_net,bank,direct_utility_meter,rtu_gas_heat,natural_gas,2020,R-410A,led,1,False,3,False,n/a,0,54,1
MNB-03870,Hernando Branch,Hernando,DeSoto County,MS,38632,34.79456,-90.00652,in_store,610,1974,leased,full_gross,landlord,shared_unmetered,host_building_system,unknown,,unknown,fluorescent,1,False,0,False,n/a,0,63,3
MNB-03871,Cohutta Branch,Cohutta,Whitfield County,GA,30710,34.93564,-84.9418,drive_thru_only,600,1954,leased,triple_net,bank,direct_utility_meter,split_ac_gas_furnace,natural_gas,2010,R-410A,fluorescent,1,False,3,False,n/a,0,45,1
MNB-03872,Clarion Branch,Clarion,Clarion County,PA,16214,41.22304,-79.36246,in_store,770,1978,leased,full_gross,landlord,shared_unmetered,host_building_system,unknown,,unknown,led,0,False,0,False,n/a,0,69,3
MNB-03873,San Bernardino Branch #3,San Bernardino,San Bernardino County,CA,92403,34.11158,-117.27521,full_service,4510,1995,owned,n/a,bank,direct_utility_meter,rtu_gas_heat,natural_gas,2017,R-410A,led,2,False,0,False,n/a,0,42,2
MNB-03874,Sacramento Branch #4,Sacramento,Sacramento County,CA,95811,38.60307,-121.49341,express,2210,1988,leased,modified_gross,bank,direct_utility_meter,rtu_gas_heat,natural_gas,2016,R-410A,mixed,2,True,0,False,n/a,0,48,1
MNB-03875,Pittstown Branch,Pittstown,Hunterdon County,NJ,08867,40.61636,-74.95527,full_service,4050,2021,leased,full_gross,landlord,shared_unmetered,rtu_gas_heat,natural_gas,2021,R-410A,led,2,False,1,False,n/a,0,52,3
MNB-03876,Springfield Branch,Springfield,Baca County,CO,81073,37.40301,-102.63967,full_service,5120,1990,leased,triple_net,bank,direct_utility_meter,rtu_gas_heat,natural_gas,2013,R-410A,led,3,True,3,False,n/a,0,44,2
MNB-03877,Cresskill Branch,Cresskill,Bergen County,NJ,07626,40.93798,-73.96401,full_service,2770,2019,leased,triple_net,bank,direct_utility_meter,rtu_gas_heat,natural_gas,2019,R-410A,mixed,3,True,3,False,n/a,0,54,1
MNB-03878,Del Norte Branch,Del Norte,Rio Grande County,CO,81132,37.65034,-106.41683,full_service,2950,2002,owned,n/a,bank,direct_utility_meter,rtu_gas_heat,natural_gas,2012,R-410A,mixed,2,False,1,True,diesel,0,48,1
MNB-03879,Savannah Branch,Savannah,Chatham County,GA,31404,32.04424,-81.05144,full_service,2200,1998,leased,triple_net,bank,direct_utility_meter,rtu_gas_heat,natural_gas,2015,R-410A,fluorescent,4,True,3,False,n/a,0,42,1
MNB-03880,Boca Raton Branch #3,Boca Raton,Palm Beach County,FL,33433,26.3604,-80.17662,full_service,4030,1969,owned,n/a,bank,direct_utility_meter,heat_pump,electricity,2007,R-22,led,4,False,1,False,n/a,0,44,1
MNB-03881,Mojave Branch,Mojave,Kern County,CA,93501,35.05214,-118.16864,drive_thru_only,820,1979,owned,n/a,bank,direct_utility_meter,rtu_gas_heat,natural_gas,2014,R-410A,mixed,2,True,0,False,n/a,0,50,1
MNB-03882,Cowiche Branch,Cowiche,Yakima County,WA,98923,46.66918,-120.73526,full_service,3200,2018,leased,triple_net,bank,direct_utility_meter,rtu_gas_heat,natural_gas,2018,R-410A,led,3,False,3,False,n/a,0,42,1
MNB-03883,Chesapeake Branch,Chesapeake,Lawrence County,OH,45619,38.46334,-82.44862,in_store,700,2013,leased,full_gross,landlord,landlord_submeter,host_building_system,unknown,,unknown,led,1,False,0,False,n/a,0,62,3
MNB-03884,Bellevue Branch,Bellevue,King County,WA,98004,47.63617,-122.22192,drive_thru_only,890,1992,owned,n/a,bank,direct_utility_meter,split_ac_gas_furnace,natural_gas,2002,R-22,led,1,True,2,False,n/a,0,45,1
MNB-03885,Elmwood Park Branch,Elmwood Park,Bergen County,NJ,07407,40.90895,-74.1311,full_service,2730,2020,owned,n/a,bank,direct_utility_meter,rtu_gas_heat,natural_gas,2020,R-410A,led,2,True,1,False,n/a,0,44,1
MNB-03886,Boston Branch,Boston,Culpeper County,VA,22713,38.53684,-78.12844,full_service,8000,2015,leased,triple_net,bank,direct_utility_meter,split_ac_gas_furnace,natural_gas,2015,R-410A,mixed,1,True,1,False,n/a,0,48,1
MNB-03887,Longwood Branch #2,Longwood,Seminole County,FL,32779,28.7349,-81.40554,full_service,4150,1964,owned,n/a,bank,direct_utility_meter,split_ac_gas_furnace,natural_gas,2022,R-410A,led,3,False,3,False,n/a,0,51,1
MNB-03888,Rockford Branch #3,Rockford,Winnebago County,IL,61108,42.26301,-89.00971,full_service,3030,2003,leased,full_gross,landlord,shared_unmetered,rtu_gas_heat,natural_gas,2008,R-22,led,4,True,2,False,n/a,0,50,2
MNB-03889,Tacoma Branch #3,Tacoma,Pierce County,WA,98446,47.12465,-122.35488,flagship,10700,2014,owned,n/a,bank,direct_utility_meter,rtu_gas_heat,natural_gas,2014,R-410A,led,4,False,0,True,diesel,0,56,1
MNB-03890,Corpus Christi Branch #5,Corpus Christi,Nueces County,TX,78413,27.69106,-97.40757,in_store,620,2015,leased,modified_gross,bank,direct_utility_meter,host_building_system,unknown,,unknown,fluorescent,1,False,0,False,n/a,0,60,1
MNB-03891,San Pedro Branch,San Pedro,Los Angeles County,CA,90731,33.73624,-118.27341,in_store,620,1961,leased,modified_gross,landlord,landlord_submeter,host_building_system,unknown,,unknown,mixed,1,False,0,False,n/a,0,71,2
MNB-03892,Wayside Branch,Wayside,Armstrong County,TX,79094,34.79714,-101.56469,full_service,6200,1975,leased,triple_net,bank,direct_utility_meter,rtu_gas_heat,natural_gas,2003,R-22,mixed,4,False,1,False,n/a,0,45,2
MNB-03893,Granby Branch,Granby,Hartford County,CT,06035,41.94392,-72.79045,in_store,630,1990,leased,full_gross,landlord,shared_unmetered,host_building_system,unknown,,unknown,mixed,0,False,0,False,n/a,0,76,2
MNB-03894,Madison Branch,Madison,Morris County,NJ,07940,40.74139,-74.42382,in_store,1030,1977,leased,full_gross,landlord,shared_unmetered,host_building_system,unknown,,unknown,mixed,0,False,0,False,n/a,0,60,3
MNB-03895,Molino Branch,Molino,Escambia County,FL,32577,30.67955,-87.39636,full_service,3680,1963,leased,modified_gross,landlord,landlord_submeter,rtu_electric_heat,electricity,2006,R-22,mixed,4,False,0,False,n/a,0,43,3
MNB-03896,Saint Paul Branch #4,Saint Paul,Ramsey County,MN,55110,45.06842,-93.01493,full_service,4770,2004,leased,triple_net,bank,direct_utility_meter,split_ac_gas_furnace,natural_gas,2004,R-22,fluorescent,1,False,0,True,diesel,0,47,1
MNB-03897,Osceola Branch,Osceola,Mississippi County,AR,72370,35.69417,-89.96846,full_service,5700,1996,owned,n/a,bank,landlord_submeter,rtu_electric_heat,electricity,2010,R-410A,led,3,False,3,False,n/a,0,43,2
MNB-03898,Kearny Branch,Kearny,Pinal County,AZ,85137,33.06702,-110.90132,full_service,6010,1968,leased,modified_gross,landlord,landlord_submeter,heat_pump,electricity,2009,R-22,led,1,False,3,False,n/a,0,52,3
MNB-03899,Ferguson Branch,Ferguson,Pulaski County,KY,42533,37.06567,-84.59012,express,2490,2002,leased,triple_net,bank,direct_utility_meter,split_ac_gas_furnace,natural_gas,2006,R-22,led,1,False,0,False,n/a,0,47,1
MNB-03900,Southington Branch,Southington,Trumbull County,OH,44470,41.30066,-80.94692,full_service,3870,1958,leased,triple_net,bank,direct_utility_meter,rtu_gas_heat,natural_gas,2014,R-410A,mixed,4,False,3,False,n/a,0,43,2
MNB-03901,Brookfield Branch,Brookfield,Madison County,NY,13314,42.79811,-75.31138,full_service,4190,1988,leased,modified_gross,bank,direct_utility_meter,split_ac_gas_furnace,natural_gas,1998,R-22,led,3,False,3,False,n/a,0,45,2
MNB-03902,Mc Kittrick Branch,Mc Kittrick,Kern County,CA,93251,35.36056,-119.61595,express,1000,2014,owned,n/a,bank,direct_utility_meter,split_ac_gas_furnace,natural_gas,2014,R-410A,led,3,False,0,False,n/a,0,43,1
MNB-03903,Woden Branch,Woden,Hancock County,IA,50484,43.22965,-93.9044,full_service,3960,2019,leased,triple_net,bank,direct_utility_meter,split_ac_gas_furnace,natural_gas,2019,R-410A,led,4,False,2,False,n/a,0,44,1
MNB-03904,Sugar Grove Branch,Sugar Grove,Pendleton County,WV,26815,38.49614,-79.35685,full_service,5820,1977,leased,modified_gross,bank,direct_utility_meter,split_ac_gas_furnace,natural_gas,2021,R-410A,mixed,3,False,1,False,n/a,0,48,2
MNB-03905,Port Orchard Branch,Port Orchard,Kitsap County,WA,98367,47.46201,-122.64089,express,2250,2017,owned,n/a,bank,direct_utility_meter,split_ac_gas_furnace,natural_gas,2017,R-410A,led,3,True,0,False,n/a,0,43,3
MNB-03906,Carlton Branch,Carlton,Oglethorpe County,GA,30627,33.98714,-83.02333,express,1760,2019,leased,triple_net,bank,direct_utility_meter,rtu_gas_heat,natural_gas,2019,R-410A,mixed,2,False,0,False,n/a,0,49,1
MNB-03907,Pink Hill Branch,Pink Hill,Duplin County,NC,28572,35.08369,-77.69588,in_store,990,2003,leased,modified_gross,bank,direct_utility_meter,host_building_system,unknown,,unknown,led,0,False,0,False,n/a,0,60,1
MNB-03908,Purmela Branch,Purmela,Coryell County,TX,76566,31.48389,-98.00691,full_service,3740,2024,leased,triple_net,bank,direct_utility_meter,rtu_electric_heat,electricity,2024,R-410A,led,1,True,3,False,n/a,0,45,3
MNB-03909,Lakeland Branch,Lakeland,Polk County,FL,33809,28.16788,-81.95578,flagship,10510,1977,owned,n/a,bank,landlord_submeter,rtu_gas_heat,natural_gas,2016,R-410A,mixed,2,False,0,True,diesel,0,57,1
MNB-03910,Mountain Top Branch,Mountain Top,Luzerne County,PA,18707,41.13291,-75.9179,in_store,570,1959,leased,full_gross,landlord,shared_unmetered,host_building_system,unknown,,unknown,led,1,False,0,False,n/a,0,64,3
MNB-03911,Moran Branch,Moran,Shackelford County,TX,76464,32.55601,-99.17129,in_store,490,2016,leased,full_gross,landlord,landlord_submeter,host_building_system,unknown,,unknown,led,0,False,0,False,n/a,0,64,3
MNB-03912,Kings Mountain Branch,Kings Mountain,Lincoln County,KY,40442,37.37999,-84.71327,full_service,5060,1995,owned,n/a,bank,direct_utility_meter,rtu_gas_heat,natural_gas,2001,R-22,mixed,1,False,1,False,n/a,0,53,3
MNB-03913,Carp Lake Branch,Carp Lake,Emmet County,MI,49718,45.74202,-84.76442,full_service,4570,1985,leased,triple_net,bank,direct_utility_meter,boiler_with_split_ac,natural_gas,2008,R-22,fluorescent,2,False,1,False,n/a,0,48,2
MNB-03914,Providence Branch #2,Providence,Providence County,RI,02905,41.76718,-71.42071,drive_thru_only,1160,1957,leased,modified_gross,bank,direct_utility_meter,heat_pump,electricity,2010,R-410A,led,1,False,2,False,n/a,0,54,1
MNB-03915,Lyndhurst Branch,Lyndhurst,Bergen County,NJ,07071,40.79785,-74.13077,drive_thru_only,900,1958,leased,triple_net,bank,direct_utility_meter,rtu_gas_heat,natural_gas,2022,R-410A,mixed,2,False,2,False,n/a,0,46,1
MNB-03916,Anniston Branch,Anniston,Calhoun County,AL,36207,33.67851,-85.70933,full_service,4120,1961,owned,n/a,bank,direct_utility_meter,rtu_gas_heat,natural_gas,2008,R-22,led,4,False,0,False,n/a,0,50,1
MNB-03917,Villa Grove Branch,Villa Grove,Saguache County,CO,81155,38.29322,-106.14496,full_service,2200,1971,leased,triple_net,bank,direct_utility_meter,rtu_gas_heat,natural_gas,2021,R-410A,fluorescent,3,True,2,False,n/a,0,46,2
MNB-03918,New Rochelle Branch,New Rochelle,Westchester County,NY,10804,40.94231,-73.79802,in_store,710,2023,leased,full_gross,landlord,shared_unmetered,host_building_system,unknown,,unknown,led,0,False,0,False,n/a,0,69,3
MNB-03919,Leonard Branch,Leonard,Fannin County,TX,75452,33.37748,-96.23429,full_service,4320,1980,leased,modified_gross,landlord,shared_unmetered,heat_pump,electricity,2008,R-22,fluorescent,1,True,1,False,n/a,0,51,3
MNB-03920,Deep River Branch,Deep River,Poweshiek County,IA,52222,41.57243,-92.35246,full_service,3010,2015,owned,n/a,bank,direct_utility_meter,rtu_gas_heat,natural_gas,2020,R-410A,fluorescent,4,False,0,False,n/a,0,49,1
MNB-03921,Lancaster Branch #3,Lancaster,Lancaster County,PA,17611,40.04857,-76.30101,full_service,4070,1952,leased,triple_net,bank,direct_utility_meter,split_ac_gas_furnace,natural_gas,2010,R-410A,led,1,True,2,False,n/a,0,48,3
MNB-03922,Riverton Branch,Riverton,Sangamon County,IL,62561,39.86511,-89.49811,full_service,3880,1983,leased,triple_net,bank,direct_utility_meter,split_ac_gas_furnace,natural_gas,2010,R-410A,mixed,1,False,3,False,n/a,0,47,1
MNB-03923,Gerald Branch,Gerald,Franklin County,MO,63037,38.35549,-91.29052,in_store,1010,2020,leased,full_gross,landlord,landlord_submeter,host_building_system,unknown,,unknown,mixed,0,False,0,False,n/a,0,67,3
MNB-03924,Hampton Branch,Hampton,Rock Island County,IL,61256,41.5494,-90.40264,full_service,3050,1971,owned,n/a,bank,landlord_submeter,split_ac_gas_furnace,natural_gas,2001,R-22,mixed,3,False,2,False,n/a,0,52,2
MNB-03925,Portland Branch #7,Portland,Multnomah County,OR,97227,45.55647,-122.67809,full_service,4630,1980,leased,full_gross,landlord,shared_unmetered,split_ac_gas_furnace,natural_gas,2012,R-410A,mixed,1,False,2,False,n/a,0,43,2
MNB-03926,Evergreen Branch,Evergreen,Columbus County,NC,28438,34.42491,-78.89331,express,1370,2016,owned,n/a,bank,direct_utility_meter,heat_pump,electricity,2018,R-410A,led,1,True,0,False,n/a,0,47,1
MNB-03927,Houston Branch #18,Houston,Harris County,TX,77085,29.63219,-95.48949,in_store,560,1965,leased,full_gross,landlord,shared_unmetered,host_building_system,unknown,,unknown,led,0,False,0,False,n/a,0,68,3
MNB-03928,Belpre Branch,Belpre,Washington County,OH,45714,39.29536,-81.58164,full_service,4560,1957,leased,full_gross,landlord,landlord_submeter,rtu_gas_heat,natural_gas,2019,R-410A,led,1,True,2,False,n/a,0,43,3
MNB-03929,Eupora Branch,Eupora,Webster County,MS,39744,33.55646,-89.27214,full_service,3940,2023,leased,modified_gross,landlord,shared_unmetered,heat_pump,electricity,2023,R-410A,mixed,4,False,0,False,n/a,0,42,2
MNB-03930,Sylmar Branch,Sylmar,Los Angeles County,CA,91342,34.30422,-118.41564,in_store,640,1989,leased,modified_gross,bank,direct_utility_meter,host_building_system,unknown,,unknown,mixed,0,False,0,False,n/a,0,62,2
MNB-03931,Forest Branch,Forest,Scott County,MS,39074,32.34994,-89.4721,full_service,4640,2006,owned,n/a,bank,direct_utility_meter,rtu_gas_heat,natural_gas,2009,R-22,led,4,False,0,False,n/a,0,50,1
MNB-03932,Albuquerque Branch #2,Albuquerque,Bernalillo County,NM,87107,35.14746,-106.65415,full_service,3620,1965,owned,n/a,bank,direct_utility_meter,rtu_gas_heat,natural_gas,2002,R-22,fluorescent,3,False,3,False,n/a,0,53,1
MNB-03933,San Bernardino Branch #4,San Bernardino,San Bernardino County,CA,92410,34.09908,-117.28218,full_service,5470,1974,owned,n/a,bank,landlord_submeter,split_ac_gas_furnace,natural_gas,2012,R-410A,led,4,False,0,False,n/a,0,43,1
MNB-03934,Mineola Branch,Mineola,Nassau County,NY,11501,40.73936,-73.63327,full_service,3830,1993,owned,n/a,bank,direct_utility_meter,rtu_gas_heat,natural_gas,2001,R-22,fluorescent,2,False,2,True,diesel,0,52,1
MNB-03935,Findlay Branch,Findlay,Shelby County,IL,62534,39.52148,-88.74286,in_store,630,2007,leased,modified_gross,bank,direct_utility_meter,host_building_system,unknown,,unknown,led,1,False,0,False,n/a,0,68,1
MNB-03936,Stratham Branch,Stratham,Rockingham County,NH,03885,43.02438,-70.9073,full_service,4680,1981,owned,n/a,bank,direct_utility_meter,rtu_gas_heat,natural_gas,2000,R-22,led,3,True,0,False,n/a,0,53,1
MNB-03937,Temple Branch,Temple,Cotton County,OK,73568,34.25081,-98.23199,full_service,4490,2019,owned,n/a,bank,direct_utility_meter,heat_pump,electricity,2019,R-410A,led,4,False,1,False,n/a,0,42,1
MNB-03938,Crosby Branch,Crosby,Wilkinson County,MS,39633,31.2901,-91.19792,full_service,5090,2013,leased,triple_net,bank,direct_utility_meter,rtu_gas_heat,propane,2013,R-410A,led,4,False,3,False,n/a,0,45,1
MNB-03939,Oxnard Branch #2,Oxnard,Ventura County,CA,93035,34.18107,-119.20839,full_service,4610,1999,owned,n/a,bank,direct_utility_meter,rtu_gas_heat,natural_gas,2014,R-410A,led,3,False,2,False,n/a,0,47,2
MNB-03940,Yellow Spring Branch,Yellow Spring,Hampshire County,WV,26865,39.15572,-78.49295,full_service,4830,1993,owned,n/a,bank,direct_utility_meter,rtu_gas_heat,natural_gas,2017,R-410A,fluorescent,2,True,3,False,n/a,0,45,1
MNB-03941,London Branch,London,Kimble County,TX,76854,30.67416,-99.55693,drive_thru_only,920,2004,owned,n/a,bank,direct_utility_meter,rtu_gas_heat,natural_gas,2008,R-22,mixed,1,True,0,False,n/a,0,45,3
MNB-03942,Duncan Branch,Duncan,Spartanburg County,SC,29334,34.91571,-82.1173,full_service,3040,2010,owned,n/a,bank,direct_utility_meter,split_ac_gas_furnace,natural_gas,2010,R-410A,led,1,False,2,True,diesel,0,49,1
MNB-03943,Liberal Branch,Liberal,Seward County,KS,67901,37.04188,-100.94518,full_service,2730,1966,leased,modified_gross,bank,direct_utility_meter,rtu_gas_heat,propane,2022,R-410A,mixed,1,True,2,False,n/a,0,46,1
MNB-03944,Pataskala Branch,Pataskala,Licking County,OH,43062,40.01789,-82.66633,full_service,2540,2017,leased,modified_gross,bank,landlord_submeter,heat_pump,electricity,2020,R-410A,led,4,True,3,False,n/a,0,53,1
MNB-03945,Chadwick Branch,Chadwick,Carroll County,IL,61014,41.98161,-89.87062,in_store,1000,1995,leased,full_gross,landlord,shared_unmetered,host_building_system,unknown,,unknown,led,1,False,0,False,n/a,0,61,3
MNB-03946,Burkett Branch,Burkett,Coleman County,TX,76828,31.9887,-99.26572,full_service,2200,2021,owned,n/a,bank,direct_utility_meter,rtu_electric_heat,electricity,2021,R-410A,led,3,True,1,True,diesel,0,53,1
MNB-03947,Fountain Branch,Fountain,Mason County,MI,49410,44.00495,-86.21761,express,2420,2022,leased,triple_net,bank,direct_utility_meter,rtu_gas_heat,natural_gas,2022,R-410A,led,2,True,0,False,n/a,0,51,1
MNB-03948,Oceanside Branch #2,Oceanside,San Diego County,CA,92056,33.19103,-117.26614,in_store,520,1954,leased,full_gross,landlord,shared_unmetered,host_building_system,unknown,,unknown,led,0,False,0,False,n/a,0,73,3
MNB-03949,Chippewa Falls Branch,Chippewa Falls,Chippewa County,WI,54729,44.93215,-91.38549,full_service,5990,1988,owned,n/a,bank,direct_utility_meter,boiler_with_split_ac,natural_gas,2003,R-22,fluorescent,4,False,0,False,n/a,0,51,2
MNB-03950,Cleveland Branch,Cleveland,Stutsman County,ND,58424,46.88698,-99.09904,in_store,370,1998,leased,modified_gross,bank,direct_utility_meter,host_building_system,unknown,,unknown,mixed,0,False,0,False,n/a,0,65,1
MNB-03951,Dingmans Ferry Branch,Dingmans Ferry,Pike County,PA,18328,41.25329,-74.94679,full_service,3910,1999,owned,n/a,bank,direct_utility_meter,rtu_gas_heat,natural_gas,2019,R-410A,fluorescent,1,True,0,False,n/a,0,47,1
MNB-03952,Rover Branch,Rover,Yell County,AR,72860,34.95783,-93.41358,express,2580,2015,owned,n/a,bank,direct_utility_meter,split_ac_gas_furnace,natural_gas,2015,R-410A,fluorescent,2,False,0,False,n/a,27,47,1
MNB-03953,Woods Hole Branch,Woods Hole,Barnstable County,MA,02543,41.52723,-70.64961,express,2150,1967,owned,n/a,bank,direct_utility_meter,boiler_with_split_ac,propane,2020,R-410A,mixed,2,True,0,False,n/a,0,52,2
MNB-03954,Saint Augustine Branch #2,Saint Augustine,St. Johns County,FL,32095,30.00655,-81.42515,full_service,3790,2004,leased,triple_net,bank,direct_utility_meter,heat_pump,electricity,2004,R-22,led,4,True,3,False,n/a,0,44,2
MNB-03955,Toledo Branch #2,Toledo,Lucas County,OH,43614,41.61511,-83.63156,full_service,2340,2022,leased,modified_gross,bank,direct_utility_meter,rtu_gas_heat,natural_gas,2022,R-410A,fluorescent,3,False,1,False,n/a,0,54,1
MNB-03956,Texline Branch,Texline,Dallam County,TX,79087,36.37376,-102.98529,full_service,2820,2024,leased,modified_gross,bank,direct_utility_meter,split_ac_gas_furnace,natural_gas,2024,R-410A,led,3,False,3,False,n/a,0,44,1
MNB-03957,Bay Springs Branch,Bay Springs,Jasper County,MS,39422,31.93508,-89.22137,full_service,6370,1951,owned,n/a,bank,direct_utility_meter,rtu_gas_heat,natural_gas,2016,R-410A,led,4,False,2,False,n/a,0,51,3
MNB-03958,Sutherland Branch,Sutherland,Dinwiddie County,VA,23885,37.16951,-77.55813,in_store,590,2023,leased,modified_gross,bank,direct_utility_meter,host_building_system,unknown,,unknown,led,0,False,0,False,n/a,0,67,1
MNB-03959,Seneca Falls Branch,Seneca Falls,Seneca County,NY,13148,42.9041,-76.78702,express,1760,1965,leased,modified_gross,bank,landlord_submeter,rtu_gas_heat,natural_gas,2011,R-410A,mixed,2,False,0,False,n/a,0,43,1
MNB-03960,Darien Branch,Darien,McIntosh County,GA,31305,31.39166,-81.43603,full_service,4570,1998,leased,triple_net,bank,direct_utility_meter,split_ac_gas_furnace,natural_gas,2014,R-410A,led,3,True,3,False,n/a,0,42,1
MNB-03961,Morro Bay Branch,Morro Bay,San Luis Obispo County,CA,93442,35.40682,-120.83012,in_store,460,1977,leased,full_gross,landlord,shared_unmetered,host_building_system,unknown,,unknown,mixed,0,False,0,False,n/a,0,76,3
MNB-03962,Crandall Branch,Crandall,Kaufman County,TX,75114,32.62864,-96.40749,in_store,710,2003,leased,full_gross,landlord,shared_unmetered,host_building_system,unknown,,unknown,led,1,False,0,False,n/a,0,65,3
MNB-03963,Altus Afb Branch,Altus AFB,Jackson County,OK,73523,34.65412,-99.2674,full_service,3700,1955,owned,n/a,bank,direct_utility_meter,heat_pump,electricity,2001,R-22,mixed,4,False,3,False,n/a,0,49,1
MNB-03964,Kim Branch,Kim,Las Animas County,CO,81049,37.31858,-103.3724,full_service,4580,1976,leased,triple_net,bank,direct_utility_meter,rtu_gas_heat,natural_gas,2013,R-410A,mixed,3,False,1,False,n/a,0,42,1
MNB-03965,Grenloch Branch,Grenloch,Gloucester County,NJ,08032,39.78542,-75.07567,in_store,560,1981,leased,modified_gross,bank,direct_utility_meter,host_building_system,unknown,,unknown,fluorescent,1,False,0,False,n/a,0,60,1
MNB-03966,Leesburg Branch,Leesburg,Cherokee County,AL,35983,34.16992,-85.77815,in_store,430,2020,leased,full_gross,landlord,landlord_submeter,host_building_system,unknown,,unknown,mixed,0,False,0,False,n/a,0,60,3
MNB-03967,Denton Branch #2,Denton,Denton County,TX,76209,33.2412,-97.11566,flagship,11800,2001,owned,n/a,bank,direct_utility_meter,split_ac_gas_furnace,natural_gas,2024,R-410A,led,3,True,0,True,diesel,0,54,2
MNB-03968,Somis Branch,Somis,Ventura County,CA,93066,34.28961,-119.01792,full_service,5090,2009,owned,n/a,bank,direct_utility_meter,rtu_gas_heat,natural_gas,2009,R-22,mixed,1,False,3,True,diesel,0,53,3
MNB-03969,Atlanta Branch #8,Atlanta,Fulton County,GA,30310,33.73304,-84.42339,full_service,4720,2007,leased,full_gross,landlord,landlord_submeter,rtu_electric_heat,electricity,2015,R-410A,led,4,True,2,True,diesel,0,51,2
MNB-03970,River Edge Branch,River Edge,Bergen County,NJ,07661,40.92386,-74.01786,full_service,4230,1988,leased,modified_gross,bank,direct_utility_meter,rtu_gas_heat,natural_gas,2000,R-22,mixed,1,False,2,True,diesel,0,53,1
MNB-03971,Bristol Branch,Bristol,Liberty County,FL,32321,30.42908,-84.93163,full_service,5490,1952,leased,modified_gross,bank,direct_utility_meter,heat_pump,electricity,2007,R-22,mixed,4,True,2,False,n/a,0,50,2
MNB-03972,Pahoa Branch,Pahoa,Hawaii County,HI,96778,19.51095,-154.92501,full_service,3950,1963,owned,n/a,bank,direct_utility_meter,rtu_gas_heat,natural_gas,2011,R-410A,mixed,4,True,1,False,n/a,0,50,1
MNB-03973,Boiceville Branch,Boiceville,Ulster County,NY,12412,41.99546,-74.2803,express,1820,1993,leased,triple_net,bank,direct_utility_meter,split_ac_gas_furnace,natural_gas,2005,R-22,led,3,False,0,False,n/a,0,53,3
MNB-03974,Amanda Branch,Amanda,Fairfield County,OH,43102,39.6473,-82.73915,full_service,3630,2022,leased,modified_gross,bank,landlord_submeter,rtu_gas_heat,natural_gas,2022,R-410A,mixed,2,False,0,True,diesel,0,43,1
MNB-03975,Houston Branch #19,Houston,Harris County,TX,77050,29.89728,-95.28539,in_store,820,1977,leased,full_gross,landlord,shared_unmetered,host_building_system,unknown,,unknown,led,0,False,0,False,n/a,0,77,2
MNB-03976,Wichita Branch #2,Wichita,Sedgwick County,KS,67206,37.71311,-97.24602,full_service,4580,2008,leased,triple_net,bank,direct_utility_meter,rtu_gas_heat,natural_gas,2021,R-410A,led,3,False,1,False,n/a,0,53,1
MNB-03977,Moriches Branch,Moriches,Suffolk County,NY,11955,40.78048,-72.81435,full_service,3550,2016,leased,modified_gross,landlord,shared_unmetered,split_ac_gas_furnace,natural_gas,2024,R-410A,led,4,True,1,False,n/a,0,49,3
MNB-03978,Parshall Branch,Parshall,Grand County,CO,80468,39.96922,-106.08069,drive_thru_only,680,2020,owned,n/a,bank,direct_utility_meter,rtu_gas_heat,natural_gas,2020,R-410A,led,4,True,1,False,n/a,0,45,3
MNB-03979,Palo Pinto Branch,Palo Pinto,Palo Pinto County,TX,76484,32.78493,-98.32781,in_store,850,1981,leased,full_gross,landlord,landlord_submeter,host_building_system,unknown,,unknown,mixed,1,False,0,False,n/a,0,67,2
MNB-03980,Great Mills Branch,Great Mills,St. Mary's County,MD,20634,38.26776,-76.50529,full_service,3350,2021,leased,triple_net,bank,direct_utility_meter,split_ac_gas_furnace,natural_gas,2021,R-410A,led,4,False,1,False,n/a,0,43,2
MNB-03981,Casa Grande Branch #2,Casa Grande,Pinal County,AZ,85122,32.89721,-111.75533,express,1830,2003,leased,full_gross,landlord,shared_unmetered,rtu_gas_heat,natural_gas,2014,R-410A,led,3,False,0,False,n/a,0,52,2
MNB-03982,Ebony Branch,Ebony,Brunswick County,VA,23845,36.5789,-77.97999,full_service,8000,1997,leased,triple_net,bank,direct_utility_meter,rtu_gas_heat,natural_gas,2018,R-410A,mixed,4,True,3,True,diesel,0,46,1
MNB-03983,Ames Branch,Ames,Major County,OK,73718,36.23459,-98.18819,full_service,5340,2013,owned,n/a,bank,direct_utility_meter,split_ac_gas_furnace,natural_gas,2013,R-410A,led,2,False,3,False,n/a,0,47,1
MNB-03984,Cordova Branch,Cordova,Orangeburg County,SC,29039,33.43407,-80.89569,full_service,6810,1976,leased,modified_gross,landlord,shared_unmetered,rtu_gas_heat,natural_gas,2003,R-22,mixed,4,False,3,False,n/a,0,44,3
MNB-03985,Richmond Branch,Richmond,Fort Bend County,TX,77406,29.6339,-95.78927,in_store,560,2015,leased,modified_gross,bank,direct_utility_meter,host_building_system,unknown,,unknown,led,0,False,0,False,n/a,0,72,2
MNB-03986,Robertsville Branch,Robertsville,Franklin County,MO,63072,38.37429,-90.80722,full_service,5790,2005,leased,triple_net,bank,direct_utility_meter,rtu_gas_heat,natural_gas,2005,R-22,mixed,3,True,1,False,n/a,0,51,3
MNB-03987,Corwith Branch,Corwith,Hancock County,IA,50430,43.00622,-93.951,drive_thru_only,1000,2014,owned,n/a,bank,landlord_submeter,heat_pump,electricity,2014,R-410A,led,2,False,1,False,n/a,12,49,1
MNB-03988,Sacramento Branch #5,Sacramento,Sacramento County,CA,95822,38.5208,-121.50684,full_service,4680,2017,owned,n/a,bank,landlord_submeter,rtu_gas_heat,natural_gas,2017,R-410A,mixed,2,False,3,True,diesel,0,46,1
MNB-03989,Riggins Branch,Riggins,Idaho County,ID,83549,45.38852,-116.31683,full_service,7700,2003,leased,modified_gross,landlord,landlord_submeter,rtu_gas_heat,natural_gas,2006,R-22,led,2,False,2,False,n/a,0,54,3
MNB-03990,Santa Barbara Branch,Santa Barbara,Santa Barbara County,CA,93108,34.429,-119.60684,drive_thru_only,930,1955,leased,triple_net,bank,direct_utility_meter,rtu_gas_heat,natural_gas,2024,R-410A,mixed,1,False,2,False,n/a,0,53,1
MNB-03991,Halsey Branch,Halsey,Thomas County,NE,69142,41.92135,-100.29247,full_service,4220,1981,leased,triple_net,bank,direct_utility_meter,split_ac_gas_furnace,natural_gas,1999,R-22,led,3,True,3,False,n/a,0,54,1
MNB-03992,Shreveport Branch #2,Shreveport,Caddo Parish,LA,71103,32.50329,-93.76163,full_service,3200,2018,owned,n/a,bank,direct_utility_meter,split_ac_gas_furnace,natural_gas,2018,R-410A,led,1,True,3,False,n/a,0,54,2
MNB-03993,Philadelphia Branch #3,Philadelphia,Philadelphia County,PA,19137,39.9888,-75.07909,full_service,5480,2004,owned,n/a,bank,direct_utility_meter,rtu_gas_heat,natural_gas,2004,R-22,led,1,False,0,False,n/a,0,43,1
MNB-03994,Fort Eustis Branch,Fort Eustis,Newport News city,VA,23604,37.12478,-76.60454,full_service,3540,2019,owned,n/a,bank,direct_utility_meter,rtu_gas_heat,natural_gas,2019,R-410A,led,1,False,1,True,diesel,0,47,2
MNB-03995,Savannah Branch #2,Savannah,Chatham County,GA,31421,31.98036,-81.05527,full_service,5700,1988,owned,n/a,bank,direct_utility_meter,heat_pump,electricity,2012,R-410A,led,4,False,3,False,n/a,0,54,1
MNB-03996,Chickamauga Branch,Chickamauga,Walker County,GA,30707,34.85694,-85.34038,full_service,2560,1996,leased,triple_net,bank,landlord_submeter,rtu_gas_heat,natural_gas,2006,R-22,led,3,False,1,False,n/a,0,46,2
MNB-03997,Zeigler Branch,Zeigler,Franklin County,IL,62999,37.91122,-89.03728,full_service,4950,2017,leased,full_gross,landlord,landlord_submeter,heat_pump,electricity,2017,R-410A,led,1,False,1,True,diesel,0,42,3
MNB-03998,Morriston Branch,Morriston,Levy County,FL,32668,29.27765,-82.47585,full_service,3460,2012,owned,n/a,bank,landlord_submeter,heat_pump,electricity,2021,R-410A,fluorescent,3,False,1,False,n/a,0,49,1
MNB-03999,Quemado Branch,Quemado,Maverick County,TX,78877,28.92303,-100.58088,full_service,5220,1987,leased,full_gross,landlord,shared_unmetered,rtu_electric_heat,electricity,2017,R-410A,led,1,False,2,False,n/a,0,47,3
MNB-04000,Myrtle Beach Branch #2,Myrtle Beach,Horry County,SC,29572,33.74697,-78.81265,full_service,4180,1953,owned,n/a,bank,direct_utility_meter,heat_pump,electricity,2017,R-410A,led,4,True,2,True,diesel,0,49,1
